Protein.Group	Protein.Names	Genes	First.Protein.Description	D:\MassSpecData\2024\Nov24\TessZFEyeProt\241010kw_TessZFEyeProt_D1_S1-A9_1_22178.d	D:\MassSpecData\2024\Nov24\TessZFEyeProt\241010kw_TessZFEyeProt_D1_S1-A10_1_22179.d	D:\MassSpecData\2024\Nov24\TessZFEyeProt\241010kw_TessZFEyeProt_D2_S1-A11_1_22180.d	D:\MassSpecData\2024\Nov24\TessZFEyeProt\241010kw_TessZFEyeProt_D2_S1-A12_1_22181.d	D:\MassSpecData\2024\Nov24\TessZFEyeProt\241010kw_TessZFEyeProt_D3_S1-B1_1_22182.d	D:\MassSpecData\2024\Nov24\TessZFEyeProt\241010kw_TessZFEyeProt_D3_S1-B2_1_22183.d	D:\MassSpecData\2024\Nov24\TessZFEyeProt\241010kw_TessZFEyeProt_D4_S1-B3_1_22184.d	D:\MassSpecData\2024\Nov24\TessZFEyeProt\241010kw_TessZFEyeProt_D4_S1-B4_1_22185.d	D:\MassSpecData\2024\Nov24\TessZFEyeProt\241010kw_TessZFEyeProt_L1_S1-B1_1_22186.d	D:\MassSpecData\2024\Nov24\TessZFEyeProt\241010kw_TessZFEyeProt_L1_S1-B2_1_22187.d	D:\MassSpecData\2024\Nov24\TessZFEyeProt\241010kw_TessZFEyeProt_L2_S1-B3_1_22188.d	D:\MassSpecData\2024\Nov24\TessZFEyeProt\241010kw_TessZFEyeProt_L2_S1-B4_1_22189.d	D:\MassSpecData\2024\Nov24\TessZFEyeProt\241010kw_TessZFEyeProt_L3_S1-A5_1_22174.d	D:\MassSpecData\2024\Nov24\TessZFEyeProt\241010kw_TessZFEyeProt_L3_S1-A6_1_22175.d	D:\MassSpecData\2024\Nov24\TessZFEyeProt\241010kw_TessZFEyeProt_L4_S1-A7_1_22176.d	D:\MassSpecData\2024\Nov24\TessZFEyeProt\241010kw_TessZFEyeProt_L4_S1-A8_1_22177.d
A0A068F9P7	A0A068F9P7_DANRE	b3glcta		66058.6	63115.2	60600.9	61961	73466.2	76283.9	57018	58739.2	59932.3	55255.9	49324.7	54090.8	59459	58904.8	45659	39520
A0A096X8J7	B3A3_DANRE	Slc4a3		30865	33572.3	29021.5	31350.5	30256.7	32407	30333.7	31168.7	26234.3	28578	29798.4	24698.3	30576.7	31745.1	26602.2	25922.9
A0A097	A0A097_DANRE	tmsb1		372740	379520	314114	291720	293217	298163	273409	279159	270442	252070	337840	318041	290621	293179	454120	474058
A0A0A0MPL5	A0A0A0MPL5_DANRE	fscn1b		66164.8	64684.4	62004	63152.9	63990	61135	64369.8	70599.8	71650.4	71356.8	60569.3	58124.9	55128.7	59052.3	76082.5	79076.5
A0A0B4J1A5	A0A0B4J1A5_DANRE	ewsr1a		213692	218956	206326	221131	228422	218890	233116	231110	176095	215033	240806	240304	243977	252045	204427	208903
A0A0F7C9F3	A0A0F7C9F3_DANRE	iqgap1		37157.7	39843.2	42630.3	44491.9	35356.6	34876.2	27543.5	30727.1	32042.5	26734.1	38822.1	38996.9	30937.7	30924.8	45254.2	51778.3
A0A0G2KDN7	A0A0G2KDN7_DANRE	csdc2b		13873	15635.6	8168.2	7603.62	9236.66	9668.75	8548.12	8244.09	20004.8	22083.5	11699.2	11782	10948.4	11215.5	14118.9	11524.4
A0A0G2KHE4	A0A0G2KHE4_DANRE	cnnm4a		7866.95	10422.6	5767.25	6315.67	9637.02	8156	9930.42	10721.2	5194.92	1903.04			16856.3	16645.2	3753.2	6108.2
A0A0G2KHZ9	A0A0G2KHZ9_DANRE	tlcd3a		51930	69332.5	94234.9	107876	87248.1	112858	70206.2	77757.5	95158.1	120137	55497	55692	49421.1	46350.9	135873	150268
A0A0G2KLD8	A0A0G2KLD8_DANRE	bphl		7460.42	8371.21	9023.83	9597.48	10150.3	11471.9	9201.71	11850.3	11217.8	11778.5	10946.4	10823	13429.9	11069.7	13302.8	16063.7
A0A0G2KLM8	A0A0G2KLM8_DANRE	znf1117		31588.2	24508.9	37497.4	43536.8	37267.4	35137.2	40623.1	38839.8	45452.9		48457.4	49104	28640.2	40069.4	28670.4	28243
A0A0G2KLU8	A0A0G2KLU8_DANRE	slc25a29		61625.6	58171.8	43327.7	40452.5	66538.9	62497.4	50767.1	54185	60589.7	49567.1	61475.8	49769.7	56338.2	57154.2	38592.5	36041.6
A0A0G2KQ62	A0A0G2KQ62_DANRE	fbn2b		35594.9	37992.1	29530	32472.2	51910.5	54634.4	37102	37885.4	40418.2	36680.2	41729.7	42446.7	26478	24879.6	50952.2	57091.9
A0A0G2KQC0	A0A0G2KQC0_DANRE	nectin3a			15389.2	24451.1	27869.3	24184.4	28799	26426.8	18608.5	25903		17604.9	16625.7	13112.2	11130.3	23212.6	26233
A0A0G2KTI4	S12A2_DANRE	slc12a2		81181.4	79305.7	79799.8	77017.8	86710.8	91838.3	88608.1	85924.8	96872	94627.8	80891.2	81918.3	79394.5	82118.1	90738.7	96442.9
A0A0G2KTT4;A0A8M6Z583	A0A0G2KTT4_DANRE;A0A8M6Z583_DANRE	LOC100536187;si:dkey-167k11.5		32510.8	35566.1	30113.1	26106.6	31824.7	35018.8	29625.7	30251.3	31137.5	29407.9	29844.7	29306.4	27956	27139.3	32248.3	30950.4
A0A0G2KUB6	A0A0G2KUB6_DANRE	fj16a03		21738.1	21363.7	37265.8	41160.7	37265.2	42360.3	39579.8	54772	29696.1	21426.9	30444.2	33476.3	19837.6	22706.4	47989.3	50005.6
A0A0G2KYC0	A0A0G2KYC0_DANRE	cpeb4b		38822.3	37911.9	36265.8	37647.2	39497.6	38758.1	42159.2	44634.8	45564.1	41041.9	39784	38760.4	40621	38767.6	35722.6	34667.6
A0A0G2KZ26	A0A0G2KZ26_DANRE	smug1		20894.2	22048.9	30305.1	23096	13737.7	21660	21874.7	25929.1			14460.9	24741.5	17465.5	21882.1		
A0A0G2L033	A0A0G2L033_DANRE	oscp1b		44442.4	36062.4	44313.4	42545.9	43705.1	45811.5	46793.5	49788.2	45340.3	54537.4	54978.7	43708.1	49268.6	46936.3	39949	39088.4
A0A0G2L264	A0A0G2L264_DANRE	rab35a		19505.1	16567.4	19229.9	22985.7	19301.7	17840.7	30309.6	19736.3		20284.4	33199.6	21658.2	30348.8	29093	19307.7	22423.6
A0A0G2L2Q2	A0A0G2L2Q2_DANRE	uqcr10		147963	155148	130532	144903	156681	154630	120102	140223	211990	189200	94960.5	141775	131453	122632	140919	137576
A0A0G2LAU9	A0A0G2LAU9_DANRE	gnaz		39503.3	39434.9	37899	37691.1	39801.1	48909	41778.5	46866.9	65708.3	55467.2	36708.2	33499.8	27006.1	31186.4	52708.6	62100.8
A0A0H2UKW6	A0A0H2UKW6_DANRE	akap8l		174524	174158	187118	182753	185989	186694	183750	182010	155290	173998	179693	172630	181261	183610	185827	192582
A0A0N4STT7	A0A0N4STT7_DANRE	lpar4		28912.8	24425.2	28705.8	29711	19209.2	32501.6	29686.3	30758.7		13938.8	36248.1	37108.4	30983.4	28585.2	18880.3	18628.1
A0A0P0CP42	A0A0P0CP42_DANRE	carmil3		11990.5	12278.1	11097.6	9012.7	14626.4	10218	10373.3	12054.9	10107.4	8469.34	9599.55	9464.07	14606.3	9867.06	9747.54	7070.63
A0A0R4I9D6	A0A0R4I9D6_DANRE	sympk		9569.25	11354	14970.5	15892.4	12619.3	13777.8	13836.3	14621.1	15294.5	15203.7	12546.3	12706.1	9061.9	12715.8	18585	17900.9
A0A0R4I9I2	A0A0R4I9I2_DANRE	cstf2		43462.5	44716.6	55128.8	51250.5	72203	47835.3	57364.2	64788.2	85583.3	43188.8	73774.1	70817.7	52581.8	52600.1	59531.3	44244.4
A0A0R4I9N0	A0A0R4I9N0_DANRE	purab		498290	484888	436916	458492	484196	485052	515434	509379	592751	530566	499823	497372	512061	488198	530850	526286
A0A0R4I9N1	A0A0R4I9N1_DANRE	thbs4a		7084.47		5614.69	12855.4	5680.53	8815.56	12242.9				7876.74	15582.2		14110.7	11896.2	11060.4
A0A0R4I9Q9	A0A0R4I9Q9_DANRE	hcls1		11047.7	8730.89	11674.7	8744.53	17616.3	16203.3	11761.6	9855.28	7757.85	10969.1	16137.6	15203.7	18486.2	17312.9	7868.69	
A0A0R4I9S5	A0A0R4I9S5_DANRE	naa15b		60489.1	62863.5	55841.7	60466.3	62040.1	59395.7	55579.5	59995.6	66791.7	61817	68423.3	60884.9	61972	57303.5	63532.6	61913.7
A0A0R4IAD9	A0A0R4IAD9_DANRE	slc38a3b		91227.5	93905.8	60846.5	72049	58079.9	57713.3	63364.7	59759.2	96153.5	89236.5	54835.9	66093.1	59332.8	62672	80492.4	68820.3
A0A0R4IAE2	A0A0R4IAE2_DANRE	srgap3		15672	17239.4	18085	18975.8	19970.4	17669.7	19207.4	20794.1	14833	24778.5	21400.3	20192.2	14218.6	19351.2	16130.7	17256.7
A0A0R4IAH0	A0A0R4IAH0_DANRE	hdac4		9732.6	12166.9	12028.2		8719.14	10643.5	6627.38		18565.9	13192.2						9632.17
A0A0R4IAS2	A0A0R4IAS2_DANRE	ppl		39640.4	39093		9518.42	7753.38							12959.6			48285.8	46977.7
A0A0R4IAX0	A0A0R4IAX0_DANRE	fnbp1l		36584.7	34063.1	34913.1	39903.2	36089.8	34091.4	30720.2	34737.8	44745.1	27659.3	38631.1	36423.4	27355.6	27812.7	47074.8	49433.4
A0A0R4IAZ9	A0A0R4IAZ9_DANRE	sec24c		46155	48464.7	44043.6	51718.9	44353	53722.3	47497.8	46099.1	59642.5	66045.4	37535.8	43222.2	31376.9	36296.4	59744.2	64536.4
A0A0R4IB13	A0A0R4IB13_DANRE	xrcc5		59258	60042.9	59991.2	58026.2	64653.8	57217.8	77069	69437.9	51082.3	51909.5	73566.6	73361.2	76826.8	69048.3	59428.7	55956.4
A0A0R4IBK5	R213A_DANRE	rnf213a		5681.61	4625.36	4488.39	4082.05	5825.46	4670.85	3636.92	7569.17		2970.01	2302.82	3293.06	6582.45	6030.4	3853.84	4069.69
A0A0R4IBM4	A0A0R4IBM4_DANRE	si:ch73-345f18.3		52695.3	41555.8	33388.8	28735	33153.1	35940.3	30512.8	20534.4			37384.2	55310.1	53698.4	60293.3	39973.3	30776.8
A0A0R4IBS8	A0A0R4IBS8_DANRE	snx7		12250.3	14883.2	16123.6	15726.1	14461.6	11324.8	11696	12557.3		11021.1	11560	9639.65	10474.1	12042	20531	21683.2
A0A0R4IBT0	A0A0R4IBT0_DANRE	sf1		33949.1	32057.1	40419.6	38631.9	37061	43354.5	32600.8	31997	22456.5	41662.2	37361.5	32404.5	27588.2	26753	59191.3	53624.4
A0A0R4IBX9	A0A0R4IBX9_DANRE	hmgn1b		1.78287e+06	1.84469e+06	2.32628e+06	2.41527e+06	1.51158e+06	1.55191e+06	1.74873e+06	1.89548e+06	1.12991e+06	1.37387e+06	1.92611e+06	1.94552e+06	1.37384e+06	1.43641e+06	2.05445e+06	2.09678e+06
A0A0R4IC20	A0A0R4IC20_DANRE	si:ch211-276i12.9		37360	40063.7	51767.5	50594.3	44655.4	44967.6	38521.2	44041	40714.6	43785.4	39025.5	38926.4	36810.9	38707	54497.8	48948.6
A0A0R4IC31	A0A0R4IC31_DANRE	akap12b		83603.8	88151.8	103361	102728	74797.7	79999	69822.5	75424.6	72692.1	82054.7	84097.9	82536.8	64691.1	63052.1	117664	127000
A0A0R4IC35	A0A0R4IC35_DANRE	ogal		15865.7	16951.9	16652.3	18380.4	19215.9	16489.1	18397.6	17014.6	21406.8	18374.1	16070.9	12098.7	16600.5	13691.3	18612.2	20473.5
A0A0R4IC37	CPSF1_DANRE	cpsf1		29349.4	29990	28728.8	26221.7	27170.2	22999.3	28400.4	25802.1	27338.1	17130	32299.1	34059.6	37635	40669.7	23782.4	20204
A0A0R4ICA5	A0A0R4ICA5_DANRE	slc15a4		41688.9	41330	37498.7	39405.1	41801.2	38303.4	39620.3	38232.7	38182.6	31992.4	31405.9	36865.3	48479.3	37461.9	35097.5	27683.2
A0A0R4ICL4	A0A0R4ICL4_DANRE	slco1e1						22764.4	19995.8	18552.2	13520.7	15930.7	22028.3	13008.9	20276.8	17359.5	19959.5		
A0A0R4ICR8	A0A0R4ICR8_DANRE	bsg		553019	532404	488734	488028	555753	532848	571613	550623	556293	544542	629679	648747	565586	562462	512274	549897
A0A0R4ID09	A0A0R4ID09_DANRE	rps6ka3a		239722	229594	235808	241989	240150	231978	243934	246937	287736	223453	234108	235774	235208	254468	237099	241927
A0A0R4ID68	A0A0R4ID68_DANRE	pfklb		210194	225115	240948	243122	230401	235577	230528	234623	244872	246776	204696	209994	233368	236050	249895	288805
A0A0R4ID82	A0A0R4ID82_DANRE	vps33a		8960	8742.47	4535.9	7116.81	4285.93	4974.56	4814.15	4863.1	4534.96	5527.73	8511.56	7592.57	7863.44	7961.33		7018.19
A0A0R4IDA9	A0A0R4IDA9_DANRE	si:ch211-113d22.2		3.3158e+06	3.2409e+06	3.36984e+06	3.37298e+06	3.70922e+06	3.69828e+06	3.34215e+06	3.31404e+06	4.2953e+06	4.23822e+06	3.95573e+06	4.03919e+06	4.33038e+06	4.10954e+06	3.25809e+06	3.21452e+06
A0A0R4IDN5	A0A0R4IDN5_DANRE	snx8b		37742.3	30588.5	29467.4	30259.1	30838.2	26130.2	30070.4	29591.3	16093	20353.8	29694.5	25085	36198.3	31399.3	20847.1	16864
A0A0R4IDY8;U3JAQ6	A0A0R4IDY8_DANRE;U3JAQ6_DANRE	si:ch211-120g10.1;si:ch73-364h19.2		9194.12	9067.83		7122.31	9566.24	7549.55	4787.19	8593.3	7005.58	7261.5			10113		6671.9	9114.79
A0A0R4IE87	A0A0R4IE87_DANRE	mtbl		78607.9	96733.8	105285	102160	90767	87478.4	98193.7	102164	66004.8	88022.9	91103.2	111422	99352.4	97417.1	83049.8	76919.5
A0A0R4IED7	A0A0R4IED7_DANRE	zgc:112334		55564.3	57557	60786.7	56720.5	57172.5	60676.1	63578.4	62891.7	57216.4	55583	58898.6	66275.8	73645.8	73627.6	55078	59942.8
A0A0R4IEQ0	A0A0R4IEQ0_DANRE	gna11a		29208	25580.3	24576.8	30081.7	25861.7	29549.1	26642.5	30080.2	45499.6	38764.1	25396.2	26603	24186.4	22650.7	31964	38969.6
A0A0R4IES7	BLTP1_DANRE	bltp1		22239.1	24511.1	26003.3	21418.8	24348.6	27338.8	26611.5	24186.5	20843.7	28935.4	28875	27380	25341.7	25687.3	22766.5	20531.6
A0A0R4IEW8	ELAV4_DANRE	elavl4		20184.4	28313.7	16728.6	24505.4	25574.3	19427.5	24568.6	18536.8	40083	29064.6	40351.3	30664.1	40325.4	28416.2	28723.8	25315.5
A0A0R4IF19	A0A0R4IF19_DANRE	spink2.5		1133.55		4491.79	6042.83	21317.6	26890.3		2236.34		2452.81	9895.99	13293	5602.99	6347.5	4096.02	2889.14
A0A0R4IFJ1	A0A0R4IFJ1_DANRE	dnajc7		13266.1	12596.5	15309.3	13331.9	16563.9	15309.5	13801.3	16724.1	6102.19	13897.7	14451.5	15934.7	10644.6	10340.6	12169.1	16368.5
A0A0R4IFJ4	A0A0R4IFJ4_DANRE	pcxa		498358	508666	419259	411739	350825	359842	374939	378374	422622	421345	348307	330449	425878	428604	493624	552856
A0A0R4IFJ7	A0A0R4IFJ7_DANRE	ckmt2a		5.14765e+06	5.32729e+06	4.51051e+06	4.39982e+06	4.86578e+06	4.90566e+06	4.76165e+06	4.84417e+06	5.82921e+06	5.08735e+06	5.03375e+06	4.82067e+06	5.102e+06	5.21334e+06	4.9989e+06	5.31703e+06
A0A0R4IG09	A0A0R4IG09_DANRE	eif4h		233642	227964	261416	253929	244838	235062	244153	240352	233353	253205	237838	244703	241111	253064	296228	307719
A0A0R4IGD1;F1QSI6	A0A0R4IGD1_DANRE;F1QSI6_DANRE	ssbp4;zgc:110158		23284.6	28415.7	33281.6	34724.4	30991.9	34621	36459.5	29362.5	22983.5	32531.7	32922.4	29842.8	34783	30922.6	28241	30666.8
A0A0R4IGE1	A0A0R4IGE1_DANRE	si:ch211-207b24.4			7746.75	6691.02								10003.3	12916.5	11529.2		14223.3	13118.2
A0A0R4IGE6	A0A0R4IGE6_DANRE	sh3gl1b		32897.4	46736.7	38529.2	30436.3	18921.7	25038.9	13448.9	20324.3		45328.3	44736.8	43312.9	56089.7	52011.2	47090.9	43444.5
A0A0R4IGF8	A0A0R4IGF8_DANRE	ly6pge		149314	150546	150967	164409	164441	196332	258000	274000	154424	161564	71011.5	82402.9	100292	92418	176939	246462
A0A0R4IGK4	A0A0R4IGK4_DANRE	stom		68853.2	57809.7	64737.9	82479.1	69018.9	78698.5	67425.2	73962.9	77131.3	76072.6	68637.6	79286.3	35790.3	32153.3	101783	122014
A0A0R4IGP6	A0A0R4IGP6_DANRE	pkma		2.34231e+06	2.34613e+06	2.22308e+06	2.25072e+06	2.18783e+06	2.16791e+06	2.05901e+06	2.14931e+06	2.67157e+06	2.52337e+06	2.2469e+06	2.1234e+06	2.11575e+06	2.19039e+06	2.74297e+06	3.20581e+06
A0A0R4IGS2	A0A0R4IGS2_DANRE	si:ch73-55i23.1		49858.4	52476.4	67761.3	72970	52021.3	55959.7	39998.3	38245.8	34623.7	32222.5	60933.8	59927.9	50861.7	57612.9	108793	122702
A0A0R4IGT8	A0A0R4IGT8_DANRE	magi3a		2691.11	6021.81	7970.86	8442.27	8722.36	6339.13	3719.35	4686.29	10572.3	8612.47		7542.58			8236.01	11704.8
A0A0R4IGU0	A0A0R4IGU0_DANRE	cnn1b		13077.3	15611.3	5918.65	9192.23	11575.9	13405.7	7866.2	11108.5	7759.96	8226.66	11241	8860.72	11324.8	8497.83	7434.81	7504.98
A0A0R4IH35	A0A0R4IH35_DANRE	mccc1		121687	114581	114264	107996	103926	99452.7	91214.5	90266.4	150389	129655	88173.2	90754.3	112822	108279	99617.7	116430
A0A0R4IH79	A0A0R4IH79_DANRE	lonp1		99819.1	98182.5	84694.7	83998.9	82913.5	75136	81262.2	79409	78393.4	85552	86848.9	89738.6	89261.8	88240.2	79125.7	75529.5
A0A0R4IHF0	A0A0R4IHF0_DANRE	pacsin2		29126	33166.2	27940.3	29677.4	33044.3	22614.4	34694.5	30852.5	18157.5	23871.6	33059.6	31782.4	27391.5	26223.3	28130.7	28070.8
A0A0R4IHM6	A0A0R4IHM6_DANRE	gng12b		22652.4	25172.8	29273.7	30300	33465.3	33500.4	24737.4	23876		24140.5	26548.8	29431.6	28707.6	30415.9	18885.4	24998.5
A0A0R4IHR0	A0A0R4IHR0_DANRE	bpnt1		80698.2	81321.3	74671.3	69318.1	71081.2	69148.3	77314.8	82799.4	59512.5	62785.1	82368.5	75730.7	88746.4	86805.4	69279.7	69317.7
A0A0R4IHX8	A0A0R4IHX8_DANRE	sat2b		16351.8	13447.4	10817.4	6542.19	7888.44	8137.06	13107.5	16736.7	4050.6	8464.75	9250.33	8942.05	15282.1	15042.4	8790.71	12792.4
A0A0R4II06	A0A0R4II06_DANRE	lgals4		13415.5	10811.6	7377.77							12035.9		10454.4			25946.6	23701.3
A0A0R4II16	A0A0R4II16_DANRE	psmf1		46916.5	46552.1	45290.5	41466.9	41941.4	43188.4	44140.7	51072.2	56925	43425.7	47839.2	40707.7	40798.8	45742.8	55915.2	75303.9
A0A0R4IIB7	A0A0R4IIB7_DANRE	aldh5a1		134480	130072	101389	91211.4	112609	111061	120209	115671	155188	139356	129727	124933	128101	129272	122077	128052
A0A0R4IJ75	A0A0R4IJ75_DANRE	ints1			12810.8	24270.7		28483		18137.8	21595.1		39219.7				9068.56	28308.8	
A0A0R4IJC7	A0A0R4IJC7_DANRE	yme1l1b		14127.8				13028.6	16461.6			25547	10570.6	28895.6	23043.4	24273.9	21377.4	15283.9	18686.3
A0A0R4IJL2	A0A0R4IJL2_DANRE	naga		4176.3	5372.66		4105.36	3895.06	6407.5	5421.89	4679.31		7151.57			3123.86		7405.6	10906
A0A0R4IJL5	A0A0R4IJL5_DANRE	mboat2b		16075.6	18904.6	13926.3	20666.6	15284	17398.3	12921.5	19969	17408.2	27063.3	11077.8	11613.2	8708.62	9247.51	25877.5	30108.5
A0A0R4IJT8	A0A0R4IJT8_DANRE	cct8		197242	200241	222988	222474	211827	217473	212203	225417	232793	251280	211780	204958	199333	201245	247641	275032
A0A0R4IJU5	A0A0R4IJU5_DANRE	syn2b		391343	377278	356593	363600	360728	384104	332900	329934	482077	414111	370781	361975	350587	331881	522294	543841
A0A0R4IK06	A0A0R4IK06_DANRE	ankfy1		56904.5	50395	45823.9	51792	49601.5	54977.3	53641.3	51045.3	63222.6	52212.3	60055.1	55077.1	55351.1	47276.8	47137.4	55135.2
A0A0R4IK07	A0A0R4IK07_DANRE	tsnare1		59487.2	54039.2	53457.4	55122.6	54313	52412.9	55733.3	55199	65538.6	55018.3	51707.6	49932.2	57955	61184.4	56527.6	65140.4
A0A0R4IK63	A0A0R4IK63_DANRE	map3k4			4179.39	7045.28	3677.82	4230.71	5183.32	4560.24	4708.88		5217.17	7928.71	5719.28	3925.61	5628.56		3277.33
A0A0R4IKE0	A0A0R4IKE0_DANRE	casq1a		3236.23				10789.3	14589						2125.44			48523.1	47247.7
A0A0R4IKF0	A0A0R4IKF0_DANRE	apoa1b		4.12666e+06	4.12481e+06	2.4255e+06	2.5253e+06	2.38955e+06	2.43256e+06	2.27171e+06	2.29412e+06	2.6369e+06	2.48837e+06	2.85307e+06	2.68409e+06	2.56025e+06	2.57079e+06	2.91429e+06	3.29507e+06
A0A0R4IKF9	A0A0R4IKF9_DANRE	tmem63ba		48445.1	52401.3	55677.8	56455.4	57050.5	51651.6	53341.5	55847.7	41012.7	43602.8	58732.9	56478.9	75527.9	74329.2	42202.6	49653.7
A0A0R4IKJ1	CAPAM_DANRE	pcif1		23328.5	28309.5	27865.6	26632.3	31309.8	28724.3	33104.1	31481.1	22103.6	25120.2	31667.9	34471	27708	31281.8	25190.6	28325.5
A0A0R4IKQ6	A0A0R4IKQ6_DANRE	cd248a		15261.9	11153.2	16044.4	11423.3	10549	12039.1	15551.7	13217.1			11754.3	15068.4		17782.9		
A0A0R4IKR8	A0A0R4IKR8_DANRE	hip1rb		29468.7	27037	27337.2	23942.2	28074.9	27154.6	27819.8	24453.4	39942.1	27409	28502	29152.2	26514.2	25029.2	23164	21900.1
A0A0R4IKU3	RECK_DANRE	reck		14347.6	14530.7	14371.3	16867.2	10722.3	13807.5	9858.7	8654.09	9201.51	10607	10702.6	11461.5	9195.24	8877.44	16216.8	13852.8
A0A0R4IL08	A0A0R4IL08_DANRE	si:ch73-173h19.3		17838.3	19012.8	7277.8	10531.4		8521.64	16643.5	13521			10650.8		11503.9	12421.7	9527.83	12555
A0A0R4IL29	A0A0R4IL29_DANRE	calr3b		160605	148624	173671	176107	196497	195113	189794	177078	155830	157962	186839	191267	198986	202864	163518	161848
A0A0R4IL71	A0A0R4IL71_DANRE	ide		75370.9	67464.8	57031.2	52968.4	64749.8	73432.5	62126.1	56345.5	74906.5	64372.8	70454.9	72114.4	65542.8	70470	58407.7	57782.8
A0A0R4ILA8	A0A0R4ILA8_DANRE	psmc3		126531	121240	133402	133524	123994	120922	109090	122248	132826	164213	159796	155039	143969	143679	154970	161730
A0A0R4ILB2	FLC2A_DANRE	flvcr2a		20164.5	22949.4	24790.2	23149.6	17496.3	15226.9	19876	18738.1	22306.3	24509.1	12437.5	12420.5	15376.7	11828.1	22314.5	14811.6
A0A0R4ILD9	A0A0R4ILD9_DANRE	eif2b1		21433.3	19826.3	21181.4	20161.1	21848.8	21528.4	24574.1	21302.4	21088.6	19020.6	26626.5	22990.7	29081.4	25849.3	18571.7	15074.7
A0A0R4ILJ8	A0A0R4ILJ8_DANRE	glrx2		40099	37226.2	40591.2	39944.4	35833	38831.7	31789.5	35220	50518.2	46144.1	35115.6	29173.7	43400.9	39769.7	41886.2	41881.9
A0A0R4ILN1	A0A0R4ILN1_DANRE	cc2d1b		9227.33	11637.4	18565.6	18303.6	14165.1	19327.4	11046.1	17734.7		15242	5483.73	7307.41	6476.99	6096.35	22458.7	24715.2
A0A0R4IM59	A0A0R4IM59_DANRE	si:dkey-22o22.2		19393.6	14340.3	14148.1	11658.1	16429.9	11992.1	12553.3	18810.3	11438.9	7382.61	10859.6	9611.85	19099.7	20470.1	10244.7	
A0A0R4IM99	A0A0R4IM99_DANRE	tpm2		128137	134195	132326	135158	133107	140396	100593	98345.6	90188.8	93380.1	124598	120311	99869.7	100533	265220	278299
A0A0R4IMB2	A0A0R4IMB2_DANRE	c3a.6			6839.14	16169.9	14568.1	9415.79	10550.1	8499.56	8190.55	3328.85		11151.3	9997.48	10845.7	13475.5	10041.1	18665.4
A0A0R4IMF6	A0A0R4IMF6_DANRE	eif4ba		42693.2	46623.3	44497.2	45594.8	48092.8	41939.2	44654.9	40257.5	34176.7	32459.9	45916.9	31848.5	56656.7	53003.1	40578.2	39134.9
A0A0R4IML0	A0A0R4IML0_DANRE	capgb		90304.2	87599	87979.3	91274	92308	96051.3	84175.6	77305.9	60258.9	72202.7	99907.4	110546	83046	83950.4	121513	131822
A0A0R4IMP0	A0A0R4IMP0_DANRE	u2af2b		101493	105617	125210	126030	121955	122957	110833	112878	91758.3	118827	121055	106974	116622	122184	156376	128948
A0A0R4IMR9	A0A0R4IMR9_DANRE	fam49a				11289.5	13886.7	11088.2	15109.3		14490.9		29102.1					29336.5	42833.1
A0A0R4IMS9	A0A0R4IMS9_DANRE	polr2a		67853.9	67293.6	72332.1	78653.1	74699.7	79112	75099	72966	80749.6	72148.4	78540.3	81022.3	76490.4	81510.6	76877	79109.7
A0A0R4IMZ8	A0A0R4IMZ8_DANRE	kpnb1		105434	108273	111233	111271	112736	114231	102725	108341	117924	118608	104403	106259	112084	112596	134569	139051
A0A0R4IN12	A0A0R4IN12_DANRE	spink2.4					3568.86	12605.2	13037.3					7779.9		12846.9	14185.3		
A0A0R4IN59	A0A0R4IN59_DANRE	si:ch73-281k2.5		16120.8	16421	32327.8	34667.7	14673.5	12269	29405.8	28576	15322.8	12142.6	18134.9	15172.2	18133.3	18701.8	33579.8	38490.3
A0A0R4IN78	A0A0R4IN78_DANRE	stk24b		41808.3	40263.8	31501.4	31806.6	32799.1	32076.6	31356.8	24874.4	25669.9	26231.7	24413.3	27294.3	49534.9	47760.6	31272.2	28553.2
A0A0R4IN87	A0A0R4IN87_DANRE	gatad2ab		59835.4	64470.9	70952.1	74561.7	68833.8	76446.8	73450.4	77285.5	68509.3	71665.8	69490.4	67999.7	59830.3	61764.8	75210.1	65960.3
A0A0R4INF0	A0A0R4INF0_DANRE	zbtb4		10403.5	10753.8	9611.54	10736.2	9853.54	9491.92	10926.9	11719.3	18083.2	7104.98	12613.8	10722.3	11521.7	11388.9	8812.84	10766.2
A0A0R4ING6	A0A0R4ING6_DANRE	camlg		54506.4	62093	72123.7	75085	67987.2	68329.6	47816.1	53172.5	76150.6	68477.8	40068.4	39673.9	40800.8	42680.2	50465.4	50657.7
A0A0R4INK2	A0A0R4INK2_DANRE	uap1		59142.4	61350.9	49241.3	54154.2	51763.7	54222.6	62580.8	52112.1	63824.5	68221.3	46582.5	51162.6	56506.3	45682.7	48282.3	63196.3
A0A0R4IP12	A0A0R4IP12_DANRE	pds5b		98536.4	93529.3	93825.9	92772.3	96654.8	90412.2	104822	102053	78215.9	84235.3	107449	110044	115037	108883	86117.5	84401.5
A0A0R4IP89	A0A0R4IP89_DANRE	si:ch211-207l14.1		53044.5	54355.4	66429	58508.9	61965.5	63420	63824.8	65308	56951.2	52843.5	52259	62415	68402.7	77823.3	57764.6	63954.9
A0A0R4IPL1	A0A0R4IPL1_DANRE	pfn2b		247687	244329	270895	294041	267284	289742	251174	251955	317707	365518	203369	200515	214476	226235	381705	353850
A0A0R4IPR8	A0A0R4IPR8_DANRE	git1		41226.5	40369.3	40497.7	44195.6	39014.8	41239.5	38691.8	36682.4	40418.5	43579.6	44738.7	46051.4	43127.9	45843.4	49951.2	49564.4
A0A0R4IPV5	A0A0R4IPV5_DANRE	p4hb		293820	290349	295786	298756	290510	296550	295472	315605	405416	359099	252382	248470	264752	261719	381964	404475
A0A0R4IPW5	A0A0R4IPW5_DANRE	LOC100334697		6065.53			3555.56	5176.91	4205.05	5648.86	5922.48	4017.72		17755.8	6380.03	10742.8	9621.05	4206.29	2974.49
A0A0R4IQ22	A0A0R4IQ22_DANRE	LOC100007488				13383.3	14642.6								8644.67				
A0A0R4IQ55	A0A0R4IQ55_DANRE	hmbsa		23339.1	19722.7	24654.3	20238.3	21051.2	14074.5	19602.6	21332	8165.43	13678.6	27769.7	22547.5	26875.2	32505	20945.5	22299.5
A0A0R4IQI6;A0A8M9PBY7	A0A0R4IQI6_DANRE;A0A8M9PBY7_DANRE	LOC110439001;si:ch211-11n16.2		8084.71	10779	6899.27	8106.86	8887.01	8350.55	6082.43	6380.91	5422.48	6101.57	9184.18	15860.5	10678.9	11893.7	7875.18	7327.23
A0A0R4IQM9	A0A0R4IQM9_DANRE	stxbp1a		1.35467e+06	1.40876e+06	1.37663e+06	1.39083e+06	1.3363e+06	1.41597e+06	1.3499e+06	1.45861e+06	1.49111e+06	1.60962e+06	1.43844e+06	1.4238e+06	1.3033e+06	1.33992e+06	1.53337e+06	1.60789e+06
A0A0R4IQN0	A0A0R4IQN0_DANRE	ncbp2as2		11840.4	11291.5	11804.4	8521.38	8602.66	8744.85	12863.1	10433.2	10186.6	8012.01	7340.23	9101.61	11411.4	9191.59	7210.38	6324.71
A0A0R4IQS8	A0A0R4IQS8_DANRE	atp2a2b		44815.8	52307.9	52552.5	56501.8	53898.8	46584.8	45693.8	52413	63628.9	57269	46763.9	45507.8	40788.6	42124.5	69557.5	72405.6
A0A0R4IQW1	A0A0R4IQW1_DANRE	si:ch211-276i12.4		27108.3	25161	20680.3	23333.7	22523.8	23207.6	25389.5	16828.8	18356.2	19627	24301.2	26950.3	29919.9	27740.3	25138.8	16321.5
A0A0R4IQW8	A0A0R4IQW8_DANRE	ssbp2b		16666.9	24457	23070.1	19405.8	20922.9	23513	12809.4	17274.5		19509.5	23427.5	19900.3	15907.4	20972.3	18145.3	15871.9
A0A0R4IRB0	A0A0R4IRB0_DANRE	fa19b12		6069.75	6775.95	7840.93	9986.97	7735.66	8843.29	9086.45	6473.59	6204.09	9036.5	9172.72	8803.05	8669.19	10551.4	8097.01	9808.84
A0A0R4IRJ2	A0A0R4IRJ2_DANRE	ppa2		71435.7	69965	76926.7	77929.2	71434.7	73065.5	69600.4	73408.2	68756.6	72259.5	61883.3	67149.3	78993.9	78823.4	89647	104015
A0A0R4IRS1	A0A0R4IRS1_DANRE	ap1m1		129286	123653	133316	129789	112285	109190	121703	120709	126819	103431	135636	144657	128720	136806	114919	109516
A0A0R4IRS4	A0A0R4IRS4_DANRE	pnkp		33818.8	32520	34996.8	39121.8	30231.1	32472.7	28745.8	35107.9	23374	33915.8	29668.5	27827.8	20900.4	27487.7	35735.9	42309.5
A0A0R4IRW0	A0A0R4IRW0_DANRE	LOC100334297		81315.1	71577.4	66569.7	68807.5	69054.2	68041.8	74708.2	72806.5	105211	80353.9	73180.8	82134.9	80252.5	75972.4	61676.8	55291.3
A0A0R4IS47	A0A0R4IS47_DANRE	si:ch73-233f7.3		28335.9	30791.5	20480.7	23125.1	29098.7	24005.2	26471.8	28035.3	26877.5	24156.6	32183.8	26545	33618.6	26505.1	25611.5	23661.3
A0A0R4IS70	A0A0R4IS70_DANRE	purba		475238	475063	456373	451249	513380	484250	517836	469242	475712	490570	533120	501502	567556	547267	447321	433554
A0A0R4IS83	A0A0R4IS83_DANRE	postnb		58493.3	54126.3	16176.4		19919	15699.2	14180.9	17131.4	13496.9		26566.8	19554.7		17477.4	333925	345875
A0A0R4ISC3	A0A0R4ISC3_DANRE	map1sa		44814.4	43767.9	41726	42135.6	38824.4	39260.6	42477.9	40777.4	31435	33701.8	48206.8	47483	40113.8	40379.7	36288.9	37020.5
A0A0R4ISJ3	A0A0R4ISJ3_DANRE	xrn2		59846.5	53056.1	57765.1	58306.6	61568.9	60783.4	63556.2	59934	63494.2	55575.9	66422	66081.7	66380	69020.3	61301.9	64438.4
A0A0R4ISV1	A0A0R4ISV1_DANRE	heatr5b		23613.7	21301.9	19781.9	18340.8	20022.9	18694	20323	19340.6	15829.2	17853.3	20527.6	21702.2	25703.9	23050	18028.1	17726.7
A0A0R4ISY9	A0A0R4ISY9_DANRE	gga3b		18923.5	19123.8	18941.3	19630.2	16885	18317.5	19976.2	17392.7	22148.1	18032	17788.4	20926.7	24046.7	18482.8	12568.4	9650.21
A0A0R4IT09	A0A0R4IT09_DANRE	pdha1a		1.2124e+06	1.37157e+06	1.09617e+06	1.15174e+06	993204	1.06828e+06	901370	1.04348e+06	1.36326e+06	1.59126e+06	1.03399e+06	1.02154e+06	918762	954126	1.42029e+06	1.49036e+06
A0A0R4IT13	A0A0R4IT13_DANRE	si:ch211-244c8.4		14701.2	10551.7	21029.2	19905.7	25828.4	22570.2	26912.7	25758.9	23407.4	26072.7	15326.6	17299.2	15598.1	17278.1	23987.9	24021.4
A0A0R4ITC5	TRRAP_DANRE	trrap		13610.4	15992.1	13937.9	13109.9	14892.1	15377.4	14821.3	11744.4	9330.92	11863.8	19494.1	16467.3	20218.8	20480.2	11956.7	11176.6
A0A0R4ITH7	A0A0R4ITH7_DANRE	pargl		5241.05		6879.49		10914.3	8760.65	8313.55	6850.02		6211.65	8269.08	5372.58	11983.5	8280.23	8544.13	3458.12
A0A0R4ITL8	A0A0R4ITL8_DANRE	fundc2		213527	216198	210604	213108	229583	213462	194914	191438	263002	220243	232958	228435	224458	214831	199646	187096
A0A0R4ITM8	A0A0R4ITM8_DANRE	spink2.10						7378.1	5952.45					3365.61	5686.33	3220.27	4751.76		
A0A0R4ITN2	A0A0R4ITN2_DANRE	gc		25339.8	26500.6	39664.1	38146.6	25292.9	27880.1	25483.5	26164.8	25515.9	26171.4	37311.7	39343.4	29416.2	23630.2	46176.1	53196.1
A0A0R4ITP2	A0A0R4ITP2_DANRE	atxn3		60467.7	52468.3	56502.4	53555.4	56221.5	55619.1	66701.2	66288	48246.4	61241.4	59580.3	56507	69920.6	68506.9	53752	49504.5
A0A0R4ITS5	A0A0R4ITS5_DANRE	dyrk2									17788.4	17425.6				20342.6			
A0A0R4IU57	A0A0R4IU57_DANRE	cabp2a		26308.6	19435.2	22532.3	22681.1	18668	19369.6	22338.4	20292.8	26393.6	28840.9	27542.4	31765.9			23794	21527.7
A0A0R4IUB6	A0A0R4IUB6_DANRE	epn1a		84663.3	79762.7	81068.9	73556.1	69681.9	67143.7	77081.8	66066.6	98782.5	79531.5	97700.7	85801.4	90383.1	88673.7	84862.6	74945.4
A0A0R4IUF0	A0A0R4IUF0_DANRE	top2a					27604									34071.3			
A0A0R4IUJ5	A0A0R4IUJ5_DANRE	nagk		81169.9	78701.2	64146.1	61956.6	67797.1	66511.1	77903.3	71808.6	69518.5	72944	100375	97671.8	78259.9	76244.7	76885.4	74561.2
A0A0R4IUL0	A0A0R4IUL0_DANRE	fkbp15b		59290.6	60107.4	66237.6	66111.4	69814.5	71620.4	72159.2	70449.4	65918.8	62786.9	76598	65557.1	72191.9	78314.9	60967.6	64700.3
A0A0R4IUU4	A0A0R4IUU4_DANRE	si:ch1073-205c8.4		33377.7	43103.8	40385.1	36209.8	45505.5	41328	48832.2	45775.8	39297.4	31093.3	40997	37925.4	35529.3	39070.6	47064.3	40580.3
A0A0R4IV61	A0A0R4IV61_DANRE	btbd17a		56992.3	53708.8	52689.5	59946.7	61520.2	54635.6	65398.1	49311.8	140034	94451.9	76866.7	78585.9	69003	76621.3	74561.5	87439.4
A0A0R4IVA0	A0A0R4IVA0_DANRE	s100w		122363	117519	33375.1	37981.9	25502.7	24072.2	24982.3	22868.8		9926.58	22510	27352.7	17584.8	21344.7	175388	179734
A0A0R4IVC8	A0A0R4IVC8_DANRE	cox5ab		148834	200538	281407	323731	265897	357845	242007	384111	92972.2	417191	198763	241324	175963	171190	327791	356846
A0A0R4IVE2	A0A0R4IVE2_DANRE	usp10		43164.6	39960.1	32422.6	36179.3	35189.2	35404.4	40253.6	42751.5	31940.2	44285.3	44782.4	44647.8	53425.4	53600.4	32726.6	34411.6
A0A0R4IVJ0	A0A0R4IVJ0_DANRE	ogt.1		71907.3	69694.8	74832	82901.2	74912.7	72881.8	65931.2	81243.6	97515	77262.2	71617.5	77697.1	70751.4	72653.3	88611	92791.2
A0A0R4IVM1	A0A0R4IVM1_DANRE	lsm14ab		76098.2	72274.3	73733.5	67656	73863.5	68763.1	79356.4	70060.8	81703.6	69869.2	81217.1	73053.1	86536.7	72296.6	71773.4	66784.1
A0A0R4IVN1	A0A0R4IVN1_DANRE	cetn2		16413.1	17322.3	19341.9	18352.3	19817.8	17680	20223.7	18334.8	25806.2	20176.6	18325.6	16244.9	23604	21876.8	16857.5	17001.5
A0A0R4IVQ3;A9JRC6	A0A0R4IVQ3_DANRE;A9JRC6_DANRE	sc:d189;si:dkey-151m22.6		116806	119032	109823	118099	117120	131881	118122	115110	148826	155867	93861.1	88391.1	99298.3	88210.6	121037	131566
A0A0R4IVY2	A0A0R4IVY2_DANRE	igf2bp2b		35301.1	40564.5	51547.6	56664.2	42164.7	49776.7	47010.8	49556.5	30422.9	50969.2	39657.1	38314.9	47396	40730.1	55527.3	56322.1
A0A0R4IVZ0	A0A0R4IVZ0_DANRE	nup153		38786.3	37787.6	46096.7	47196.4	41585.8	46121.5	38490.1	47353.6	48664	43986.4	38742.3	43953.6	41206.1	35514.5	50119.4	46520.3
A0A0R4IW50	A0A0R4IW50_DANRE	spink2.7		4105.21	5678.59	9442.42	8541.99	21190.5	19384		2968.37			13795.4	16093.1	11313.3	17432.3	7835.46	4002.36
A0A0R4IWL6	A0A0R4IWL6_DANRE	pum1		52184.1	55544.7	41918.6	40473.3	55996.1	56715.2	69876.1	72787.1	75700.2	53528.2	62195.6	62940	66417.9	72231.2	48379.2	36564.2
A0A0R4IWN8	A0A0R4IWN8_DANRE	hmgn1a		537326	557166	645561	650653	655285	646034	593365	640253	608915	563349	623840	639551	611103	631186	626850	638852
A0A0R4IWU8	A0A0R4IWU8_DANRE	si:dkey-73n8.3		19247.3	25311.4	7000.02	17001.5	8297.63		9810.85	7046.18	14842.5	15361.3		8074.05		12383.6		
A0A0R4IWW7	A0A0R4IWW7_DANRE	thrap3b		55046.7	51083.4	53081.6	56301.1	63232.5	61328	56240.9	60421.5	35052.6	65515.6	48414.7	57039.1	49446.3	41442.1	66255.9	70299.6
A0A0R4IX64	A0A0R4IX64_DANRE	lratb.1		30476	27859	31624.7	31888.6	28820.3	24827.2	24349.9	27861.6	21757.2	23832.7	24102.1	26659.9	27801.5	22765.7	30009.3	28225
A0A0R4IXA1	A0A0R4IXA1_DANRE	fbxo11a		7403.1	6526.03	6139.04	4563.37		6001.02	7502.71	7306.27			9896.5	11100.6	10092.7	10434.9	7519.65	
A0A0R4IXA9	A0A0R4IXA9_DANRE	cap2		32321.9	30924.7	18999.8	17661.3	25845.2	26250.3	37572.4	28622.4	67539.6	31958.6	42247.4	30505.9	34233.8	38988	18170.4	14940.5
A0A0R4IXC4	A0A0R4IXC4_DANRE	si:ch211-167b20.8		4417.67	6396.42	6011.87	8355.7	6467.05	7038.51		7154.25	6085.09	9885.68	4813.76	4673.82	4013.24	4121.11		9009.19
A0A0R4IXC8	A0A0R4IXC8_DANRE	tubb6		125411	109666	64763.3	98122.4	79390.2	59615.3	106847	107892	170106	59783.5	82243.8	88276.4	69005.2	64331.8	163049	175349
A0A0R4IXD9	A0A0R4IXD9_DANRE	tbcd		39880	43826.7	38896.3	38636.4	39232.6	38596.4	38082.3	41472.5	39021.2	35592.8	38068.7	39851.4	39122.4	36882.9	40435	40685.9
A0A0R4IXF5	A0A0R4IXF5_DANRE	zgc:92161		45320.7	40835.6	49719.6	46550.5	46855.5	44641.4	43076.4	43374.6	41548.1	43036.5	42663.6	45055.7	45868.5	44858.7	65337.9	64112.9
A0A0R4IXG2	A0A0R4IXG2_DANRE	aplp1		23330.2	16517			13920.4	17483.7	20672.8	14337.3		22022.7			18473.2		28576.1	31255.4
A0A0R4IY33	A0A0R4IY33_DANRE	tom1		9528.97	7120.28	10681.9	10038	11118.1	11718.8	12749.4	10629.8	12448.9	12505.7	9042.17	10448.1	8133.5	6023.8	9363.18	10668
A0A0R4IY94	A0A0R4IY94_DANRE	rtbdn		112081	125591	99355.5	112221	108666	125358	106658	144719	150991	146588	78183.4	87264.1	66992.9	68416.7	137959	155312
A0A0R4IY96	A0A0R4IY96_DANRE	ints5		13042.6	9118.1	10882.9	10226.1	12518.4	10063.2	12648.2	13686.6	8235.74	6720.94	15607.1	11186.5	15020.6	14582.7	6630.44	
A0A0R4IYD3	A0A0R4IYD3_DANRE	wdr47b		21055.4	15797.1	20522.9	17823.1	10845.4	13682.7	20886.4	17726.1	16111	16520.4	22402.1	23640.3	19154.3	18096.7	14426.9	12580.4
A0A0R4IYE4	A0A0R4IYE4_DANRE	rbm26		13617.5	17027.2	15687.4	13939.1	17571.9	16516.9	17764.3	15242	15197.8	13836.7	14912.4	13411.8	14765.5	13313.7	10755.3	13620.1
A0A0R4IZB2	A0A0R4IZB2_DANRE	si:ch211-161c3.5		10626.1	6391.28	5735.88	5378.95	5025.72	5693.39	9251.61	9946.3	5572.62	5719.68	4822.89	8887.99	6215.81	9361.41	5799.9	5112.56
A0A0R4IZD4	A0A0R4IZD4_DANRE	si:dkeyp-72e1.9		25611.4	31345.1	27629.9	23171.9	24335.5	26352.8	29894.2	28188	37574.8	24791.6	25991.3	27083.2	26644.4	26897.1	25930.6	23487.4
A0A0R4IZG6	A0A0R4IZG6_DANRE	ptbp2a		27440.4	29675.1	32836.5	30486.5	32108.7	26063.8	29625.8	31768.6	25445.5	25733.7	30065.1	34832	28554.2	23817.2	28214.1	25912.5
A0A0R4IZJ0	A0A0R4IZJ0_DANRE	cmc4		20415.6	18379.2	13456.8	15105.4	15672	15484.7	11093.8	11503.6	22010.3	29428.5	15218.1	14107	7843.5	9325.21	20653.3	19091.1
A0A0R4IZR5	A0A0R4IZR5_DANRE	stag2b		65408.6	61203.7	59054.8	56238.8	62326.4	55694	57231.5	56263.6	53770.4	47354.4	77637.5	70483.5	65931.1	81851.1	50947.9	56959.7
A0A0R4IZT6	A0A0R4IZT6_DANRE	ppp1cc		49297.2	45425.6	41094.1	43597.3	43896.3	36208.4	35251	42033.7	36969.3	43892	51834	52998.3	56405.8	55701.3	44618.7	48180.7
A0A0S2I7K2	A0A0S2I7K2_DANRE	vclb		139321	128037	169597	170288	131109	130205	96152.3	93604	98852.8	101752	128568	124920	113386	110230	186030	204609
A0A140LFZ1;A0A140LH63	A0A140LFZ1_DANRE;A0A140LH63_DANRE	si:ch73-368j24.11;si:ch73-368j24.12		167276	184317	339135	366017	273011	305832	176496	222764	88184.5	133504	166566	199652	276732	276834	323017	335680
A0A140LG01	A0A140LG01_DANRE	myg1		132875	136662	137979	142246	163272	158528	157432	163623	134599	133922	158358	156495	164681	150654	153477	147068
A0A140LG11	A0A140LG11_DANRE	si:dkey-56m19.5		85967.8	93110.8	84285.2	88675.6	89527.1	97403.3	84850.6	79776.5	92654.5	113177	84208.2	87211.5	69464.7	71659	120909	125053
A0A140LG17;Q6NTI0	A0A140LG17_DANRE;Q6NTI0_DANRE	tsc22d3						50107.1		38874.7		64212.1	51748.1		48339.7			37143.3	
A0A140LG23	A0A140LG23_DANRE	hist2h3ca1		175391	187947	226972	230517			225567	199797			210346	191233	251810	250959	178483	169250
A0A140LG91	A0A140LG91_DANRE	si:ch211-213a13.1		63990.1	62477.5	133401	132358	65085.2	64617.7	58409.5	53676.3	59091	55789.8	64767.6	61207.1	58300.6	60755.7	137279	137545
A0A140LGZ1	A0A140LGZ1_DANRE	histh1l2		19184.6	37572.4	70990.7	75067.5	18262.6	33901.1	17354.2	49475.3		21987.8	31585.1	34752.1	4194.32	12036.8	94423.6	106892
A0A140LH11;A0A140LH24;A0A140LH34	A0A140LH11_DANRE;A0A140LH24_DANRE;A0A140LH34_DANRE	h1l1;si:dkey-23a13.17;si:dkey-23a13.9		6756.55	4123.42	9937.04	8304.69	3891.67	3517.89	5266.17	3834.76			7470.69	8657.19	13175.7	10458.5	4333.73	4825.54
A0A140LH71	A0A140LH71_DANRE	mmel1			19135.5	20912.7	17620.6	29262.8	26563.9	19518	15158.3		27005.3		18324	15642.6			12987.9
A0A140LH96	A0A140LH96_DANRE	si:ch211-113d11.5		6679.6	13109.8	15893	9015.1	7955.83		14904.3	16561.5	5640.08		13331.9	19505.5	17382.2	26674	19559.3	16020.2
A0A1B1LZI1	A0A1B1LZI1_DANRE	ptprga		7095.45	9234	9847.82	8187.05	7946.3	10119.3	9396.63	10609.2		10718	8547.93	9396.51	10191.7	8036.9	7823.52	7552.08
A0A1D5NSF9	A0A1D5NSF9_DANRE	sat2a.1		229295	213389	178617	181031	177104	189057	203440	207576	215478	211424	210014	216346	206739	203332	194616	205047
A0A1D5NSM7	A0A1D5NSM7_DANRE	pde3b		15240.8	11847.5	11275.5	13784	11646.8	11691.5	18002.5	12472.6	22796.7		14464.2	14607.4	14190.7	16011.7	11517	14504.9
A0A1D5NT24	A0A1D5NT24_DANRE	adam10a		48341.8	44463.8	38863.1	41710.2	40795.6	39926.3	33735.6	31601.3	36142.7	38655.5	35825.7	37375.2	34431.8	33728.3	52049	57748.5
A0A1L1QZA5	A0A1L1QZA5_DANRE	si:cabz01066312.1		5570.35	6899.22	7855.78	7207.25	7059.47	7588.72	9227.79	8348.69	9297.1	8041.74	10146.7	9525.47	7596.95	8496.99	5880.4	7163.04
A0A1L6UW63	A0A1L6UW63_DANRE	tpm1		588621	585493	678657	655005	564910	566246	481053	471647	425319	475088	544578	530101	528164	491253	886156	893199
A0A1Z2R986	EGLN_DANRE	eng		9367.89	10208.9	13632	10792.7	9961.79	7505.36	5529.27	5382.42		3480.93	8742.44	9477.37			16032.3	14422.5
A0A286Y804	A0A286Y804_DANRE	ctnnd2a		20755.7	19167.8	28875.2	29712.2	22421.9	20025.9	24088.5	21497.6	15103.8	23464.4	25958.8	28240.2	25034.8	31176.7	25394	30492.3
A0A286Y8A3	A0A286Y8A3_DANRE	sh2b2			3706.79	3990.38	6137.63	4303.52		3946.35	3900.99	7202.06	9501.51					6108.13	8799.24
A0A286Y8E9	A0A286Y8E9_DANRE	xpnpep1		107739	93595.4	101831	103863	107040	101585	109354	100179	106941	97806.2	99669.2	108593	102112	90867.8	101792	107769
A0A286Y8T8	A0A286Y8T8_DANRE	numbl		36326.5	37087.8	36763.9	36953.7	41592.5	46084.1	43831.7	42365.8	52945.6	40045.9	35784.4	47872.5	44442.7	36978.8	36282	40507.3
A0A286Y8U4	A0A286Y8U4_DANRE	ipo11		24039	20383.8	22593.8	24574.8	26074.6	23470.1	27854.7	24255.4	34331	21094	31101.7	27790.1	25853.3	26363.7	21212.9	21114.8
A0A286Y8V3	A0A286Y8V3_DANRE	si:dkey-164f24.2		36749.7	44478.4	48284.6	45623.5	37594.9	41589	37747.8	38963.2	43834.6	48364.8	44930.5	28935.3	22611.2	23831.5	73830.2	102567
A0A286Y8Z4	A0A286Y8Z4_DANRE	LOC110437892		39146.3	54868.8	51938.8	62201.8	50212.6	52963.4	38699.8	44403.3	48733.5	62914.3	38919.9	57346.2	29890.4	44356.4	79283.3	78109.4
A0A286Y931;A0A286YAW5	A0A286Y931_DANRE;A0A286YAW5_DANRE	fam196a;insyn2ab		2007.22	2724.24	3103.62		2470.11	3249.85	1982.44	3310.74		2656.05		3060.93		2327.85		2962.07
A0A286Y962	A0A286Y962_DANRE	kcnd3		15157.8				22351		24656	21664.5		25167.8		44684.7	15585.2	34090.5	32935.7	
A0A286Y9C9	A0A286Y9C9_DANRE	nt5c1aa		59809.7	68370	55718.2	53021.1	81131.4	79018.7	57221.5	55008.1	34872	60517.5	71763.5	71468.1	63853	57548.8	75771.8	78126.7
A0A286Y9F1	A0A286Y9F1_DANRE	cltb		137177	153030	164615	171679	147887	146536	144817	136462	103207	129878	166003	171652	120347	141330	220129	185285
A0A286Y9F3	A0A286Y9F3_DANRE	otos		153282	152396	30450.3	25457.1	27420.4	26204.5	19172.6	22227.8	25108.2	21910.2	27558.8	25748.2	28957.8	22454.1	107123	113292
A0A286Y9Q5	A0A286Y9Q5_DANRE	spag9a		36336.8	31569.4	30852.3	31170.8	34439.7	36530.4	34058.5	32166.6	37208.2	35664	36681.1	36414	35453.6	34900.6	35009.3	34185.1
A0A286Y9Q6	A0A286Y9Q6_DANRE	gria3b		8194.04	8856.19	6992.76	6566	6617.06	9895.76	8262.72	9031.17		12548.8	7794.17	4963.52	6568.14	6670.32	7516.59	7882.62
A0A286Y9X1	A0A286Y9X1_DANRE	gbf1		14636.8	15148	11369.1	10860	12360.4	13804.6	11929.2	15842.5	14188.6	17048.2	14711.7	14197.4	9822.38	10342.1	8523.11	6753.08
A0A286YA30	A0A286YA30_DANRE	atp6ap2		7578.55	7861.39	7619.12	8996.27	12626.3	14337.9	13024.6	13553.4	22386.5	19544.2	6181.52	6828.14		4787.35	11377.7	14984.3
A0A286YA34	A0A286YA34_DANRE	ppp3cca		148879	145688	138236	148260	144078	147391	161605	160949	136306	168090	149595	143381	159346	154821	155759	167728
A0A286YAJ7	A0A286YAJ7_DANRE	abi1b		23775.9	23644.6	26246.4	30795.1	29886.1	25214	29007.7	28681.1	26930.4	24957.9		32465.6	35343.1	29851.6	20729.4	22689.1
A0A286YAM5	A0A286YAM5_DANRE	gria2b				16717.7	21314.3	19421.5	21162.2	12958.6	20152.9	36506.4	29679.8			14151.5		34786.8	39539.3
A0A286YAQ9	A0A286YAQ9_DANRE	cdhr2		16114.3	15816.2	17956.3	14388.5	12561	17315.3	11626.8	13658		8197.36	17929.8	10110.8		9495.9	9417.08	9784.97
A0A286YBI9	A0A286YBI9_DANRE	mrc2											11249.9					18441.5	24551.8
A0A286YBN1	A0A286YBN1_DANRE	prrc2c		78986.8	68703	76697.4	85230.6	81667.4	71603.4	79653	82364.8	89801.8	77556.2	86495.9	80728.2	78513	73413.9	65137.7	82759.6
A0A2I4KBP1	A0A2I4KBP1_DANRE	gan		21879.1	24296.8	14768.2	21250.2	27581.2	23814.9	24558	24294.9		17738.6	19345.4	20035.6	22417.8	17465.9	20061.5	19918.3
A0A2R8PW65	A0A2R8PW65_DANRE	nqo1		85487.3	82691.9	80148.6	75516.6	84195.3	80915.3	84847.8	80124	97810.8	74741.6	72774.7	74376.9	92370.8	87913.7	65118	61164.7
A0A2R8PWA9	A0A2R8PWA9_DANRE	sbf1		40413.9	38042.3	36608.9	35045.5	39684.6	35776.6	35441.6	39043.8	39691.4	36650.2	41498.7	45038.4	39988.3	39889.4	38930.5	34371.8
A0A2R8PWG5	A0A2R8PWG5_DANRE	prpf6		41038.4	42424.3	42242.2	40362.5	43020.2	44534.5	44961.8	44298.5	39899.1	42487.7	40652.2	40353.3	43566.9	36641	38127.3	45326.3
A0A2R8PX08	A0A2R8PX08_DANRE	adgrb1a				2952.89												3444.05	6657.52
A0A2R8PXX5	A0A2R8PXX5_DANRE	prrc2a		39429.4	42875.9	38374.6	40796.6	45967.3	39567.5	47997.3	36694.1	42272.1	34715.7	39043.1	43501.7	47416.5	43304.6	34461	30416.5
A0A2R8PYT0	A0A2R8PYT0_DANRE	rad23b		157802	154096	178316	166414	164618	163130	146891	145473	191129	208034	164673	164190	174403	183551	218443	246342
A0A2R8PYX8	A0A2R8PYX8_DANRE	LOC100334800				27681.2	25430.8	46650.5	42903.5	40312.7	45002.1			39196.6	36159.1	52721.6	49245.1	45493.4	41408
A0A2R8Q0U9	A0A2R8Q0U9_DANRE	timp4.1		25376	20098.1	25705	29375.9	29246.7	24333.3	17478.6	20488.6	19497.3	15869.3	18670.2			17150.4	18692	25123.5
A0A2R8Q1X2	A0A2R8Q1X2_DANRE	eno1a		4.22325e+06	4.38454e+06	4.65202e+06	4.68357e+06	4.76416e+06	5.09368e+06	5.14718e+06	5.1664e+06	5.63412e+06	5.57695e+06	4.43051e+06	4.23399e+06	3.98874e+06	4.1122e+06	5.39374e+06	6.01022e+06
A0A2R8Q2J0	A0A2R8Q2J0_DANRE	npc1		27757.3	22284.9	30786.8	28115.2	31799.2	31000.3	29516.9	33106.2	22928.9	24395.5	25559.1	30248.4	17372.9	17846.4	31221.3	28764.9
A0A2R8Q2S1	A0A2R8Q2S1_DANRE	LOC553528		34000.1	33733.8	28620	26635.4	35930	29891.7	32236.3	30558.7	27555	34002.6	35951.8	37528.4	36524	38706.8	27678	24136.8
A0A2R8Q2T0	A0A2R8Q2T0_DANRE	ptpn6		20742.8	15872.9	21540.7	19015.4	26234.8	25281.6	21932.2	23329.2		10079.5	22514	18787.6	26239.7	21743.5	14255.7	8213.06
A0A2R8Q2V3	A0A2R8Q2V3_DANRE	arhgef25b		7556.31	12321.1	12873.7	11996.4	11233.1	10767.4	10632.4	10013.4	5847.26	8686.11	14293	14463.5	9923.05	10125.6	10016.5	11076.3
A0A2R8Q307	A0A2R8Q307_DANRE	foxj3		7674.71	6914.32	8426.04	8365.54	10893.9	9956.1	9243.5	8966.09		6247.01	11702.9	8643.11	8669.93	8010.12	6971.53	6816.28
A0A2R8Q4J7	A0A2R8Q4J7_DANRE	nap1l4a		284165	273347	262007	279492	286143	262442	309597	291114	239900	241941	280549	282478	309256	313273	275973	276667
A0A2R8Q4Q2	A0A2R8Q4Q2_DANRE	clec3a		83957.7	61556.6														
A0A2R8Q4V0	A0A2R8Q4V0_DANRE	aplp2		33562.6	29197.4	24254.6	25469	30882.6	29026.3	30112.6	26827.2	33445.9	27009.6	30511.8	30068.7	33307.8	34704	31709.4	30671.3
A0A2R8Q586	A0A2R8Q586_DANRE	cmc1		81015	77713.3	108631	89718.5	114698	115778	86744.1	77264.9	87690.9	136949	95074.7	90745.2	119412	106269	107415	103577
A0A2R8Q5A8	A0A2R8Q5A8_DANRE	aqp4		177178	231485	221310	245565	184018	221283	153946	190935	224940	322095	125749	132642	85966.3	69208	279064	258194
A0A2R8Q5H6	A0A2R8Q5H6_DANRE	cox7a2b		14417.8	16786.4	21997.6	18645.7	19951.7	21921.1	19188.2	21591.6	15958.4	14637.1	13770.9	13848.1	13869.3	17777.1	13069.7	15445.8
A0A2R8Q5I2	A0A2R8Q5I2_DANRE	vti1a		84686.7	81815.8	80525.4	85899.2	84301.6	78210.9	91220.1	95906.3	97366.7	95631.9	93004.6	84707.7	78314.7	80882.6	93388.4	90216.6
A0A2R8Q5N9	A0A2R8Q5N9_DANRE	map7d2a		32878.8	27594.6	22971.8	26469.6	29317.6	24213.8	25498.5	21083.4	42864.1	28961.2	33833.8	28026.4	36166.1	36257.5	19215.2	20498.2
A0A2R8Q5P5	A0A2R8Q5P5_DANRE	add3a		87694.7	83498.4	96047.2	94924.4	89656.7	88887.1	90835.5	89951.4	79065.2	82913.9	108329	105186	89296.3	88271.7	106350	109883
A0A2R8Q650	A0A2R8Q650_DANRE	tpm3		93340.2	86903.6	102247	96193.2	90026.2	89528.7	79363.5	81454.2	73633.5	78413.4	75330.5	79242.7	75279.1	80350.2	120793	121388
A0A2R8Q6S0	A0A2R8Q6S0_DANRE	dgkaa		28888.6	23612.2	34749.5	35691.7	29500.9	31946.2	30320	31902	28773.5	29218.7	26070.3	26677.3	30102.6	32929.8	39553.6	40182.6
A0A2R8Q739	A0A2R8Q739_DANRE	zgc:153039		7873	6040.61	11407	11598	5757.08	6217.31	3416.33	7935.12		8899.24	9157.22	7224.24	11369	12113.7	8000.25	8227.26
A0A2R8Q7M1	A0A2R8Q7M1_DANRE	scarb2b		64771.4	69328.9	53209.5	48601.7	40585.3	47401.5	41522.8	40878.5	47502.9	49770.7	70302.3	58779.3	59971	61625.6	40507.4	42445.6
A0A2R8Q8G0	A0A2R8Q8G0_DANRE	fis1		38468.6	36459.4	35850	34265.3	38655.7	37242.6	36591.4	36533.8	48171.3	54866.8	48592.2	42803.9	46496.2	46906.8	37244.4	40434.1
A0A2R8Q8S1	A0A2R8Q8S1_DANRE	kras		45934.6	43851.6	36982.4	37933.5	40314.9	38713.1	41265.3	38457.3	55237.2	48930.6	48247.2	45525.8	44234.2	42023.7	42493.2	38482.2
A0A2R8Q8Y9	A0A2R8Q8Y9_DANRE	septin9b		77270.1	86960	82539.9	84744.3	96053.2	95470	86959.7	93528.5	107968	100436	86958	87641.8	84218.5	83609.8	81356	92707.5
A0A2R8Q9G7	A0A2R8Q9G7_DANRE	myo1cb		36242.3	40096.1	46330.1	41564.7	40388.7	39264.9	33185.4	34290.8	16379.6	34697.5	32517.1	37166.1	25508.4	31489	46830.6	51741
A0A2R8Q9H3	A0A2R8Q9H3_DANRE	smim20		16001.7	19313.1	20259	26896.6	20085.4	24383.5	11946.5	19069.5	20632.5	29897.1	11843.1	11810.4	9724	8722.17	31994.6	32108.4
A0A2R8QAD2	A0A2R8QAD2_DANRE	pkp4		15108.6	19690	16770.1	19515.4	17710.4	18524.6	17479.4	20964.3	23446	33202.7	8832.63	15237.2	8969.36	10058.1	20734.2	27729.1
A0A2R8QAR5	A0A2R8QAR5_DANRE	tmed8		17077	15500.1	15387	16612.9	13908.7	16999.2	21674.2	17558.1	11716.2	17031.8	20069.9	11341.4	15504.8	25949.1	12632.8	11727.7
A0A2R8QB65	A0A2R8QB65_DANRE	lage3		5856.19	4554.73	7492.58	9337.62	7300.96	14010.4	7658.47	5653.88		12096			4357.22		21159.1	38574.1
A0A2R8QB83	A0A2R8QB83_DANRE	btbd17b		574561	657991	540152	575934	571652	633140	583474	726425	506880	871773	601670	610651	609041	580223	765707	844906
A0A2R8QBK0	A0A2R8QBK0_DANRE	lnpep		31362.9	32600.6	34794.2	32869.8	36837.4	33647.1	40421.2	37174.7	35728.8	40322.2	38306.8	38603.7	35688	35644.2	33664.3	29416.1
A0A2R8QCR7	A0A2R8QCR7_DANRE	ptpn23b		23569.4	24235.3	27176.2	23307.4	20951.8	20054.3	26141.7	20939.7	27963.4	16357.3	27293.7	25313.2	24463.3	23478.6	24170.5	23558.2
A0A2R8QDV2	A0A2R8QDV2_DANRE	cst14b.1		117773	117396	105203	101941	109690	99961.6	98129.7	94091.2	115787	95297.8	95884.1	93511.1	75002.4	76633.1	105343	114518
A0A2R8QEJ6	A0A2R8QEJ6_DANRE	gga1		65233	62227.4	74286	73868.8	74171.7	72803.2	68900.6	71960.3	74337.2	80378.9	72447.3	70664.9	71058.5	73192	68120.8	73695.2
A0A2R8QFX4	A0A2R8QFX4_DANRE	mfge8b		7300.57	7860.7	6788.9	5088.32	5008.75	4549.35	5200.69	6178.8	5501.17	7621.04	9674.11	9325.89	10968.1	8105.23	4215.16	7520.92
A0A2R8QGQ2	A0A2R8QGQ2_DANRE	havcr1		3792.34	3256.66	3096.85		9510.27	5591.46	7123.06	4725.88		4707.94	10815.2	7430.56	8178.02	9959.99	2669.66	3233.98
A0A2R8QI61	A0A2R8QI61_DANRE	arl3a		9720.24	4932.25	9161.51	9700.99	8728.21	6187.51	10118.2	7822.14	7006.33	7445.25	10025.2	8780.29	12047.3	4996.24	8299.71	7267.04
A0A2R8QIV0	A0A2R8QIV0_DANRE	elf2b		13063.8	16791.9	14525.6	20857.3	15995.6	17800.8	18314.8	14967.8	18279.3	15372.7	14247.6	13500.7	10040	8729.8	15945.2	18727.6
A0A2R8QIW0	A0A2R8QIW0_DANRE	hdac1		137604	124155	140943	146049	158486	164164	162312	157367	156154	172539	136686	133792	130840	126091	172115	194142
A0A2R8QJG6	A0A2R8QJG6_DANRE	LOC110437736		16714.4	14201.5	9486.73	10221.3	10620.5	10004.2	10982.3	14078.6	16522	9488.75	17930.8	18329.4	17044.8	16798.2	10894.8	9071.22
A0A2R8QJH4	A0A2R8QJH4_DANRE	atp2a3		42637.5	40001.9	36248.3	38644.6	35051.8	32860.7	26866.6	30293.7	59439.5	54964.5	24817.3	26183.2	22896.1	21770.3	40981.5	54984.9
A0A2R8QKE6	A0A2R8QKE6_DANRE	si:cabz01076231.1		9644.36			11431.8		8910.48	10588.3	13359.2	8412.49	17381.2	13111.5	12456.6	11686.2		5231.33	7283.41
A0A2R8QKL9	A0A2R8QKL9_DANRE	tgm1l1		29210.1	30666	29466.6	25595.7	30375.5	31874.8	18955.3	17457.3		12232.9	26632.3	29823.2	31739	27735	32549.4	31924
A0A2R8QKX7	A0A2R8QKX7_DANRE	mospd2		36036.9	26416.5	30108.3	28556.7	32750.5	33032.3	36731.3	31697.4	31584.4	28064.1	32657	33203.5	40756.1	38496.9	28100.2	28460.6
A0A2R8QLH1	A0A2R8QLH1_DANRE	rab41		131122	125968	115104	114877	96264.7	88951.2	112438	105480	122586	132290	138242	118843	111939	115547	120664	134934
A0A2R8QM07	A0A2R8QM07_DANRE	adgrl3.1		15325.7	19076.2	18449.8	21063	20607.9	23318.4	23637.4	16797	22111.4	20895.8	23714	22334.7	21075.8	18819.2	15591.6	21149.9
A0A2R8QMA3	A0A2R8QMA3_DANRE	pdk3a		78942.5	81555.8	49314	55476.4	60129.8	57389.2	69587.8	61909.9	69381.4	66580.9	72939.4	69612.1	74716.5	63844.9	53049.9	58359.8
A0A2R8QMI5	A0A2R8QMI5_DANRE	bin1b		114967	122887	102863	101635	121691	113790	123638	117706	141860	126850	139717	130531	132273	137416	118120	112987
A0A2R8QMP7	A0A2R8QMP7_DANRE	sirt3		63450.6	63872.3	55754.1	58544	63305.9	56754.1	62481	60641.7	58123.4	50815.8	63259.7	60129.5	83425.7	60422.8	54327.9	48706.6
A0A2R8QN30	A0A2R8QN30_DANRE	mpz		1.05787e+06	1.13458e+06	875735	864407	371759	388715	70284.2	87961.9	624004	538512	89687.5	93874.4	85452.2	89939.6	115537	112830
A0A2R8QP51	DPP9_DANRE	dpp9		31195.4	30507.1	40494.2	45076.9	37737.3	36431.8	30422.4	32020.7	43075.5	34065.5	24641.5	24978.4	23524.6	27231.8	44957.2	48180.8
A0A2R8QPB8	A0A2R8QPB8_DANRE	grk3		42904.4	37809.8	38527.5	35874.1	39459.6	37331.4	41599	40068.9	29913.1	41601.4	45982.9	46707	44531.1	40608	40811.9	39056.6
A0A2R8QPC3	A0A2R8QPC3_DANRE	mbd3b		11123.5	12453.7	11925.2	16518.4	15255	15777	19756	15441.3	17095.5	14253.9	13202.1	13039.6	18583.2	16672.1	17306.1	14115.3
A0A2R8QPC9	A0A2R8QPC9_DANRE	idh3b		80331.4	82366.2	71201.3	67654.2	50075.1	56530	58635.6	54902.1	42261.7	37868	36697.3	40592.4	36073.8	37873.6	65749.9	69107
A0A2R8QPJ6	A0A2R8QPJ6_DANRE	plxna2		55577.9	56011.5	46987.7	47876.3	46956.4	46255.9	52025.7	51532.4	40602.8	45558.8	54515.4	53678.8	64065.1	63793.2	50171.7	51107.1
A0A2R8QQ99	A0A2R8QQ99_DANRE	slmapa		34879.5	33638.7	35619.5	35839.8	40257.7	38582.6	39782.7	35589.1	45426.4	43094.1	42420.4	41032.8	39749.3	42179.4	48797.5	51700.7
A0A2R8QQN0	A0A2R8QQN0_DANRE	slc13a5a		19921.2	21545.5	13944.1	13430.9	17067.3	17061.1	19268.1	13811.5		14339	19837	21569.5	23719.6	22361.8	15898.8	15542.4
A0A2R8QRA7	A0A2R8QRA7_DANRE	hnrnph3		64199.2	58138.3	57867.8	51571.6	62433.8	61004.3	59154.1	64256.2	57021.4	74349.4	53929.9	53817.3	52074.5	55500.1	64644.8	61596.1
A0A2R8QTX4	A0A2R8QTX4_DANRE	elavl1b		150731	142624	149656	140742	170861	163559	164718	155438	190985	164281	187782	186780	212140	193258	132274	145391
A0A2R8QUQ1	A0A2R8QUQ1_DANRE	rgs9a		219853	225426	235228	237425	303154	284305	299791	294944	289000	264366	254154	247144	253545	259647	243762	264015
A0A2R8RI02	A0A2R8RI02_DANRE	efnb3a		25310	27203.5	23452.8	23283.2	23224.6	20589.2	29186.3	24159		33654	22528.3	18014.9	20812.1	17001	22581.4	17517.5
A0A2R8RJ22	A0A2R8RJ22_DANRE	ano2b		12332.8	15557.2	10568.2	12956.9	10473.7	7387.54	11675.7	10955.5	9478.45	8533.81	13470	11084	11699	12071.6	6602.06	8052.42
A0A2R8RJH6	A0A2R8RJH6_DANRE	guk1a		111508	114564	124228	131481	118138	110821	111284	105546	92560.7	103004	112650	116566	108005	106337	138133	155829
A0A2R8RJY3	A0A2R8RJY3_DANRE	vta1		43563.6	47482.5	54959	54597.6	56970.2	62190.5	51421.3	44542.3	57821.3	50706.9	50521.9	54470.3	32143.1	37837.9	50705.8	58216.9
A0A2R8RK22	A0A2R8RK22_DANRE	atp2a1l		61898.3	65328.4	62890	64175.9	111623	124099	56063.4	57591.3	123638	102685	63797.5	44442.6	42195	44683.4	294431	369182
A0A2R8RKX9	A0A2R8RKX9_DANRE	gnb4b		875942	926765	947195	943201	1.07588e+06	1.03455e+06	1.27999e+06	1.25622e+06	847045	741300	906184	850691	1.22922e+06	1.26349e+06	827526	772318
A0A2R8RQB0	A0A2R8RQB0_DANRE	cog5		11960.8	9533.14	7356.83	8185.87	11415.5	10777.1	8827.87	11373.4	20139	15287.1	7891.84	9110.39	9621.23	12343.1	11642.4	11463.3
A0A2R8RR49	A0A2R8RR49_DANRE	si:dkey-92j12.5		88379.6	84816.3	88864.1	89321.5	79144.8	82544.5	84924	88781	73123.6	86436.8	102362	94098.3	100935	95893	83361.8	87671.9
A0A2R8RTM3	A0A2R8RTM3_DANRE	palm1b		60823.5	57842	73087.8	70586.8	59799.9	58578.8	59766.6	59216.4	53589.1	51002.2	69157.3	69005.3	60573.4	69241.4	63318.7	70763.4
A0A2R8RTX5	A0A2R8RTX5_DANRE	mta1		37245.9	34048	34053.9	31320.8	33685.5	31444.7	38347.5	34496.1	35747.8	32849.9	35453.3	32046.8	35388.3	38469.6	36002	31818
A0A2R8RVM5	A0A2R8RVM5_DANRE	LOC564748		65915	65825.9	82386.9	74659	78016.5	70718.9	40363.3	28846.1	81477.2	72178.1	76941.1	75343.3	35155.4	37718.1	64011.8	79728.7
A0A2R8RZL6	A0A2R8RZL6_DANRE	phf12b		10994.9	9606.31	13243.5	15699.5	13387.9	14083.2			12750.2	13754.9	11196.5	13467.2			15991.2	16940
A0A2R9YJM4	A0A2R9YJM4_DANRE	pacsin1a		418005	419077	416807	423204	424437	431229	431067	433828	456178	475754	374316	385645	406656	404102	477903	513581
A0A2Z6I959	A0A2Z6I959_DANRE	shtn3		24783.3		25239.3	23961.9	25536.6	36306.4	21695.1	19834.7		36395.5					39630.8	49042.4
A0A4P2L339	A0A4P2L339_DANRE	ddx41		28320.6	31225.7	32224.7	34324.2	33052.9	32832.3	34473	37124.8	24956.2	29714.7	37140	35195.8	35414.9	36694	30295.9	34028.6
A0A8M1N062	A0A8M1N062_DANRE	polr2d		27772.9	29707.2	24219.6	19168.9	20473.8	16340.3	21341.9	19314.8	15001.6	18563.3	34614.9	30890	36291.6	38113.3	22866.7	24952.5
A0A8M1N0E2	A0A8M1N0E2_DANRE	decr1		44048.9	44347.9	21363.6	21722.6	73439.8	68866.6	76032.9	65219.4	76676.8	74843.5	77075.6	70806.9	66079.2	78860.1	61927.1	52957.7
A0A8M1N0S4	A0A8M1N0S4_DANRE	eci2		167360	172164	157464	140717	173534	159541	174569	160559	266843	227356	157357	154360	161807	157141	171391	181841
A0A8M1N0Z5	A0A8M1N0Z5_DANRE	tk2		36083.4	36758	32397.3	30711.8	20557.5	16603.8	25571.4	28584.4	17853	18638.4	34163.3	34203.4	21201.2	19645	33616.5	30168.1
A0A8M1N1B6	A0A8M1N1B6_DANRE	ndufa3				18932.8				90659.5						49402.4	51195.3		
A0A8M1N1X8	A0A8M1N1X8_DANRE	myo6b		158762	161516	134858	133573	134483	127933	133621	140248	161251	161229	138494	130636	153309	143698	137071	132861
A0A8M1N295	A0A8M1N295_DANRE	gpx1b		15150.1	11392.2	20529.7	20762.3	13581.5	18456.2	18708.4	17551	20094.5	16040.6	20560.5	14586.6	23218.3	20896	11800.4	19958.2
A0A8M1N2N9	A0A8M1N2N9_DANRE	zgc:101569		19136.5	18081.4	8187.07	10290.4	10836	14356.9	21718.3	21602.8	10832.7	15977.2	14754.8	9923.25	20270.3	14404.6	9872	7897.97
A0A8M1N370	A0A8M1N370_DANRE	gpx1a		376983	368372	382890	388105	513672	495806	317863	304049	460558	430230	589186	587735	609500	602322	568823	582482
A0A8M1N4C3	A0A8M1N4C3_DANRE	rfc2		13646.6	13953.4	21176	22303.1	18622	25312.5	14841.3	23628.6	46278.6	35243.8		13526		13672.2	38280	41537.3
A0A8M1N4J3	A0A8M1N4J3_DANRE	eif4g2b		30131.8	27315.3	28969.2	31003.4	26241.6	25034.2	28544	25049.8	28431.3	25425.8	33374.9	31584.8	32730.9	35201.1	22962.4	30141.3
A0A8M1N5Y4	TMX3A_DANRE	tmx3a		107284	101637	111068	115247	119058	112758	132219	129943	101429	115679	125497	121570	136217	129011	94645.7	102409
A0A8M1N6N1	A0A8M1N6N1_DANRE	gabrb2a		44029.7	45882.8	46281.3	44645.3	48707.6	44292.4	45505.3	49520.3	53010.4	46177.9	45735.6	46736.2	40034.9	42778.9	37262.9	36906.4
A0A8M1N6N6	A0A8M1N6N6_DANRE	ndufs8b		16220.1	21496	20677.6	26076.8	20789.3	25408.3	25672.4	17571.5	25110.6	20388.4	19029.5	19530.8	20508.1	18093	22011.1	24626.1
A0A8M1N6R0	A0A8M1N6R0_DANRE	vtg5		30570.4		1.28621e+06	1.31504e+06	1.83998e+06	1.82927e+06	987001	974712	42578.7		2.11438e+06	2.10308e+06	1.84377e+06	1.87353e+06	2.32731e+06	2.43583e+06
A0A8M1N6S0	A0A8M1N6S0_DANRE	polr2b		41943	43180.9	41100.6	42486.6	44667.5	46476.6	44877.6	47297.8	40342	44007.3	43211	45029.3	44412.5	47927.3	46687.9	47699.7
A0A8M1N743	A0A8M1N743_DANRE	gpx4b		403484	395028	391668	396999	425827	416312	379899	384926	382646	400862	432677	407785	405050	420950	408355	424567
A0A8M1N7Z8	A0A8M1N7Z8_DANRE	tubb2b		4.17154e+06	4.45491e+06	3.89985e+06	3.89114e+06	3.74115e+06	3.99846e+06	3.87937e+06	3.93994e+06	4.90346e+06	4.83359e+06	4.79621e+06	4.32117e+06	4.60507e+06	4.56846e+06	4.66136e+06	5.33037e+06
A0A8M1N8U3	A0A8M1N8U3_DANRE	cirbpb		227256	248207	277168	286619	270039	270104	280075	293025	263226	246700	195090	206788	187217	200480	323404	328507
A0A8M1N9G1	A0A8M1N9G1_DANRE	cpt1aa		71821.6	72186.5	56903.2	59532.5	64624.4	60541.4	68022.4	61894.3	71180.5	66366.3	72463.6	71299.5	75572.5	78218.1	42176.8	49208.6
A0A8M1N9R4	A0A8M1N9R4_DANRE	gatad2b		22427	21912	27755.7	26194.3	28476.7	27617.5	24742	26904.2	27306.2	24512.2	24405.6	26665.5	23455.5	22498.1	27028.2	25726.1
A0A8M1N9Z2	A0A8M1N9Z2_DANRE	si:ch211-216l23.2		49741.3	45101.2	50190.3	45572	48775.1	56328.3	54079.5	63200.5	101238	67888.7	47065.3	57399.6	37333.8	43254.2	73219.2	83128.2
A0A8M1NAK9	A0A8M1NAK9_DANRE	rdh14b		15231.2	17379.2	24041.4	22007.1	23436.7	25271.5	23268	23453.3	29257.7	38142.5	19269.7	16959.4	15040.7	14125.8	33399.7	33640.9
A0A8M1NAN4	A0A8M1NAN4_DANRE	vtg4			10607.8	751512	757604	959828	974971	503743	498135			1.01113e+06	1.06627e+06	954138	980423	1.25241e+06	1.42686e+06
A0A8M1NAS6	A0A8M1NAS6_DANRE	exosc5		8036.52	6823.6	9462.33	8874.06	4716.24	6044.85	8462.8	8798.73	1839.41				11090	11911.3	7457.37	6787.25
A0A8M1NDP9	A0A8M1NDP9_DANRE	gpt2		13039.7	13854.4	24244.1	29224.3	27472.3	32748.4	19774.4	24375.6	33858.3	42202.3	12986.6	12764.4	13554.2	14257.3	20325.7	29014.2
A0A8M1NDX6	A0A8M1NDX6_DANRE	fhl3b		32527.1	10244.4	11020.2	12200.3		11431.3	10398.9	7144.51	34063.4	6619.85	13994.7	9689.61		20273.7		13191.2
A0A8M1NEM1	A0A8M1NEM1_DANRE	myh9a		54753.2	50209.5	42625.8	39839.4	49336	47719.4	43045.2	42038.2	36286.6	38048.9	53846.2	55896.5	44922.1	45616.9	67809.1	69706.7
A0A8M1NF64	A0A8M1NF64_DANRE	cadm1a		134715	130979	120690	115910	139412	137590	149355	150208	135592	133925	155809	142769	150865	160118	140817	148391
A0A8M1NF67;B0S697	A0A8M1NF67_DANRE;B0S697_DANRE	cfp;si:ch73-237c6.1		12855	13873.1	18907.6	14421.6	10232.5	15813.2	8475.33	9844.87			11715.3	10515.1			9159.59	15714.5
A0A8M1NG90	A0A8M1NG90_DANRE	vtg6				390085	388628	623385	621598	379379	360135			723755	686100	556640	559597	539316	600833
A0A8M1NH10	A0A8M1NH10_DANRE	paox1		8117.36	9539.92	5912.65	8914.27	7482.51	8336.89	6788.62	8567.44	7084.42	7330.54	8364.16	7826.85	9037.94	10863.3	7691.37	9459.11
A0A8M1NHK4	RBM47_DANRE	rbm47		18483.7	22415.7	29814.6	28529.4	27574.2	28664.9	27458	25197.9	15592.4	21428	17854.1	22258.9	25496.6	23041.4	24330	22698.2
A0A8M1NHZ0	A0A8M1NHZ0_DANRE	dpp6b		32055.6	32923.8	25939.3	30001.6	31510.2	32455.5	26144	27357.5	43617.5	38023.1	35923.6	38720.2	37570.2	33120.7	30868	31996.9
A0A8M1NIR5	A0A8M1NIR5_DANRE	gpx3			18669	37534.8	37870.9	28154.2	33186.8	18360.2	22385.4	10830.7	12601.9	30907.2	21713	18123	18289.3	38291.6	44267.8
A0A8M1NL22;E7FC03	A0A8M1NL22_DANRE;E7FC03_DANRE	tafa3a;tafa3b		3756.32	7949.77	6762.9	6858.12		4997.5	5880.67	5729.93	23355.4	6994.95	6506.44	7359.13	8057.77	4741.57	6075.86	4766.48
A0A8M1NS15	A0A8M1NS15_DANRE	eef1a1l3			31919.5					32072.7	34187	96333.5	30762.7	27125.2	25415.6	46738.6	34798.3		
A0A8M1NSE3	A0A8M1NSE3_DANRE	npepps		252639	250695	239466	237090	243447	232926	249630	246068	258028	258206	240558	230911	260403	255255	229748	240489
A0A8M1NSZ0	A0A8M1NSZ0_DANRE	slc12a10.1		54507	52560.7	34789	71455.5	72038.1	66514	57263.3	58159.8		50743.7	55286.3	71852.1	55024.6		51890.3	71640.6
A0A8M1NTG9	A0A8M1NTG9_DANRE	mmrn2a		23041.3	22150.7	37609.4	31761	29614.2	27084.6	16885.5	18404.2	19661.1	17829.4	24329.8	27811.5	17009.9	18931.7	37222.4	30713.2
A0A8M1NUZ2	A0A8M1NUZ2_DANRE	selenoj		39617.6	38955.7	42323	43813.5	62649	54033.5	34369.4	34303.6	14269.8	12356	35021	40202.7	62117	61398.1	21716.8	25247.5
A0A8M1NUZ9	A0A8M1NUZ9_DANRE	comtd1		20219.2	20362.9	31877.1	29877	16075.1	16194.9	20250.4	21937.5	19890.3	15004.3	15476.2	18448.3	21553.5	18852.8	41925	37692.4
A0A8M1NWF7	A0A8M1NWF7_DANRE	tlk1a		4866.65	8284.26	10094.5	9560.55	10790.9		11493.9	7896.41			9173.34	8662.22		9442.37	9417.25	
A0A8M1NX84	A0A8M1NX84_DANRE	si:ch1073-325m22.2		17172.2	15577.9	16975.6	16426.4	18253.9	16919.8	17659.1	17981.2	38591.5	23580	15588.1	18634.3	15934.3	13468.7	17207.8	21464.2
A0A8M1NX95;B8JMA1;B8JMA2;B8JMA7	A0A8M1NX95_DANRE;B8JMA1_DANRE;B8JMA2_DANRE;B8JMA7_DANRE	ugt2a1;ugt2a4;ugt2a5;ugt2a6		19491.7	17018.8	24297.4	23712.5	18857.1	21413.6	18313.8	17140.9	14301.7	16363.4	18641.3	15347.5	17588.2	25708.4	18708	17525.4
A0A8M1NXE0	A0A8M1NXE0_DANRE	apom		52248.4	51263.3	63603.8	65567.6	35874.8	34985.9	43900.6	43393.8	34131.6	26077.1	54371.6	54313.7	45917.5	45850.2	55053.7	63098.8
A0A8M1NXI0	A0A8M1NXI0_DANRE	pdia3		401980	406153	438819	452612	461916	479158	409255	440682	406188	465512	416797	419298	423627	435854	517179	518931
A0A8M1NXK7	A0A8M1NXK7_DANRE	eif3f		34515.4	34067.5	28162	31528.3	32876.8	34817.7	41042.6	40271.5	27386.8	27640.4	29430.9	28976.9	36942.1	36774.9	30967.6	35243
A0A8M1NYJ7	A0A8M1NYJ7_DANRE	sh3gl2b		64600.5	69857.8	66573.7	65484.8	57267.9	70637.9	54529.2	66513.9	112273	114337	60060.1	56446.6	58019.1	49391.2	101825	123687
A0A8M1NYL4	A0A8M1NYL4_DANRE	mrpl1		65922.6	64366.5	50987.3	50641.7	43464.5	45446.5	40067.4	38616.2	36283.5	39820.6	49995.6	49432.7	36632.5	41370.2	34324.9	35477.2
A0A8M1NZ47	A0A8M1NZ47_DANRE	diablob		14236	12407.1	9375.05	8614.85	9568.28	9962.39	9193.45	7554.49	11243.2	15029.3	10452.3	11627.8	14806	15933.1	10145.1	14279.5
A0A8M1NZG6	A0A8M1NZG6_DANRE	snap29		15531.3	21738.3	25276.6	24162.6	17034.2	24912.6	15107.4	27106.1		36618.1	12139.9	16401.6	12837.3	16763.3	34521.4	48342
A0A8M1P007	A0A8M1P007_DANRE	trip11		12630.8	10094.5	9772.04	10398.3	10983.5	13032.8	14083	10499	10233	9683.61	16198.5	14016.9	16489.6	19221.8	10183.3	9072.49
A0A8M1P0S2	A0A8M1P0S2_DANRE	zgc:153284		10000.1	9426.17													11050.6	8326.92
A0A8M1P182	A0A8M1P182_DANRE	fc46h12		158896	156187	133426	128181	76090.1	67849	126099	120786	77908.4	96334.3	148560	138383	155673	148560	89464.9	82600.2
A0A8M1P1C1	A0A8M1P1C1_DANRE	eci1		149807	152986	152389	150283	149585	146653	159336	164922	175733	146606	114758	113277	115706	129461	131708	128074
A0A8M1P258	A0A8M1P258_DANRE	acp1		67627.3	70382.6	65636.9	61342.3	68796	68086	75021.9	74277.9	77096.9	72879.7	61154	67292	76382.2	70261.5	76220.1	85141.9
A0A8M1P270	A0A8M1P270_DANRE	mapk10		69435.1	70689	66680.6	72068.5	71955.7	77337.4	71606.1	81512.9	75117.2	105493	45005.9	44035.8	45353.5	75369.1	90536.2	103004
A0A8M1P2D8	A0A8M1P2D8_DANRE	baz2a		3525.58	3499.97	2247.07	2905.05	2825.85	3091.1	3786.35	3653.81	1777.98	1876.59			3559.18	4196.71	2847.67	2167.64
A0A8M1P2L1;F1RDZ6	A0A8M1P2L1_DANRE;F1RDZ6_DANRE	glra4a;glra4b		21856.5	28278.3	29171.7	31567.4	34580	25302.5	31777.7	25244	58112.5	29948.7	32785.1	27846.5	34779.4	34379.1	16122.3	33202
A0A8M1P317	A0A8M1P317_DANRE	si:ch1073-291c23.2		19135.6	19081.7	23975.2	26176.9	21323.3	17632.8	17270.6	12829.8	6321.59	10909.8	17796.2	18987.5	13252.1	9807.87	20346.7	29588.3
A0A8M1P3D4	A0A8M1P3D4_DANRE	pnpo		72093.1	74427.2	69004.5	79958	78854.7	74020.1	62133.9	66207.6	61113.3	87843.5	90460.2	81398.2	68786.3	69019.7	65532.8	74029.1
A0A8M1P3E9	A0A8M1P3E9_DANRE	slc18a2			8870.25	5696.66	10102.8	7701.84	9325.02	8911.07	7101.51	7738.14	4339.59	8153.46	11820.9	9195.93		8252.74	8772.89
A0A8M1P3F9	A0A8M1P3F9_DANRE	dhx9		103061	103605	98780.6	96914.5	101033	99310.5	113580	109467	117251	107518	113588	113587	114513	108217	101628	103247
A0A8M1P3G3	A0A8M1P3G3_DANRE	zgc:109889		45320.7	47841.5	49927.8	49360.1	46501.6	48217.1	39755.5	44893.9	59029.3	64549.3	43639.9	37573.5	33337.4	31411.8	53169.2	53713.5
A0A8M1P3Z0	A0A8M1P3Z0_DANRE	isca2		13884.9	14987.8	14191.7		14779.2	13188.1	9782.99	14805.2				14244.7	18777.3	16708.4	10873.9	12404.1
A0A8M1P3Z5	A0A8M1P3Z5_DANRE	rab6a		132559	131382	134012	124529	113406	102497	113571	118971	143876	110483	140326	145074	134874	144159	117818	132544
A0A8M1P3Z9	A0A8M1P3Z9_DANRE	rpusd2		9696.79	6027.67	7891.15	5540.02	8133.93	8020.93	5834.19			9379.2			8594.02	10485.7	8049.78	8864.01
A0A8M1P4D1	A0A8M1P4D1_DANRE	ptgr2		72611.2	80447.5	93643.6	95179	63286.5	76928.2	54077.5	75440.5		100017	61095.8	62310.2	50363.9	56291.8	135061	143333
A0A8M1P4F7	A0A8M1P4F7_DANRE	hnrnpa3		159287	158500	153781	153933	151030	150281	174126	176839	152716	152779	167644	164773	157150	161073	164102	144041
A0A8M1P4H4	A0A8M1P4H4_DANRE	mpx		14432.1	12869.1	10189.5	9591.72	4646.74	4325.34	13667.7	12839.2			23566	25829.1	18985.4	19472.4	6103.52	7255.78
A0A8M1P4P5	A0A8M1P4P5_DANRE	abhd6b		49387.9	53250.8	46580.8	57780.2	62762.1	62379.7	56637.2	59088.9	56062.1	54883.7	62022.7	56641.7	61393.9	64501.3	46492.4	58440.3
A0A8M1P4R1	A0A8M1P4R1_DANRE	pank4		15303.7	13357.3	18031.8	15228.7	15179.9	20267.4	18021.1	21761.8				11912.1	18998.9	13705.7		22509.1
A0A8M1P526	A0A8M1P526_DANRE	atp5f1c		1.74788e+06	1.86094e+06	1.26528e+06	1.27176e+06	1.50109e+06	1.51367e+06	1.71646e+06	1.77638e+06	1.09449e+06	1.37662e+06	1.12288e+06	1.19646e+06	1.38217e+06	1.52923e+06	996531	975895
A0A8M1P669	A0A8M1P669_DANRE	adarb1a		8635.91	8823.48	8256.81	7459.64	9198.42	10067.8	11058.6	8753.56	11887.6	9924.39	12416.1	8530.44	15094.4	10493.5	6364.33	7882.43
A0A8M1P6F7	A0A8M1P6F7_DANRE	nop2		4477.65	6277.32	5085.58	5700.4	6976.79	4657.71	6168.15	4988.1	7876.18	5909.9	6059.94	6315.75	5870.09		7930.19	7619.42
A0A8M1P6L1	A0A8M1P6L1_DANRE	cbll1		8579.7	6796.85		7741.25	9588.2	7571.4	9721.69	9401.62		6721.13	7917.21		8822.74			
A0A8M1P6N5	A0A8M1P6N5_DANRE	manbal		7097.21	7813.79	7526.11			11347.2	10873.9	12603.3	12503	9476.56	11585.8				6327.83	
A0A8M1P6T9	A0A8M1P6T9_DANRE	cndp1		233710	231286	211111	206628	189241	200980	193169	187041	231904	260302	237097	229806	248829	251542	221647	273624
A0A8M1P706;A0A8M9Q9V6	A0A8M1P706_DANRE;A0A8M9Q9V6_DANRE	LOC110439997;ptpn1		17554.3	12027.3	16469.4	17297.9	19524.2	21253.3	17715.9	16060	23935.2		15781.4	17036.9		15670.3	25966.3	23195.2
A0A8M1P748	A0A8M1P748_DANRE	ugp2b		80269.1	81437.3	71375	71891.1	65425.4	66206.1	71926	69348.8	71655.8	72981.7	77563.6	78647.5	75589.4	76018.9	74324.4	73579
A0A8M1P7C1	A0A8M1P7C1_DANRE	c3a.1		277215	281549	386419	390798	223099	231896	319845	320223	187163	188585	365288	366802	319570	328068	516950	549950
A0A8M1P861	A0A8M1P861_DANRE	mdh1aa		2.81174e+06	3.08661e+06	3.15506e+06	3.24019e+06	3.42734e+06	3.70601e+06	3.18821e+06	3.24502e+06	5.07302e+06	4.57526e+06	2.75159e+06	2.82333e+06	2.59557e+06	2.54201e+06	4.25132e+06	5.1865e+06
A0A8M1P874	A0A8M1P874_DANRE	ppm1kb		64085.6	56289.7	46764.2	47391.9	49768.4	47217.4	45867.8	46460.3	84216.5	62514	50195.9	42886.5	54850.8	54785.9	39766.2	49332.1
A0A8M1P8J0	A0A8M1P8J0_DANRE	adar		67195.1	63340.7	69127.6	67181.2	63826.9	69622.2	72774.6	66261.2	79909.7	60215.4	81570.7	74441.5	79875.9	82348.6	59500	60802.1
A0A8M1P8J4	A0A8M1P8J4_DANRE	pipox		30733.5	31409.7	22235.2	26207.4	14882.6	13699.6	14946.6	17466.9	21029.8	21030.5	25694.4	26892.4	37006.2	41933.4	13405.5	14153.5
A0A8M1P8M4	A0A8M1P8M4_DANRE	msrb3		18683.9	17423.4	18376.8	17678.9	17376	15684.3	16253.1	16509.2	11198.4	14004.9	21107.7	21475.6	23965.2	22613.7	14958.6	11630.8
A0A8M1P8S9	A0A8M1P8S9_DANRE	dio1		17315.6	15028	23530.2	23207.5	24952.2	35487.2	17490.9	21263.1	36001.7	29374.3	21196.5	21034.1	23991.1	20852.6	25306.5	
A0A8M1P8T9	A0A8M1P8T9_DANRE	tsc22d1		67020.3	63491.3	72992.2	63490.4	71187.8	68529	66870.8	62679.5	68834.4	68220.4	57392.5	67673.8	65375.1	75388	79806.2	75153.6
A0A8M1P917	A0A8M1P917_DANRE	syn3		48550.8	40287.4	42157.8	44619.6	48086.4	45531.6	47873.9	46365.2	44099.6	41675.7	47893.3	40952.4	57276.4	48901	38465.1	39683.9
A0A8M1P963	A0A8M1P963_DANRE	znf618		17710.6	18925.6	21385.4	21686.1	15457.4	17208.2	18043.9	14827.3	17643.3	11719.3	18429.8	18724	17427.4	16800.4	23363.6	16202
A0A8M1P9Z6;A0A8M1QVE1;A0A8M9PK19	A0A8M1P9Z6_DANRE;A0A8M1QVE1_DANRE;A0A8M9PK19_DANRE	si:ch211-271e10.2;si:dkey-58f10.13;si:dkey-58f10.14						36051.9	36851.2				19876.1			27075	34728.9		
A0A8M1PAD4	A0A8M1PAD4_DANRE	tyr		103137	95444.2	104833	115129	103863	117331	95011.1	110030	110049	134182	116653	112039	92895	85020.9	128273	131687
A0A8M1PAF3	A0A8M1PAF3_DANRE	gpx4a		24253.3	21187.6	18742.6	16649.7	19532.1	16687.5	21007.3	19173.3	18438.4	19172.6	21768.4	14364.2	16266.5	18784.8	19452.5	19874.3
A0A8M1PAI9	A0A8M1PAI9_DANRE	slc22a23				2115.96	2863.35	4359.28	4232.9		3290.7	13395.5	12764.6		1740.25			6611.78	10526.2
A0A8M1PCD1	A0A8M1PCD1_DANRE	txnrd3		96887.4	83870.3	93339.3	89138.4	94975.5	89887.5	92014.4	87776.4	93974.4	88478.2	99243	94235.6	102507	97811.5	95946.7	102313
A0A8M1PCM8	A0A8M1PCM8_DANRE	tcerg1a		19256.2	17773.4	20331.5	21488.8	19867.6	18750.7	19612.9	22133.5	21000.7	18094	24507.7	22933.1	21306.1	22217.2	19385.2	23408.7
A0A8M1PD89	A0A8M1PD89_DANRE	lyar		20797.3	14277.4	13983.4	16977.4	15677	22814.1		17563.9		18643.4		38024.5	29247.5	23900.8	22447.3	10603.3
A0A8M1PFD0	A0A8M1PFD0_DANRE	carhsp1		90870.8	88384.1	88121.8	81886.9	71519.8	63613.2	69233.4	63657.2	62611.4	61112.8	81705.1	87273.4	96119.5	91394.6	81420.3	80209.8
A0A8M1PFF3	A0A8M1PFF3_DANRE	bag2		5900.87	6478.1	7122.11	7061.02	7710.36	6709.31	6802.94	6427.24		4426.99	9647.29	7817.91	8047.87		6401.21	8878.65
A0A8M1PFL7	A0A8M1PFL7_DANRE	med14		2679.32	3454.92	5362.89			4713.48	4679.55	2599.53			6110.41	5627.87	5415.95	8968.9	2138.13	
A0A8M1PGD6	A0A8M1PGD6_DANRE	dcps		20905.3	16885	16001.3	16715.1	18717.9	18346.8	19543.1	20496.3	14293.8	16682	12894.7	14060.3	16350.1	16247.6	12887.2	16382.9
A0A8M1PHG1	A0A8M1PHG1_DANRE	odr4		10291	10522.4	7351.87	9544.11	6188.55	8969.42	8947.43	7435.47	9568.11	8972.2	16788.4	16709	21948.4	22340.2	5244.68	
A0A8M1PIL7	A0A8M1PIL7_DANRE	hmgcs1		37160	37478.9	40858.3	42312.6	43068.3	41471.4	61793.5	49836.8		30678.7	47367.9	45637.2	36245.3	38256.9	29049.7	31309.9
A0A8M1PJS2	A0A8M1PJS2_DANRE	stau1		173293	194442	180935	221786	200020	224829	192156	197823	172111	224232	206307	203559	192229	203464	227855	202906
A0A8M1PRR3	A0A8M1PRR3_DANRE	spin1		18829.5	20405.8	22395.5	19607.2	20176.1	24948.3	19822.7	24260.1	20280.3		22709.2	21514.2	26466.5	21838	15499.8	20635.9
A0A8M1PS10	A0A8M1PS10_DANRE	LOC795051		52007.6	52036.1	54256	53062.3	37775.2	39014.5	42299.6	42845.2	40511.5	41529.8	42367.4	42608.9	47079.9	45547.1	53507.9	52982.6
A0A8M1PS47	A0A8M1PS47_DANRE	lbhl		21742.6	23439.9	33266.1	35944.8	36389.5	41537.3	33532.9	32659.7	77168.3	50785.1	23716.7	23305.1	22589.1	21473.9	45053.9	62458.2
A0A8M1PSG8	A0A8M1PSG8_DANRE	sec24a		32747.2	31565.7	30177.8	32754.2	30628.4	35908.6	30259.7	36232.1	41370.8	36489.6	34083.3	30070.7	41530.7	44156.8	25393.7	31633.4
A0A8M1PSN6	A0A8M1PSN6_DANRE	nat8			17239.7	18390.4	18991.8	17077.3	13821.7			18075.3	15023.5	14509	15838			23113.5	22911.3
A0A8M1PU45	A0A8M1PU45_DANRE	glg1a		38858.2	43037.4	44443.6	43194.6	42573.2	42450.8	40921.4	43516.2	59905.8	47130.2	44517.1	44332.2	48374.7	46987.8	39727.9	43477.9
A0A8M1PUI3	A0A8M1PUI3_DANRE	LOC100000713		35734.2	31803.9	33389.2	30335.1	36131.7	32367	37128.4	34047.5	50886.9	42343.8	39128.7	37339.4	38584.2	35547	30949.9	29514.5
A0A8M1PUX9	A0A8M1PUX9_DANRE	si:ch73-61d6.3		13791.9	16758.3	19899.3	21547.5	18297.2	19156.3	24711	23222.1	20002	27102.1	15209	14476.2	12219.1	14794.8	26909	30061.4
A0A8M1PVC0	A0A8M1PVC0_DANRE	gadd45gip1		32294.1	34641.8	34682.1	36003.2	32845.1	29011.3	22635.4	14305.5	16390.4	20595.9	31113.2	17802.8	32634.9	23147.3	19295.7	16545.9
A0A8M1PVD2	A0A8M1PVD2_DANRE	a2ml		89036.3	85083.9	147403	143787	99608.2	94428.4	103739	105492	62744.8	62140.9	163228	165606	145265	140586	199354	201732
A0A8M1PZ01	A0A8M1PZ01_DANRE	gnas		61584.5	57307	59240.8	58873.9	59409.6	57435.1	57752	58734.3	57767.8	55200	58715	60296.3	51041.4	53191.7	59187.4	58794.2
A0A8M1PZ09	A0A8M1PZ09_DANRE	LOC795887		16510.8	14993.3	13830.5	13748	95898.5	95165.4	18336.2	18309.5	57414.5	52734.9	17303.7	17389.1	66514.7	64093.5	12441.7	20144.2
A0A8M1PZ56	A0A8M1PZ56_DANRE	cyp2j20		4650.55	6497.94	6015.42	3513.18	7282.57	7231.87	6010.11	6958.82	7658.55	7315.98	7486.02	9531.62	9830.19			
A0A8M1PZ69	A0A8M1PZ69_DANRE	LOC797620		40294.9	26857.6	20020.3	24346.1	45191.5	41366.1	42114.6	44724.6	47232.7	40295.1	40255.4	42508.6	49337.8	46272.7	32312.2	36677.4
A0A8M1PZK0	A0A8M1PZK0_DANRE	cox5bb		1.06892e+06	1.05863e+06	1.1821e+06	1.19741e+06	1.11506e+06	1.10662e+06	1.00086e+06	1.02683e+06	1.38648e+06	1.34158e+06	1.02689e+06	1.09097e+06	1.13858e+06	1.14074e+06	990852	1.08154e+06
A0A8M1PZQ6	A0A8M1PZQ6_DANRE	LOC100004582		40166.5	39402.1	46482.6	50078	42449.4	47239.8	36212.3	41158.4	57804.7	72981.4	38556.4	35247.9	33319.9	29348.5	61011.6	69806.4
A0A8M1PZW5	A0A8M1PZW5_DANRE	si:dkey-105h12.2		53272.6	43758.7	90844.6	87947.5	76124.3	82819.9	78766.6	70028.6	42306.8	29003	114185	99457.1	98547.4	89799.9	135853	130129
A0A8M1Q134	A0A8M1Q134_DANRE	apcs		26574.6	31076.3	44600.5	44855.2	20736.4	19900	27194.3	30952.3	23910.6	28694.3	31773	32804.1	19429.9	21976.5	25763.2	22160.1
A0A8M1Q1D0	A0A8M1Q1D0_DANRE	c4b		22431.4	21595	27676	34463.7	25420.3	24240.8	20912.7	22031.1	18226.1	17346.6	27307.2	22886	16885.9	21699.5	28225.3	21453
A0A8M1Q1F6	A0A8M1Q1F6_DANRE	LOC797436		9648.67	13390	18658.5	15009.2		10095.3	12405.9	11473.7		10531.6	11004.3		15744.8	14790.6	10285.1	8551.63
A0A8M1Q6V5	A0A8M1Q6V5_DANRE	aars2		21307.4	19970.1	22437.9	19558.1	11052.7	12486.1	15251.3	16000.9		14562.8	15077.7	15369.2	13287.8	11946.2	15133.6	
A0A8M1Q745	A0A8M1Q745_DANRE	relb		13784.5	15488.3	12048.5	16382	10980	5638.63	12023.7	11435.5	9215.25	8288.08	16990.4	14971.3	18931.3	19017.5	14197.5	9924.02
A0A8M1Q749	A0A8M1Q749_DANRE	wasf1		5953.48	4460.87	6601.03	6448.63	4218.25	7004.17	5491.69	7268.87	13643.3	4995.99		6586.99	8794.3	8057.88	7366.95	5736.56
A0A8M1Q7L9	A0A8M1Q7L9_DANRE	cc2d1a		19010.3	18081.6	20068.3	18708.9	20483.2	18593.5	21353	18138.1	22449.2	18013	19868.9	22778.8	17642.9	15782.1	18478	19740.7
A0A8M1Q7N6	A0A8M1Q7N6_DANRE	cds1		38709.8	41651.4	42713.8	45747.4	41717.5	40060.5	51130	41875.3	31205.8	45724.1	25337.4	36619	47502.8	51171.8	34688.5	48850.4
A0A8M1Q7S5	A0A8M1Q7S5_DANRE	apba1a		10482.6	7621.92	6223.49	5883.34	5619.58	5121.56	7327.52	7351.73	7778.53	4278.38	11404.6	8014.75	10523.5	11069.4	5344.57	5552.4
A0A8M1Q7X2	A0A8M1Q7X2_DANRE	ppp2r5ca		12332.5	9695.53	12200.2	14762	12735.1	11639.1	13670.7	11970.3	20112.1	17577	6574.74	10958.9	6019.28		14974	17065.6
A0A8M1Q7Z4;A0A8N7TF16	A0A8M1Q7Z4_DANRE;A0A8N7TF16_DANRE	trhde.1;trhde.2		31540.4	34419.1	20819.8	24110.1	28350.2	24636.5	30133.8	24041.9	19218.3	24116.2			38980.5	31051.3	21692.8	
A0A8M1QHK3	A0A8M1QHK3_DANRE	si:ch211-212c13.10		55778.6	50695.6	132236	127799	104800	99705.1	92375.8	99033.8	48633.1	46805.3	86792.9	89925.3	86143.7	90857.2	161471	176430
A0A8M1QHL2	A0A8M1QHL2_DANRE	rsf1a		18838.1	23077	24918.9	22554.5	21208.5	17888.3	26886.5	21782.1	21440	23284.1	30263.7	29429.6	25815	29034.4	16776.8	17372.6
A0A8M1QHR9	A0A8M1QHR9_DANRE	pik3r4		27221.6	24529.2	22484.3	18036.2	19675.4	17910.5	22180.4	17987.4	20534.7	21360.1	29353.1	31227.7	33028.9	27852.7	22403.1	17662.9
A0A8M1QHW9	A0A8M1QHW9_DANRE	eif5b		27571	24863.2	24624.7	23873.4	26358.8	23102.1	25123.6	20852.9	32250.1	26608.3	34820.4	33288.3	38995.6	35291.5	21284.6	24833.9
A0A8M1QKD8	A0A8M1QKD8_DANRE	ephb2a		43242.9	45752	42489.7	40345.4	44889.7	43699.7	43673.8	40368.6	41441.1	48376.1	43501.8	46270.1	36660.5	41681.8	46664.3	49362.1
A0A8M1QKH0	A0A8M1QKH0_DANRE	nrbp2a		53859.5	61827.4	52789.7	59108	47692.8		40426.8	49979			39832.4	42481.8	47041.1	51182.3	46539.6	44891.1
A0A8M1QKM2	A0A8M1QKM2_DANRE	wdr26a		33431.5	27608.4	24208.8	25278.5	30600.9	30910.2	37143.1	36318.8	28714.1	30822.2	31589.2	35685.6	41618.6	41148.6	27962.9	29897.3
A0A8M1QKN6	A0A8M1QKN6_DANRE	plcl1		25815.1	22688.3	26285.4	27184.8	29149.4	23245.5	29191.3	24989.4	32545.3	28923.4	20639	21391.6	26840.2	25309.7	23165	25394
A0A8M1QKY3	A0A8M1QKY3_DANRE	si:dkey-17o15.2		46655.3	56395.4	56529.4	55961.9	51771.5	62046.6	43202.7	39632.8	47860.5	58092.8	47598.1	47308.8	29859.5	32053.3	47873.7	53708.1
A0A8M1QL30	A0A8M1QL30_DANRE	slc16a5b		11466.1	6583.97	8307.95	6790.44	11941.5	4387.72	6514.09	11971			6907.43	8010.1	9664.04	7896.64	6938.44	4943.76
A0A8M1QL49	A0A8M1QL49_DANRE	sez6a		24143.2	26291.7	27399	26928.4	22516.9	19752.6	25694.3	27256.2	26208.6	24008.9	24220.7	33887.9	17562.5	24477.6	17561.1	18541.4
A0A8M1QLC1	A0A8M1QLC1_DANRE	tns2a		5831.52	7192.49	7675.77	7819.49	4754.08	5941.76	4408.02	3365.62		2686.45	5892.24	3614.98	3390.56	3680.93	7726.36	6806.15
A0A8M1QLL1	A0A8M1QLL1_DANRE	map7d3		43897.3	42355.8	42224.1	40175.2	37627.8	37857.8	44640.5	43738.9	46656.4	50172.8	44619.7	39901.2	47948.7	51559.3	51034	53699.2
A0A8M1QLM0	A0A8M1QLM0_DANRE	LOC795897				22561.8	20259.5								5309.53			12326	11119.9
A0A8M1QLP5	A0A8M1QLP5_DANRE	inpp5d		18504.3	17899.7	15227	14126.8	19244.4	14404	17135.5	18684.2	14439.8	15223.4	18365.5	17143.6	17526.5	21032	5635.69	10153.1
A0A8M1QLT2	A0A8M1QLT2_DANRE	LOC100006895		45658.9	43732.9	88531.6	92814.6	66257.5	63818.8	71354.6	66910.7	46656.6	38791.6	114530	107036	91705.8	88037.8	111392	135650
A0A8M1QRB7	A0A8M1QRB7_DANRE	si:dkey-97a13.12		17033.6	23192.7	22279	18839	24532.8	23338	23696.1	19452.6	15364.2	24466.8	9468.87	13961.4	15987.5	9614.95	15054.6	11258.8
A0A8M1QUK8	A0A8M1QUK8_DANRE	pnpla8		15383	12267.4	10756.3	13540.6	8785.89	8898.17	11188.8	9809.57	16867.3	12049.5	10995.1	10065.1	8916.95	14752.3	13037.4	9751.05
A0A8M1QUL2	A0A8M1QUL2_DANRE	si:ch211-63p21.1		6793.11	5999.64	8987.45	9525.07	10039.6	11238.3	16622.7	11237.8	15197.1	16026	15172.9	10573.7	11643	16913.5	15562.2	6541.1
A0A8M1QUM8	A0A8M1QUM8_DANRE	LOC563036		77130.2	73932.1	59056.4	57614.1	56313.3	56215.4	37917.3	38464.6	42444.8	48538	40704.1	40802	41722.7	43075.4	70702.9	76716.4
A0A8M1QUS6	A0A8M1QUS6_DANRE	myh9b		431653	418003	453790	451480	400911	387979	330482	325875	307264	319972	425923	397164	372540	358715	472393	482096
A0A8M1QUS9	A0A8M1QUS9_DANRE	sbspon		13840.7	12904.8	9681.01	11025.1	11405.3	10275.6	12203.9	12882.9		8490.8	8849.64	10462.7	10972.2	9158.21	11878.9	8781.8
A0A8M1QUW7	A0A8M1QUW7_DANRE	bsna		49882	50091.4	49354.2	47644.1	49488.2	50960.6	51787	46852.5	66543.5	60437.4	52714.6	50828.9	50687.5	48860.4	54072.9	61233.5
A0A8M1QUZ1	A0A8M1QUZ1_DANRE	map1aa		34174.3	32386.6	27570	26121.7	26864.2	24781.6	28455.2	25425.9	34871.8	33185.7	30819.7	33142.7	32938.1	32545.3	28818.6	32543.5
A0A8M1QUZ6	A0A8M1QUZ6_DANRE	misp3		138564	144735	159731	161780	163827	174516	151033	159733	131689	159151	139984	148113	159690	158075	147598	156462
A0A8M1RDC6	A0A8M1RDC6_DANRE	LOC100333521		73431.5	73453.4	76286.2	80199.3	80643.2	82253	70316.3	96807.2	79256.1	95241	45789.9	59242.9	74325.2	61124.2	99531.5	91931
A0A8M1RDD4	A0A8M1RDD4_DANRE	LOC100331639		118612	133254	165950	177072	112174	143105	80192.9	101485	153194	148302	105213	115976	79294.8	78834.1	256229	284531
A0A8M1RDE4	A0A8M1RDE4_DANRE	plcl5		11430	10566.3		7969.31	9318.82	11065.7	10415.8	12417.5		9847.8	12116.6	13373.2	12677.6	11449.9	6528.57	5837.41
A0A8M1RDF3	A0A8M1RDF3_DANRE	icam3		11553.3	12564.6	17879.2	16980.1	14865.2	15232.8	9405.76	8683.74	14596.7	11397.7	17423.7	17216.2	14575.1	14455.1	13738.7	13406.6
A0A8M1RDQ4	A0A8M1RDQ4_DANRE	acsl2		65428.4	67102.5	44315	41242.5	41034.1	43354.2	51925.3	45451.7	60738.6	59370.2	59372	59575.3	57655.6	68338.6	47196.9	41937.6
A0A8M1RDZ4	A0A8M1RDZ4_DANRE	LOC100334024		17484.4	21597.8	17742.5	20477.6			26728.7	17139.7		46656.4			30425.3	17076.8	60244.6	73527.9
A0A8M1RE25	A0A8M1RE25_DANRE	si:dkey-56f14.7		2224.3	2721.88		2075.58	3229.98	3505.62	1725.67	2112.07	8170.38	5732.57					3232.14	6666.44
A0A8M1RE49	A0A8M1RE49_DANRE	scaf8		27117.2	25269.8	28418.4	29917.4	23378.9	24420.9	29081.6	25198.3	18654.8	25378.8	30983.8	29677.1	28872.7	29563.5	30353.2	24032.8
A0A8M1REB8	A0A8M1REB8_DANRE	ampd2a		97299	99449.3	85831	82430.9	74071.4	76507	80170.4	85462.7	107807	106893	75539.2	76230.8	75085.8	71095.2	88725.3	87540.8
A0A8M1REC6	A0A8M1REC6_DANRE	hepacamb		89875.1	96340.5	87934.6	86095.3	80858.3	89758.9	83050.8	91628.8	90920.7	106049	93822.5	91402.7	61058.1	69307.7	102675	114062
A0A8M1REL7	A0A8M1REL7_DANRE	slc6a13		35406.9	42324.1	27162.7	24718.3	24322	13367.2	20471.7	17231.3	15273.6	14055.8	34330.7	31492.5	16541.8	17477.8	25009	27557
A0A8M1RF06	A0A8M1RF06_DANRE	hnrnpul1l		191594	199902	239426	227558	246988	253164	241658	242373	238634	246966	223312	231785	215082	224025	280571	297099
A0A8M1RF66	A0A8M1RF66_DANRE	sgsm1b		21802.4	21485.9	34536.2	35639.5	12005.6	14702	16142.1	16744.2			30947.3	31328.2	17712.1	11291.8	15429	11167.2
A0A8M1RH56	A0A8M1RH56_DANRE	cog1		8651.97	5645.22	7850.48	6783.07	4933.06	8330.04	6303.63	5844.01	7178.22	6546.69	8897.79	7803.26	7849	7620.2	6746.64	7649.12
A0A8M1RHB8	A0A8M1RHB8_DANRE	ntrk3b		20095.1	17233	20387.4	18321.4	14804.9	15633.4	16150.5	20087.2	11885.9	16072.9	18929.9	15950.6	19375.5	16828	17861.6	16807.7
A0A8M1RHH5	A0A8M1RHH5_DANRE	pitpnab		123039	126513	113019	110540	106189	107141	110676	116443	91220.4	114851	110287	117119	108725	105648	103963	105740
A0A8M1RHJ2	A0A8M1RHJ2_DANRE	trappc10		26657.4	27676.5	33994.4	23690.2	24814.2	28516	32510.7	32108.9	30392.5	23906.5	26363.8	28378.6	21871.5	23561.2	14575.2	22818.3
A0A8M1RI06	A0A8M1RI06_DANRE	wu:fi37e09		40289.3	43897.9	56018.7	62447.3	55693.8	47602.1	39763.2	41000.9	46088.1	44764.4	46998.4	43667.7	44155.3	48294.9	54877.3	62262.1
A0A8M1RIB3	A0A8M1RIB3_DANRE	stk39		11220.2	10959.8	14473.5	21209.3	16798.2	11936.6	19889.4	21883.2	22558.9	30045.2		16785.9	15558.7	16387.4	33365.2	39086.4
A0A8M1RIH6	A0A8M1RIH6_DANRE	sugp1			12914.8			13570.6	9923.94		12991.7		13648.8	19172.5	27721		19893.4		
A0A8M1RIM1	A0A8M1RIM1_DANRE	LOC100537556		62719.2	58124.6	61422.4	69222	66271.2	65463.1	77960.7	80792.2	68406	67417.9	67958.6	53552.2	69282.4	65874.5	59101.4	60120
A0A8M1RIT7	A0A8M1RIT7_DANRE	msmbl			16825.4	18679.8	18954.9	14531.4	18369.6	16998.8	10370.6			17461.7	24205.9	17853.8	11946.9	22383.5	19494.8
A0A8M1RIV1	A0A8M1RIV1_DANRE	arsh		19746.5	22683.4	27429	28441.2	25275.6	29855.6	23394.5	23060.9	14971.2	21160.3	26828.4	31246.2	31765.5	24272.1	20335.9	20630.5
A0A8M1RIV5	A0A8M1RIV5_DANRE	ggcx		15015.9	29583.7	23168.1	23853.7	21435.9	17430.3	18827.2	20979.4	24292.3	18331.4	19798.6	24167.1	14607.7	23260	29193	32822.6
A0A8M1RJV4	A0A8M1RJV4_DANRE	LOC100334711		7927.47	7037.01	6835.79	5335.43	12310.7	12332.8	11235.6	9321.28	16569.8	13032.4	5859.29	7140.91	8072.22	6304.18	9368.75	13560.8
A0A8M1RK21	A0A8M1RK21_DANRE	aldh1l2		137069	137524	118061	120472	123191	124375	119352	112057	118059	129169	118816	115475	126870	128363	142531	141255
A0A8M1RKK4	A0A8M1RKK4_DANRE	znf318		28125	26802	29050.8	30207.4	32977.9	34236.7	26889.4	32149.9	33504.4	33958.8	30229.4	30573.8	34329.4	31506.3	32720.2	31508.6
A0A8M1RL46	A0A8M1RL46_DANRE	top1b		12798.3	8441.24			3139	11521.4	10917.7	6332.22				9701.22		9522.94		6580.51
A0A8M1RLH0	A0A8M1RLH0_DANRE	LOC100331149		73313.4	72673.4	63095	68000.6	72965.4	67936.3	83601.9	85802.1	55623.7	62193.8	59560.5	60991.6	78763.6	80273.3	47282.8	54140.9
A0A8M1RLN8	A0A8M1RLN8_DANRE	ncana		33834.4	27486.8	32888.9	29308.1	36717.9	32400	29255.7	34840.9	41940.4	29826.1	31540.2	31492.5	34398.8	42727.3	35958.6	36265.5
A0A8M1RLR7;A0A8M3AQJ4;A0A8M2BAX9	A0A8M1RLR7_DANRE;A0A8M2BAX9_DANRE;A0A8M3AQJ4_DANRE	ftr33;ftr35;ftr95		16404.2	18864.2	15958.8	14655.5	13574.8	13557.5	17704.8	16481.8	14779	16031.7	18155.6	16650.7	14381.6	12987.9	14729	15857
A0A8M1RLT2	A0A8M1RLT2_DANRE	inpp5jb		129452	138331	124044	123628	118444	119542	118592	118787	117579	137848	152309	140819	132540	137171	140830	138684
A0A8M1RLT6	A0A8M1RLT6_DANRE	tab1		32434.8	26607.3	24828.8	27302.8	26588.6	23223.6	27772.1	22507.5	25054.4	28722.9	35920.1	33998	31452.3	31422.1	22923.4	27603.3
A0A8M1RLW3	A0A8M1RLW3_DANRE	snta1		9063.62	9797.34	11888.7	10790.7	9243.57	8247.21	9495.89	12004.5	20023.7	8900.92	9611.27	8871.32	3270.85	8211.46		15327.6
A0A8M1RM42	A0A8M1RM42_DANRE	dpysl2a		587755	596532	556953	586016	609353	683830	619012	612055	946781	913780	589605	559145	569592	539853	921460	1.15937e+06
A0A8M1RMJ8	A0A8M1RMJ8_DANRE	gnpat2		16716.6	12310.4	12739	17032.5	14924.7	17536.5	12136.1	11643	10715.6	10151.2	11561.9	12120.8	13733	16370.8	7902.77	5219.82
A0A8M1RMK1	A0A8M1RMK1_DANRE	apobb.2		61679.6	62551.6	70729.6	72298.6	48753.6	47228.2	53687.8	52122.7	47323.4	46081.3	111131	113068	98273.6	99990.9	80843.6	85876.1
A0A8M1RMK8	A0A8M1RMK8_DANRE	frrs1l				2604.8	2874.53	3735.81			2527.99		5291.66					5773.74	4937.51
A0A8M1RMS5	A0A8M1RMS5_DANRE	sh3kbp1		19747.2	18555.1	20734.1	19730.6	19468.2	16028.5	16726.1	20465.6	10206.8	14108.5	26067.6	23318.6	23985.5	24115.9	18175.7	17547
A0A8M1RMT9	A0A8M1RMT9_DANRE	zmp:0000001167		10982.8		17348.7	15188.6	14739.2	17471.2	10365	11196	13076.5	8347.68	11680.6	11253	15769.5	16996.1	14095.5	17083.8
A0A8M1RMZ1	A0A8M1RMZ1_DANRE	def6b		23354.9	22287.3	24384.7	26447.9	31155.7	33438.6	29891	24080.6	44364.4	23059.4	28039.1	31084.8	27291.1	33447	29276.8	26154
A0A8M1RN59	A0A8M1RN59_DANRE	dgkzb		55940.4	52952	53120.8	49308.4	55372.6	53983.2	56684.8	55824.1	48293	56576.2	59384.9	57357.9	61873.5	58427.6	56771.8	56947.2
A0A8M1RN68	A0A8M1RN68_DANRE	lsp1a		25448.3	23451.3	23746.1	26809.5	34566.5	37315.2	28345.2	26065.4	29416.6	24743.1	48249.9	46265.9	38376.3	29924.2	42959.2	42766.7
A0A8M1RN88	A0A8M1RN88_DANRE	LOC100534785		43677.6	38441.8	29732.8	24196.5	33926.6	33217.9	38178.9	39806.8	22188.8	29552.9	31497.8	37604.5	39154.7	35271.6	32171.7	26763.2
A0A8M1RNA6	A0A8M1RNA6_DANRE	clec16a		6796.72	8939.22	3370.92	4281.08	6348.61	6576.67	8633.96	7353.41		6922.05	5962.75	6192.58		5663.91	7308.28	
A0A8M1RNB3	A0A8M1RNB3_DANRE	arhgap23a				12786.8							17674.7	22340			24830.6	23050.5	16737.8
A0A8M1RNL2	A0A8M1RNL2_DANRE	slc4a10b		43078.7	43623.9	36645.2	37601.3	40629.7	47966.5	44717.8	43118.5	60081.5	47904.4	44181.4	46572.9	48348.2	48510.5	38634.1	35209.3
A0A8M1RNM4	A0A8M1RNM4_DANRE	LOC568883		21635.2	20147	13158	13152.6	14858.6	8634.64	13606.1	18034.7	9722.39	12005.5	16574.7	14567.5	19326.8	15033.2	16438.5	9546.14
A0A8M1RNS0	A0A8M1RNS0_DANRE	adgrb3		8076.5	9784.7	5550.33	7919.6	7636.52	8245.26	6398.28	6629.19	12478.7	8951.31	8553.07	8395.55	7333.33	9392.04	9105.33	8619.07
A0A8M1RNV4	A0A8M1RNV4_DANRE	LOC100534853		87966.5	83058.7	74179.4	68753.4	73977	69897.7	80410.1	79200.1	75902.8	82929.3	97513.7	90690	95538.7	93264	82036.3	78995.5
A0A8M1RNY2	A0A8M1RNY2_DANRE	LOC100537549		7636.36	8780.43	10084	10283.1	9325.58	11860.3	12092.2	9369.97		11960.3	9654.79	11579.2	10608.5	10489.3	8986.97	9560.35
A0A8M1RR96	A0A8M1RR96_DANRE	si:dkey-250d21.1		30706.9	27678.1	32926	34659.7	32763.1	31825.5	28664.3	29974.6	34471.3	30023.5	36421	34594.6	32375.8	31894.2	31882.2	30207
A0A8M1RRV8	A0A8M1RRV8_DANRE	cpeb2		15263.7	14442.8	13561.4	14321.6	12470.8	15953.5	19495.9	17142.6	16374.5	14899.9	17521.7	12214.4	16674.6	12633.5	18075.5	16907.9
A0A8M1RS83	A0A8M1RS83_DANRE	plcl2		17351.4	15307.5	17464.5	17407	17523.3	18538.9	17645.7	17931.8	19516.8	18661.9	12300.5	20265.8		17040.6	18491.8	17008.2
A0A8M1RSK1	A0A8M1RSK1_DANRE	zmat4a				5394.54												6502.44	9672.32
A0A8M1RT23	A0A8M1RT23_DANRE	LOC100537809		26056.6	30540.6	21376.8	18159.5	21261.6	22309.3	30759.5	27561.4	18622.2	19970.1	20462.2	24763.4	35426.3	35085.1	12311	11086.9
A0A8M1RTG2	A0A8M1RTG2_DANRE	si:rp71-36a1.3		36156.5	43653.7	47161.3	44481.5	52845.1	62172.1	34515.2	40680.1	40829.6	51780.9	40656.9	40777.2	47419.1	47451.8	67662.2	80666.9
A0A8M2B1M0	A0A8M2B1M0_DANRE	cadm2a		131549	123818	129502	134144	131740	140572	121623	128023	116394	131533	127200	117112	126324	119896	167404	174041
A0A8M2B1M8	A0A8M2B1M8_DANRE	vldlr		24140	14617.8	25351.5	25537.4	22030.8	19136.1	20769.7	16211.1	30230.6	27316.1	21340.2	26815	18678.7	24147	17113.5	26110.6
A0A8M2B1N3	A0A8M2B1N3_DANRE	nsd3		12821.9	12496.3	13002	14032.9	10692.9	11166	13199.5	9488.36		12339	12706.4	18706.7	11782.9	9942.46	7516.77	9211.84
A0A8M2B1N6	A0A8M2B1N6_DANRE	synj1		110674	108650	104617	109093	103378	104998	112408	106871	133374	129472	119261	119668	119251	111954	113910	118258
A0A8M2B1U6	A0A8M2B1U6_DANRE	dpysl2b		333211	347395	327152	338348	349118	369220	324799	327290	427724	467436	349433	335902	269684	320776	499252	558918
A0A8M2B1V9	A0A8M2B1V9_DANRE	ppp3ccb		72296.6	70036.9	65194.8	61225.2	70626.8	72086.9	78133	83122	87795.1	87412.4	65428.7	65132.5	72760.4	66569.7	77520.5	85404.7
A0A8M2B1X4	A0A8M2B1X4_DANRE	trim3b		29507.1	30189.6	32827.9	35617.9	32158	31332.9	26485.3	32342.6	22928.1	28909.6	29799.4	32306.3	31757.5	27261.5	30446.9	30400.7
A0A8M2B208	A0A8M2B208_DANRE	xpo7		47201.8	51361.3	51359	53755.1	47975.7	52093.6	52517.8	51999.1	37864.5	54428.5	45952.7	50790.4	52236.7	50213.6	50382.8	54811.1
A0A8M2B209	A0A8M2B209_DANRE	dmtn		36505	32372.6	36613.3	35399	31884.2	33568.7	30490.3	31175.9	34130.2	38489	37777.8	35191.2	28773.9	31241.3	35623.8	42102.1
A0A8M2B217	A0A8M2B217_DANRE	arfip2b		28636.8	29110	26951.3	18624.1	26658.1	33443.5	35561.4	26379		17646.4	18184.7	26437.1	42498.8	31895	23745.7	17919.2
A0A8M2B230	A0A8M2B230_DANRE	ugp2a		28645.7	28669.2	32837.4	32002.4	28694.1	29313.9	31940.4	31659.9	35660.8	33558.4	28167.3	25766.6	26082.2	29190.3	44036.9	46456.7
A0A8M2B233	A0A8M2B233_DANRE	erbin		7626.47	6053.54	6226.68		4492.82	5122.01	6499.4	5792.36	11395.6	6548.94	8366.16	6835.12	7621.41	8696.23	4152.91	
A0A8M2B247	A0A8M2B247_DANRE	strbp		18728.5	16003.2	16529.5	15441.5	14999.3	16548	18852.1	15466.4	32701.4	15484.8	21886.9	18081.6	17330.3	24585.9	16008.3	20222
A0A8M2B261	A0A8M2B261_DANRE	inpp5kb		49221.6	41905.2	58503.8	67486.1	39832.7	41915.1	68417.8	63737.3	41828.6	48388.8	34021.6	42104.9	45764.7	39468.2	43113.5	47105.5
A0A8M2B284	A0A8M2B284_DANRE	magi1b		28937.1	27868.2	31963.6	34197.3	33936.8	34802.4	31819.9	29394.9	38485	33978.2	25595.9	34876.6	26818	30225.5	40137.6	40648.5
A0A8M2B2A8	A0A8M2B2A8_DANRE	ppm1bb		108258	104367	111795	106867	113249	110203	113977	113171	115628	108583	115911	120934	115181	113329	113198	119193
A0A8M2B2B2	A0A8M2B2B2_DANRE	git2b		8335.79	8986.45	13882.5	9880.11	11183.4	8229.82	9300.71	9217.09		10003.3	14038.1	11122.3	18179.7	12305.5	10101.7	9815.02
A0A8M2B2D2	A0A8M2B2D2_DANRE	pam		11639.5	11384.1	7785.37	9130.28	8466.51	10367.4	10844.7	10172.3		13241.5	9332.95	10484.2	9488.28	9932.09	11501.1	15842.9
A0A8M2B2D3	A0A8M2B2D3_DANRE	arhgap27		18569	20173.9	23779.4	23946.4	18011.6	19782.5	20625.4	24188.9		16541.7	17203.9	18897.3	21152.3	20733.2	17946.9	24007.6
A0A8M2B2E6	A0A8M2B2E6_DANRE	camk2g1		578118	576113	591236	586121	609973	600553	638528	629204	647850	579446	463022	494536	610153	587858	613918	621868
A0A8M2B2M4	A0A8M2B2M4_DANRE	LOC101885188		13452.3	13801.3	14901	14324.8	8837.43	9712.2	11850.7	12229.7	14495.2	9966.47	16128.5	16921.8	18797.7	9570.79	10402.5	12478.6
A0A8M2B2N8	A0A8M2B2N8_DANRE	slc4a11		17285.5	17467.5	20113.3	19249.4	17371.1	18270.4	20959.7	21643.6	38942.9	23146.2	23637	22194.1	18679.6	19583.7		23010.5
A0A8M2B2Q0	A0A8M2B2Q0_DANRE	eogt		20696.6	21430.9	18047.2	19214.1	21549.1	19797.6	21356.3	22750.8	27843.5	30489.3	22679	19636.5	20334.7	17730	24236.3	20264
A0A8M2B2Q1	A0A8M2B2Q1_DANRE	mpp2b		100957	100806	86818.6	87874.8	99602.1	98216.9	97610.9	93722.9	95016.6	101861	122315	117852	117742	122520	98473.9	95658.8
A0A8M2B2S6	A0A8M2B2S6_DANRE	bsnb		23927	24090.4	24330.2	23421	26108	26975.6	23419	22800.6	24154.1	28104.8	23719.3	20594	24630.3	23946.3	26003.4	26611
A0A8M2B2U8	A0A8M2B2U8_DANRE	palm1a		40652	42362.1	51779.7	49280.9	33128.1	41362.3	37697.4	36121.3	24402.9	34297.8	40413.4	44300.4	38124.7	38797	44573.8	45410.9
A0A8M2B2V0	A0A8M2B2V0_DANRE	washc2c		19881.5	18689	20801.6	27706.6	21267.8	23255.3	21185.5	23136.6	22223	21595.6	17631.4	20304.9	18620.1	19665.1	27147.9	22828.4
A0A8M2B321	A0A8M2B321_DANRE	rnf157		9085.36											7805.14	8115.55			
A0A8M2B338	A0A8M2B338_DANRE	tial1		25139	27083.5	31245.6	33097.1	27887	23797.3	33100.3	27567.4	23512.9	29611.4	27274.5	33973.7	25690.6	27367.9	43720.7	32509
A0A8M2B340	A0A8M2B340_DANRE	slc8a3		18658.4	19719.9	18490.2	18900.7	19862.4	17945.7	24198.1	20342.9			29335	26558.3	27644.4	22628.1		
A0A8M2B343	A0A8M2B343_DANRE	rps24		290582	292603	297523	296231	306607	307841	282874	296424	348000	341774	296719	295136	298742	294676	329504	324836
A0A8M2B358	A0A8M2B358_DANRE	srcap		6869.58	7007.81	9091.91	6750	4617.83	6433.95	6521.59	7850.94	7854.96	9329.08	7244.01	9229.93	5780.95	7429.73	13333.4	
A0A8M2B3B1	A0A8M2B3B1_DANRE	rbm25a		12399	12439.5	10557.6	9296.03	7030.95	8541.24	9542.09	10222.2		8186	10096.7	11296.4	10323.7	9943.66	7839.45	10239.4
A0A8M2B3E5	A0A8M2B3E5_DANRE	ccar1		28930.2	30821.1	37100	33395.2	33967.9	34941.9	35115.4	35397.7	49417.4	34133.6	31853	32077.4	32178.9	32892.7	33418.3	23165.6
A0A8M2B3G1	A0A8M2B3G1_DANRE	zgc:110045		53789.8	62730.1	77576.7	71346.4	62390.2	67332.5	64104.3	79419	62362.7	66509.8	52830.1	48417.7	64286.7	53310.9	89519	84026
A0A8M2B3I7	A0A8M2B3I7_DANRE	nt5c2a		47010.5	44403.4	29165.5	29993.8	29489.7	28768.4	37597.3	35553	24817	32252.2	33855.4	37423.7	51109.8	48063.6	31069.8	31767.5
A0A8M2B3J0	A0A8M2B3J0_DANRE	klc1a		42368.5	42947.9	40356.5	60599.4	52089.5	49835.8	51859.4	48777.5		30136.9	36859.9	27046.7	50018.7	50045	45461.5	46209.7
A0A8M2B3J4	A0A8M2B3J4_DANRE	cltcb		222509	229181	183213	195606	207770	208734	232377	228931	250765	235711	193464	211484	193468	198803	207826	233550
A0A8M2B3M7	A0A8M2B3M7_DANRE	zswim8		18153.2	16633.8	17052.1	17892.2	18591.8	17962.8	16071	18116.4	13718.9	21268.1	19682.4	18755.8	20063.5	17875.4	17680.5	15110.4
A0A8M2B3P6	A0A8M2B3P6_DANRE	ncam1b		187024	181278	180543	186512	184796	191286	186888	187837	165182	196045	187203	171920	212446	199622	231143	261672
A0A8M2B3R6	A0A8M2B3R6_DANRE	synrg		24748.2	22288.8	21342.4	19443.9	22130.2	20393.1	21071.7	20193.4		21719.6	24735.7	22114.2	23130.6	19301.5	19914.9	18281.7
A0A8M2B3S3	A0A8M2B3S3_DANRE	mark4b		22277.6	25114.4	28814.2	28982.7	23208.8	27077.9	22572.5	27780.3	20710	32670.2	25235.7	27206.1	22637.2	22536.2	29201.1	32324.4
A0A8M2B3U1	A0A8M2B3U1_DANRE	actn1		177397	172567	167457	162748	153806	147777	146782	137240	162763	149050	173913	172629	163819	147200	188096	193423
A0A8M2B3W0	A0A8M2B3W0_DANRE	aldh3a1		31644.5	37459.4	36571.1	32769.8	32221.5	34853.3	32030.5	34788.7	31938.5	28659.9	28953.5	29484.7	31041.3	31104.2	36635.5	37722
A0A8M2B3W7	A0A8M2B3W7_DANRE	hmbsb		11033.2	11579	13375.5	10370.5	10343.7	9258.84	8523.29	9772.32	8562.18	9868.87	14576.5	13679.1	13462.8	15961.9	10613.6	9953.11
A0A8M2B3Z8	A0A8M2B3Z8_DANRE	golga4		39952.7	43724.6	36974.3	38179	42751.3	40318.5	42799.1	46180.5	45199.9	40504.9	52200.3	44114.8	46664.4	49278.4	40635.9	36724.8
A0A8M2B475	A0A8M2B475_DANRE	arfip2a		28034.8	34244	39338.4	42372.7	39059.6	36712.7	31865.4	37423.2	37054.5	42734.5	46072.3	28685.7	26447.3	27183.1	50572.1	41640.2
A0A8M2B4B7	A0A8M2B4B7_DANRE	virma		32883.3	29845.4	21937.5	25505.9	24049	23894	28130.6	31341.3	31306.4	24124.9	31274.2	23447.1	32714.4	38829.9	22249.3	24740.2
A0A8M2B4F3	A0A8M2B4F3_DANRE	cadm4		92080.6	95703.1	57283.7	57348.5	84552.5	77506.9	76437.3	77560.6	87468	78149.1	86018.6	82146.5	97626.4	96508.5	65970.2	68865.2
A0A8M2B4F9	A0A8M2B4F9_DANRE	mcamb		34042.8	36109.1	40917.3	42565.7	36263.8	32586.7	23428.2	19562.8	24046	21662.1	45882.5	41723.2	34745.2	30607.3	51147.5	47985.2
A0A8M2B4G0	A0A8M2B4G0_DANRE	fxyd6l		575312	569524	455437	443738	520226	510492	566485	535500	788568	653883	570649	575320	495139	490505	478809	499181
A0A8M2B4G6	A0A8M2B4G6_DANRE	trarg1a		88802.7	80287	93059.6	82849.9	85563.6	91347.6	89745.9	82472	81796	81290.6	98768.4	90588.7	91443.5	88133.3	98917.5	87861.4
A0A8M2B4H6	A0A8M2B4H6_DANRE	bcam		35071.2	37651.8	45925.4	50817.5	34087.1	36281.1	33079.2	29518.3	29053.2	29230.6	30182.5	29657.6	28247.7	28571.5	51746.7	53365
A0A8M2B4I2	A0A8M2B4I2_DANRE	prpf8		127326	129538	128014	130059	133149	135059	134933	135506	118835	124575	131381	133237	132279	136611	128202	130934
A0A8M2B4V2	A0A8M2B4V2_DANRE	ago1		36503.5	40710.6	37634.9	29277.1	48508.3	40015.1	36717.9	39820.7	61494.9	42266.8	40349.2	37956.1	29716.2	34957.7	37121.7	38633.6
A0A8M2B4X7	A0A8M2B4X7_DANRE	ehbp1		11888.5	13946.1	14424.5	17817.6	13222.7	10958.7	16348.3	14872.6	35074.2	12699.6	14656.9	23807	16516.7	21785.2	13800.2	10288.7
A0A8M2B505	A0A8M2B505_DANRE	si:ch211-113g11.6		42894.4	49145.5	42005	45332.9	53334.9	51756	51172.6	55644.4	61102.9	55023.2	37433.4	39302.8	44390.3	41830.6	54563.6	50694.6
A0A8M2B566	A0A8M2B566_DANRE	gramd1a		28938.1	27749.9	32140.6	31468.8	28291.3	32649.7	27280	32037.7	43589.2	32246.9	30417.1	28553.4	17903.2	20847.2	25027.6	22173.5
A0A8M2B570	A0A8M2B570_DANRE	pcmtl		104587	104422	130120	129484	106128	105279	107965	105096	104215	111101	97306.8	115798	108810	98133.1	114545	109247
A0A8M2B571	A0A8M2B571_DANRE	strn3		55380.2	57910.8	57352.6	60169.7	58782.9	56371.6	57177.3	53911.4	56132.9	54755.9	66184.7	63378.5	66431.1	62465	58358	58414.8
A0A8M2B578	A0A8M2B578_DANRE	evla		27870	25995.2	33193.7	36119.5	29505.8	26983.6	28885.1	29255.1	52101.8	27224.5	37390.1	32544.6	23256.5	35230.5	36034.2	36252.3
A0A8M2B586	A0A8M2B586_DANRE	snap91a		125240	126022	100444	101722	103314	109826	120729	113109	123842	123781	105005	101572	100236	105664	96942	99154
A0A8M2B5B2	A0A8M2B5B2_DANRE	mapre3a		56079.2	52086.8	41467.2	42074.7	53160.2	51649.7	58983.9	57511.2	61068.9	50835.4	57303.8	52868.4	54490.5	52907.1	47680.4	53226.2
A0A8M2B5B6	A0A8M2B5B6_DANRE	sptb		31385.9	32976.7	36253	35672	25719.5	26557.7	22348.5	21532.9	19454.9	19728.4	48305.5	45401.4	39783.3	38786.6	43722.2	42924.7
A0A8M2B5L7	A0A8M2B5L7_DANRE	snap23.1		56127.2	56789.5	64869.4	62628.4	59822.2	56540.7	46581.8	51506	27567.7	51684.7	39222.7	48091.3	58075.1	62913.8	65509.3	65661.4
A0A8M2B5M8	A0A8M2B5M8_DANRE	psme3ip1		26932	30243.2	37197.7	29392.8	34150.7	31601	35488.7	30442.1	44616.1	31096.3	43618.3	40263.8	40188.9	35598.4	26120.2	29900.9
A0A8M2B5S0	A0A8M2B5S0_DANRE	arfgap2		72765.7	71658.9	78809.1	70358.8	69075.5	70440	72338	70681.4	75532.8	73618.9	77324.4	82843.7	76611.7	87982.7	66585.9	66818.3
A0A8M2B5V6	A0A8M2B5V6_DANRE	amy2al1			13066.6	39959.4	38215.1	26749.2	24511.5	18409.6	30975.1			31448.2	24064.2	33668.8	31041	26697.9	28064.2
A0A8M2B5X1	A0A8M2B5X1_DANRE	ubap2l		32999.4	36031.3	33351.9	35764.3	40335.3	39221	38948.1	39308.4	41707.4	39405.8	34143.2	38029.8	38576.5	39792.1	44148.2	46115.2
A0A8M2B5Y0	A0A8M2B5Y0_DANRE	znf384a		25306.9	21284.4	28913.9	27290.9	20307.6	24973.9	22056.2	27099.3	24540.1	23978.9	24722.9	25381.2	23048.6	20035.7	29795.1	30394.9
A0A8M2B5Y7	A0A8M2B5Y7_DANRE	slc2a3a		204838	187046	200303	194843	176805	169608	171964	186551	186646	182188	216902	206455	202771	190614	202830	186325
A0A8M2B630	A0A8M2B630_DANRE	pbxip1a		22220.8	25531.5	24605.5	19279.1	17258	17355.8	17793.5	23057.3	13902.6	17353	13337	18419.8	19026	14192.9	26060.4	31594.5
A0A8M2B6B1	A0A8M2B6B1_DANRE	ck2a1		42995	36747.9	36311	35991	40576.7	46487.3	39876.3	36632.9	46156.1	48897.5	34293.1	35870.5	37007.7	47061.4	40185	28781.5
A0A8M2B6D3	A0A8M2B6D3_DANRE	ash1l		3775.82	4792.75	3939.84	5337.42	4903.74	4306.15	3874.53	5971.57	6094.4		6937.55	6655.77	5533.2	3901.72	4391.36	4379.48
A0A8M2B6D5	A0A8M2B6D5_DANRE	pdcd6ip		248855	238903	232982	238284	228094	220690	238913	251293	264236	246712	271985	262645	250551	262720	255388	261466
A0A8M2B6G8	A0A8M2B6G8_DANRE	dlgap3		9552.66	12191.5	12991.6	14621.7	8798.6	11682.3	10205.4	19361.4		18002	11128	10873.8	23332.3	21391.4		24289.5
A0A8M2B6H9	A0A8M2B6H9_DANRE	tpd52		85599	96013.9	83994	87704	68690.5	70732.5	85479.2	107372	74090.5	67394.7	58314.4	55221.3	74796.4	60011.8	112120	139773
A0A8M2B6I0	A0A8M2B6I0_DANRE	mgarpb		129301	144183	149540	149749	134623	140722	120906	128805	142820	200518	187817	169629	119427	124741	153280	147330
A0A8M2B6R2	A0A8M2B6R2_DANRE	pnpla6		16399.3		8524.94	10150.4	13846.6	10980.2	10019.5	11786.7		11656.6	17866	16044.8	11642.6	11513.2	9258.36	11475.1
A0A8M2B6V1	A0A8M2B6V1_DANRE	lsm6		21551	24671.7	20185.6	14375.9	27481.3	22796.3	12527.1	22816.7	19406.5		27888.3	20721.6		27586.3	23943.7	27077.6
A0A8M2B6W9	A0A8M2B6W9_DANRE	pkn1a		2752.19	4019.33	4808.71	4649.91	3879.32	5340.03	2772.58	3482.4	2618.01	4383.35	5179.65	2975.03		3317.53	6435.48	5448.32
A0A8M2B6Y2	A0A8M2B6Y2_DANRE	fam13a		9898.56	11081.5	14851.9	9427.1	8020.52	14740.7	5224.33	12302.9		11968.9	14006.7	12585.5		9347.88	14838.2	17683.3
A0A8M2B6Y3	A0A8M2B6Y3_DANRE	si:dkey-162b23.4		5348.93			8037.12	5286.11	8042.29	3557.68			10777.4					7490	11031.2
A0A8M2B701	A0A8M2B701_DANRE	crmp1		275584	256368	244228	270314	261933	290349	273644	277450	392928	420355	258570	258583	254187	232688	411854	481054
A0A8M2B704	A0A8M2B704_DANRE	tsga10		16935.1	17683.2	18211.1	20343.1	17770.8	16336.2	24459.2	21325.2	18399.1	15299.4	24389.3	25313.2	19728.2	21730.2	17058.4	17900.4
A0A8M2B723	A0A8M2B723_DANRE	si:ch211-114l13.1		98476.1	106665	110001	114344	90112.5	89813.2	104024	106503	97410.9	111632	95130.6	88907.2	105980	102948	104983	115807
A0A8M2B773	A0A8M2B773_DANRE	arid1b							9451.11				15757.8			5500.87			7632.27
A0A8M2B7A1	A0A8M2B7A1_DANRE	eif2b4		31335.9	27826.4	28886.5	27811.4	31671.9	28628.3	26998.6	25976.8	20372.5	25408.9	28317.8	25962.8	27753.8	31191.6	25222	24568.4
A0A8M2B7D7	A0A8M2B7D7_DANRE	fryl		9337.78	11489.1	9919.77	9206.17	8307.55	10435.6	10101.1	12943.2			9857.95	7386.12	14020.3	10412.3	10341.6	7528.4
A0A8M2B7H0	A0A8M2B7H0_DANRE	apobb.1		156785	158872	287951	291647	181213	183299	328940	329665	98961.5	96968.8	521766	528402	267644	264772	401930	418139
A0A8M2B7J5	A0A8M2B7J5_DANRE	ppp2r5a		23463.6	23290.7	18334.2	22464.1	20050.1	16785.2	25693.7	24102.5	16277.8	17880.9	26485.8	21925.6	27952.1	18981.1	16030.9	19697.5
A0A8M2B7K8	A0A8M2B7K8_DANRE	prg4b				9452.38	10914.3	4867.56	7758.56	2511.03	4350.83				8078.74	5604.51	8067.35	19130.2	15247.1
A0A8M2B7P4	A0A8M2B7P4_DANRE	pde4dip		10062.8	6280.74	5092.93	5154.37	7586.72	4300.45	6618.63	5761.15		7407.39	10422.1	10110.4	7955.36	11088.5	5730.57	4205.32
A0A8M2B7S1	A0A8M2B7S1_DANRE	reps1		21362	19137.1	19633.2	20019	21186	16674.8	18273.1	20760.5	24126	17028.1	22322.8	21021.9	23574	24811.2	18643.5	14542.4
A0A8M2B7T7	A0A8M2B7T7_DANRE	chgb		42330.9	34559.4	24384.1	27058.5	35361.9	32919	33711.4	33916.8	40000.9	33955.8	25057.3	28073.9	28291.3	27511.9	32444.8	29407
A0A8M2B7W1	A0A8M2B7W1_DANRE	eef1db		194768	197790	192606	180982	201619	191511	201829	195017	256212	201220	225855	213038	255191	238700	179766	192177
A0A8M2B7Z4	A0A8M2B7Z4_DANRE	grin1a		24037.6	21319	20542.3	19603.5	17932.2	24786.5	19145.3	22803.7	19256.1	25157.2	17146.7	22188.3	22677.5	21645.1	20339.3	24664.2
A0A8M2B812	A0A8M2B812_DANRE	tpd52l1		187947	199334	208778	207861	149703	164545	178672	178841	82691.9	123092	168687	179498	166291	181954	222525	224234
A0A8M2B840	A0A8M2B840_DANRE	nadk2		77793.8	79421.6	67799.1	66803.8	71270.4	72724.5	71875.3	74504.4	84735.5	91722.3	76691.8	79283.1	73299.4	75869.9	66592	68389.3
A0A8M2B846	A0A8M2B846_DANRE	c6.1		33722.2	33026.9	53140.5	55605.9	26050.8	24654.4	23714.7	25040	26015.6	19023.9	25384.6	27450.7	24205.4	24474.9	54082.6	60729.5
A0A8M2B865	A0A8M2B865_DANRE	cast		155259	159714	109046	109170	90837.9	99250.9	81858.8	84132.1	91380.6	91768.8	89016.8	97893.3	85058.8	89184.3	186394	203497
A0A8M2B8A6	A0A8M2B8A6_DANRE	nectin1a		52102	39806.6	44641.5	46788.1	41336.6	46362	42753.4	47449	78123.3	69069.8	39507.6	41061.9	43625	37801.8	55592.5	55221.5
A0A8M2B8G8	A0A8M2B8G8_DANRE	zfr2		45206.6	40744.3	36320.6	35234	45802.2	42635.2	42732.4	44919.7	50525.2	48305.3	45570	45622.6	49439.5	50555.9	37702.1	38805.5
A0A8M2B8I9	A0A8M2B8I9_DANRE	cfhl5		10312.7	9470.56	12491.1	13290.3	12364.7	9658.19	19484.7	24915.9		11233.5	8220.46	12471.5	8087.51	6313.75	20313.1	21614
A0A8M2B8J1	A0A8M2B8J1_DANRE	esrra		15710.4	15532.6	20695.2	20315.6	19217.3	15865.6	15063.8	17556.5		10634	32559.7	23283.4	15064.4	24144.5	17822.6	12420.9
A0A8M2B8K6	A0A8M2B8K6_DANRE	patj			14472.1	17504.2		11646.3	14532.5				14811.7		20593.7	24111.2	12527.5		
A0A8M2B8M0	A0A8M2B8M0_DANRE	sc:d217		29300.9	27089.7			35081	34857.1	28459.3	28223.9	37129.2	31959.9	31011.3	29206.4	33497.5	25903.2		
A0A8M2B8N4	A0A8M2B8N4_DANRE	hm13		24793.3	25425.5	26056.3	31402.6	33000.8	32214.5	28208.3	32554.7	37899.4	33075.2	30162.5	29509.8	34374.7	23591.4	51351.7	91653.2
A0A8M2B8R8	A0A8M2B8R8_DANRE	dnase1l4.1		25673.6	21819.3			33531.6	22034.5	30759.4	27848.6	26218.6	21204.9	48789.8	55319	62190.8	66924.4		14000.5
A0A8M2B8T5	A0A8M2B8T5_DANRE	srsf6a		86664.9	88538.5	93864.1	91442.7	95824.6	89047.3	85963.3	88225.2	105024	104269	105749	99927.2	98836.1	102586	106802	110099
A0A8M2B8V1	A0A8M2B8V1_DANRE	osbpl2b		11997.7	12040.9	12584.6	13766.5	10180.4	10729	9213.15	11449.5		12226.6	12354.5		9796.38	12099.1	12739.1	8747.41
A0A8M2B8Y1	A0A8M2B8Y1_DANRE	uckl1b		13619.6	16115.2	9792.32	9268.05	9657.8	7895.11	11408.6	10895.5	5720.42	7526.01	17876.3	15887.7	18469.2	18351.8	8465.36	8763.99
A0A8M2B8Z6	A0A8M2B8Z6_DANRE	slmapb		313259	304226	269429	263871	290542	287105	301524	283893	340846	351772	331890	328453	335729	332613	310739	336277
A0A8M2B906	A0A8M2B906_DANRE	rca2.1		131946	131498	117429	107176	120251	114574	102225	101182	149725	152036	149209	171037	138311	140932	161766	144130
A0A8M2B912	A0A8M2B912_DANRE	emc1		50335.5	49043	51179.6	52301.7	52186.4	51784	53547.5	55404.3	52621.3	56640.4	55303.9	53095.5	51800.7	47432.1	44683.7	49715.2
A0A8M2B926	A0A8M2B926_DANRE	mapre1b		341569	335066	291536	290981	331379	330825	324542	301382	377839	342401	343162	317046	342864	326037	319402	339787
A0A8M2B959	A0A8M2B959_DANRE	g6pd		99766.4	97077.2	99634.3	101439	124788	126810	117511	124246	107264	122106	110832	106182	117531	119646	106864	104836
A0A8M2B970	A0A8M2B970_DANRE	kcnab2b		95693.8	58892.4	62306.7	57154.4	71678.6	55456.1	63056.9	62877.7	33825.5	58577.8	79457.5	74992.1	71072.9	81485	47474.1	61547.4
A0A8M2B975	A0A8M2B975_DANRE	uba1		361896	358255	337581	343559	355382	342539	383793	366662	365997	356204	398899	389963	421849	421923	356179	371956
A0A8M2B982	A0A8M2B982_DANRE	nckap5l		4172.19	4014.13	4776.37	4289.35	6004.12	3521.43	3452.93	4455.13		4857.38	4368.64	5078.98		4908.58	4185.61	5190.15
A0A8M2B9B5	A0A8M2B9B5_DANRE	soga3b		32459.7	36878	36017.2	34208.4	28079.7	32597.7	30108	31246.5	41473.9	34722.7	36564.9	40921.6	39682.3	33792.1	37504.5	33774.3
A0A8M2B9C1	A0A8M2B9C1_DANRE	rprd1b		53302.8	49548.1	49661.2	45780.4	46046.5	44447.8	48647.9	40834.2	41861.5	38040.3	48747.1	48453.9	74657.2	69384	54277.2	43981.7
A0A8M2B9C5	A0A8M2B9C5_DANRE	pfkpa		633045	642651	624216	614269	557639	557776	591432	571468	661508	648678	654277	657208	612707	606701	550687	576370
A0A8M2B9D0	A0A8M2B9D0_DANRE	actr3b		5580.93		7386.59	10203.2	6819.77	7628.81	7083.67	8931.58	11091.7	8850.15	3963.03				8492.95	13514.5
A0A8M2B9E2	A0A8M2B9E2_DANRE	tfap2a		28308.6	20601.8	23618.1	27430.7	27123	28058.3	31789.4	31918.4	18027	34097.6	27677.9	25079.2	27472.7	37598.3	28463.4	25454.9
A0A8M2B9H0	A0A8M2B9H0_DANRE	ccnt1		5947.78	9349.56		5345.96		6975.78		8962.03			3139.33	9547.44		9208.35	8866.06	
A0A8M2B9I1	A0A8M2B9I1_DANRE	thtpa		6847.88	9694.5	10349	13640.7	11433.8	11408	10828.5	9345.25	31330	24352.9	9232.83			8594.96	11442.6	12533.5
A0A8M2B9N0	A0A8M2B9N0_DANRE	sorbs3		21704.9	20289.6	23926	21260.8	20021.1	15246.4	18010.3	19731.2	15261.9	14156.3	15706.3	18521.4	17498	15213.4	18772.2	23942.7
A0A8M2B9Q7	A0A8M2B9Q7_DANRE	thnsl1		4468.59	3460.12		3658.32			5854.12	3966.25	7663.52	3622.28	4409.89	5673.88	11013.4	9418.15		
A0A8M2B9R7	A0A8M2B9R7_DANRE	nup58		14170.2	15366	12903.6	20223.8	12742.1	14621.2	13855.2	16822.9	25478.5	24398.5		11109.2	11115.8	10547.9	24731.6	29724.5
A0A8M2B9V7	A0A8M2B9V7_DANRE	si:ch73-103b11.2		6472.65	5461.89		3031.16			6542.02			5753.53	5571.18	5360.54	6447.27	7143.54	4849.53	4638.87
A0A8M2B9X5	A0A8M2B9X5_DANRE	wu:fb93h01		36326.1	31695.3	34305.1	35354.2	37730.7	32928.7	39844.4	40432.5	29216.2	31077.6	38124.4	37360.6	36592.5	39583.6	43021.7	36433.7
A0A8M2BA14	A0A8M2BA14_DANRE	slc12a7b		116357	120173	108407	108951	108794	102532	126894	129173	113187	123678	133744	130879	143283	146275	94141.9	103630
A0A8M2BA17	A0A8M2BA17_DANRE	zgc:153659		10176.2	9578.39	79328.6	79354.8		3784.26	6695.62	5167.03			5238.66	9737.54	19782.1	14807.2	6425.96	3473.92
A0A8M2BA25	A0A8M2BA25_DANRE	gramd4b		13634.4		16174.1	16182.7	11594.5	14989.9				16005		13568.5		13745.2	12043.6	13477
A0A8M2BA34	A0A8M2BA34_DANRE	cnot2		16858.8	23288.2	32877.8	38452.1	33521.5	35143	17629.1	25133.1	41338.1	54159.5	17596	19045.6	13514.7		48976.5	61897.9
A0A8M2BA44	A0A8M2BA44_DANRE	ndrg4		556074	545452	519838	516306	530378	507222	551147	528330	513955	559756	607037	596606	563217	507615	476287	490852
A0A8M2BA52	A0A8M2BA52_DANRE	crp2		29951.2	32646.6	58277.9	70604.4	34717.9	39765.5	37957.6	38451.7	18892.9	26622.9	25474.9	27455.5	18926.3	23301.1	46130.6	77366
A0A8M2BA63	A0A8M2BA63_DANRE	luc7l		161302	155930	174813	157988	174837	164893	172796	185820	141970	157340	173872	185128	168552	164155	164734	176543
A0A8M2BA79	A0A8M2BA79_DANRE	pkmb																406720	482658
A0A8M2BA80	A0A8M2BA80_DANRE	LOC100001114		436522	434148	397458	407547	394896	397839	393609	409521	491443	493989	419271	426926	377955	380643	431794	444794
A0A8M2BAF4	A0A8M2BAF4_DANRE	asph		153169	150506	104591	108290	133736	152544	148840	147900	129744	184448	116222	120486	102371	120632	157686	159061
A0A8M2BAG4	A0A8M2BAG4_DANRE	hccsa.1		8302.33	8315.22	7427.52	7881.09	10604.5	11504.8	7892.16	7699.33	5974	7143.04	5795.4	6496.35	5206.15	9084.77	7874.36	5734.37
A0A8M2BAH5	A0A8M2BAH5_DANRE	ptprz1a		15228	15618	16145	15687.6	17456.8	13933.9	13678.2	6407.29	46082.5	33577	21189.5	9732.03	14602.9	8889.53	48459.3	44860.3
A0A8M2BAJ8	A0A8M2BAJ8_DANRE	plcd1b		30000.7	27850.2	31595.3	27410.8	20620.4	14989.3	11807	9208.97	9426.77	7725.55	17597.2	16821	11961	19677.7	34385.2	38558.1
A0A8M2BAK4	A0A8M2BAK4_DANRE	pip4k2ab		194273	187108	170252	168378	175027	171265	187585	179336	172835	160675	189391	180857	197181	192726	155038	157200
A0A8M2BAL0	A0A8M2BAL0_DANRE	asap1a		6908.85	7873.89	7822.31	8130.46	7701.97	9277.06	5160.99	8541.38		10584.5	10053.5	10807.1	7153.18	5275.24	6610.74	
A0A8M2BAL6	A0A8M2BAL6_DANRE	tnika		8166.66	7136.17	7345.28	10639.7	8521.93	9076.68	5840.25	9139.62		8436.22	9224.94	10338.9	11444.8	11376.1	7879.83	7854.03
A0A8M2BAM8	A0A8M2BAM8_DANRE	kcnb2a		140989	135738	113693	107350	111512	120391	124244	126739	113460	121385	119166	112935	161784	159331	104793	106628
A0A8M2BAR0	A0A8M2BAR0_DANRE	agla		212857	210918	212543	214979	223246	226536	212163	223547	221769	227665	215285	216193	229711	234685	235506	246574
A0A8M2BAR5	A0A8M2BAR5_DANRE	si:ch211-153l6.6		44063.3	45151.6	37754.7	38572.9	42220.4	42891.5	43495.9	44384	64932.6	60202.6	43789.4	46970.2	41430.4	44933	48325.3	54868.6
A0A8M2BAV5	A0A8M2BAV5_DANRE	baiap2a		41870.7	38906.5	31401.4	29342	27024.1	30126.3	34217.8	29953.7	32412.1	32960.4	39350.3	34284.4	42108.2	41838.5	22850.5	22546
A0A8M2BAY7	A0A8M2BAY7_DANRE	jpt1b		18795	17064.3	23282.2	22279.1	20592	20573.4	21259.7	23577.5	22176.4	28724.4	25964.4	24450.5	23490.7	24386.2	22526	26227.7
A0A8M2BB12	A0A8M2BB12_DANRE	phb		224395	234232	202049	213070	201362	215455	164206	172500	291422	269665	182555	177907	209955	212664	282459	364444
A0A8M2BB22	A0A8M2BB22_DANRE	zmp:0000001048		53123.8	41705	34337.3	36860.8	33561.9	42765.3	38719	35068.5	22064.1	35386.4	33927.8	31001.7	23257.8	30558.1	68016.8	74070.7
A0A8M2BB24	A0A8M2BB24_DANRE	stat3		24148.9	20352.4	35536.1	33075.2	35870.5	36626.4	23953.3	22907.9	24325.2	27161	28178.4	32516.8	22766.6	25785.6	36758	38421.9
A0A8M2BB25	A0A8M2BB25_DANRE	atp6v0a1a		23710.6	27116.6	30577.3	30048.3	34467.9	32369.1	32065	30343.9	33520.6	47736.4	41991.8	37556.6	27685.3	31969.8	39296.9	48448.1
A0A8M2BB53	A0A8M2BB53_DANRE	smarce1		46227.2	48312.7	43979	43563.2	44554.3	45466.9	56870.4	51555	37537.7	41276.2	56468.9	51237.3	58250.3	56783	50538.3	38175.2
A0A8M2BB60	A0A8M2BB60_DANRE	wu:fj62a01		32832.6	40155.4	37584.8	42364.9	43757.4	52885.8	34378.5	36484.7	66576.1	52618.7	37751.9	33928.5	24646.2	29530.5	61337.6	48431
A0A8M2BBB0	A0A8M2BBB0_DANRE	dcaf7		57031.6	58227.9	48502.7	45642.5	58444.8	63855.2	54988.1	52431.9	43358	69793.8	62656.7	66436.1	62952.2	65612.7	61804.9	57391.2
A0A8M2BBB3	A0A8M2BBB3_DANRE	gtpbp1		34032.3	31495	27408.3	23432.9	26630.3	24273	26614.1	27670.8	20211.6	21724.9	27129.4	22631.2	40015.9	35106	24173.7	22923.1
A0A8M2BBC3	A0A8M2BBC3_DANRE	abi3a		53029.4	45607.5	38312.5	36916.7	39547.8	35435.7	41409.2	40725.8	44995.6	42185.3	52656.9	51470.1	50317.2	50039.2	22690.4	31735.6
A0A8M2BBC9	A0A8M2BBC9_DANRE	si:ch73-248e21.5										16010.8			10963.7		13430		18991.9
A0A8M2BBD4	A0A8M2BBD4_DANRE	si:ch211-198m17.1		22723.8	25161.5	21469.1	22845.2	19451.9	22239.7	24109.5	22061.8	18163	19229.7	27514	28115.7	33880.2	30934.6	20505.8	20102.1
A0A8M2BBE5	A0A8M2BBE5_DANRE	tlcd3ba		23103	22071.7	22679.7	22212.7	27041.4	19091	29310.8	25150.8	22566.4	22924.8	24189.2	24981.5	26556.5	26244.6	16138.6	22593.6
A0A8M2BBF6	A0A8M2BBF6_DANRE	llgl1		54912	52863.8	51155.5	49493.3	43875.6	44077.4	45751.4	45384.2	53097.1	63157.3	51591.7	46917.6	52507.1	44654.1	53539.3	59430.4
A0A8M2BBG2	A0A8M2BBG2_DANRE	nucb1		48943.3	43369.9	39478.7	40726.4	42713.4	41715.6	42312	42689	36509.5	42429.7	45839.5	44633.3	48663	45990	50998.4	48173.7
A0A8M2BBI5	A0A8M2BBI5_DANRE	prkcsh		222998	215529	238427	231485	237952	228705	237423	226083	191087	227688	222544	220534	232968	229372	234110	241424
A0A8M2BBL4	A0A8M2BBL4_DANRE	LOC796777		14136.3	18430.3	20630.8	23875.5	17302.2	19998.5	18961.3	20390	25189.5	18820.4	19986.3	23084.4	19455.9	18536	23197.3	19225.7
A0A8M2BBP8	A0A8M2BBP8_DANRE	tulp3		20399.1	19810.1	15927.2	13585.4	18809.8	14819.5	18588.7	15289.3		9541.51	19359.1	17703.4	19785.6	19514.3	17214.8	15843
A0A8M2BBU3	A0A8M2BBU3_DANRE	elapor2b		19579.3	19239.8	17123	17467.9	18478.3	15040.2	21127.3	22431		12734.9	33030.6		20801.8	22830.8	16095.2	15649.8
A0A8M2BBU5	A0A8M2BBU5_DANRE	plxnb2a.3				22550.7	27724.5	12423.6	13482.7	9298.76	9797.9	32400.3	20012.3	21071.6	22930.2	14584.9	12842.3	46897.5	62824.2
A0A8M2BBU7	A0A8M2BBU7_DANRE	ccdc136b		45374.2	43471.5	45003.3	48374.7	40538.9	41418	45209.4	42391.5	37150.7	37716.5	38261.9	40277.9	28975.2	30637.7	41897.7	47186.8
A0A8M2BBW5	A0A8M2BBW5_DANRE	slc25a3a		3.57159e+06	3.58573e+06	2.7103e+06	2.75246e+06	3.21766e+06	3.50297e+06	2.90437e+06	3.41472e+06	3.92065e+06	4.70441e+06	2.55936e+06	2.48054e+06	2.14221e+06	2.20701e+06	3.17632e+06	3.11738e+06
A0A8M2BC02	A0A8M2BC02_DANRE	nrcama		76361.1	71355	63698.4	61676	69597.2	73485.6	74771.6	70083.5	74399	77556.2	72407.5	76369.3	73479	62996	66631.8	68015.3
A0A8M2BC07	A0A8M2BC07_DANRE	rbm17		8342.19	7912.46	8723.6	11808	16499.4	9912	8143.92	13703.7	15546.8	10023.9	14045.7	13101.8	12059.4	10956.6	12818.4	15403.6
A0A8M2BC73	A0A8M2BC73_DANRE	lin7a		179749	222901	224295	228658	219711	236096	217674	224911	315495	255597	224671	218055	218472	217290	263733	295096
A0A8M2BC78;A0A8M3AV55;A0A286Y928;A0A8M3B6D0;E7F5X2	A0A286Y928_DANRE;A0A8M2BC78_DANRE;A0A8M3AV55_DANRE;A0A8M3B6D0_DANRE;E7F5X2_DANRE	LOC101886030;cpne5a;cpne5b;cpne8;cpne9		25620.8	25755.1	23510.3	22323.7	25946.8	27761.8	24914.1	22528.8	27127.5	19817.8	21259.4	23933.3	26987.1	28085.2	26263.1	
A0A8M2BC86	A0A8M2BC86_DANRE	golgb1		28044.4	25186.9		11799.2	25630.4	28316	15104.2	11228.6		17658.6	27728	30444.4	29400.6	29732.1	16525.2	20955.8
A0A8M2BCB4	A0A8M2BCB4_DANRE	slc2a11b		26518.6	24263.1	23008.1	16158	22925.1	24605.7	31043.8	26565.3	23663.4	12039.8	28676.5	26212.4	27167.1	37002.4	15473.2	18340.5
A0A8M2BCB6	A0A8M2BCB6_DANRE	aifm1		70813.5	73645.1	61317.3	60575.4	73757.7	70878.4	70654.3	71894.5	81425.1	97714.8	58854	64155	58834.3	61986.8	67459.4	82115.8
A0A8M2BCD7	A0A8M2BCD7_DANRE	git2a		12351.5	7802.02	6966.2	9394.79	9085.03	12143.5	9012.4	8493.42	10482	7438.18	9707.9	9277.12	12320.6	10934.2	3767.02	5750.99
A0A8M2BCG7	A0A8M2BCG7_DANRE	emid1		16956.4	18092.7	15365.4	11753.9	13832.7	17427.7	11399.5	12209	12329.8	10162.3	12616.4	10058.5	9717.66	11005.1	23175.8	18291.5
A0A8M2BCH5	A0A8M2BCH5_DANRE	gucy2d		204076	199147	178640	175654	231143	231325	233606	231018	283382	255396	223915	213498	218203	210653	196972	208300
A0A8M2BCJ2	A0A8M2BCJ2_DANRE	ctsla		150592	157136	109693	111790	119954	117870	119293	119099	83570.9	80288	87062.2	81066.7	106565	113981	72108.7	64928.5
A0A8M2BCK5	A0A8M2BCK5_DANRE	wdr54		36137.7	35336.6	47055.4	50273	45189.2	52871.1	45355.1	52120.3		42894.2	24501.2	33719.4	37824.2	43530.5	71343.1	67616.1
A0A8M2BCL1	A0A8M2BCL1_DANRE	gnb2		482685	534193	531468	560244	647608	693810	755215	910990	534687	486421	290108	290447	415564	458166	657682	1.16016e+06
A0A8M2BCN2	A0A8M2BCN2_DANRE	fbp2		20206.8	19103	25677.8	23125.4	19021.3	19710.9		24816.8		28607.8	15075.1	18786.8	21051	16979.7	31331.8	52591.5
A0A8M2BCR7	A0A8M2BCR7_DANRE	dpf2		22725.2	24395.5	29062.7	28904.4	31655.5	29713.5	29944.3	27289.5	21738	30320.9	28722.7	30460.8	28430.2	26216.4	24791.4	23543.4
A0A8M2BCS8	A0A8M2BCS8_DANRE	wdfy3		15604	14121.9	18907.2	19548.7	23140.6	20393.7	18832.9	16969		15152.4	17111.4	20575.2	22079.5	22534	23373.7	
A0A8M2BCV1	A0A8M2BCV1_DANRE	dnm1b		82622.9	80058	67971.7	65955.8	67024.4	59291.8	60678.8	73762.7	89707.6	85279.6	81025.7	75932.3	84880.9	85771.5	73857.4	74219.6
A0A8M2BCV6	A0A8M2BCV6_DANRE	brd3b		29082.4	26479.7	37708.4	33618.4	35723	36817.7	37003.4	30262	36631.9	25611.2	40969.9	33647.2	38889.1	34079.5	32245.9	25447.7
A0A8M2BCW6	A0A8M2BCW6_DANRE	pld2		30600.3	24019.1	22590.4	20724.9	25358	21435.2	21967.3	24369.8	29826.8	27806.9	23329.7	26609.5	28625.1	26753.7	20608.5	20534.9
A0A8M2BCX5	A0A8M2BCX5_DANRE	abhd10a		68005.6	64431.5	48164.5	45274.4	44690.6	41144.2	44648.9	42484	38911.9	41287.5	49654.2	44323.6	55478.1	56409	36202.5	37921.4
A0A8M2BCZ3	A0A8M2BCZ3_DANRE	rps6ka4		53950.5	55955.9	59205.6	54994	55858.5	63250.2	60639.3	60335.7	57992.9	66980.8	65536.2	62632.3	61499	60840.5	67357.9	72292.1
A0A8M2BD91	A0A8M2BD91_DANRE	actl6a		30035.4	31551.9	36562.3	37834.9	36592.5	37773.9	29145.2	36366.8	30704.7	32997.8	28564.5	28974.6	32342.7	32735.2	41965.3	37867.8
A0A8M2BD93	A0A8M2BD93_DANRE	slc44a2		136078	138101	150911	154805	152737	150562	137273	134577	157420	170748	160457	148214	146457	137092	183909	181864
A0A8M2BDB8	A0A8M2BDB8_DANRE	gpd2		26195.9	30503.1	32031.4	24924.6	24304.4	24497.1	26825.7	24792.3	22374.2	18294.3	26437.5	30836.3	29874.1	30844.3	25748.2	27386.5
A0A8M2BDE3	A0A8M2BDE3_DANRE	kank4		40795.4	42914.9	46452.3	47444.7	39505.4	37945.4	35405.2	37401.6	41362.5	36461.1	41689.4	38645.8	47131.3	39244.8	49851.3	37861.6
A0A8M2BDG6	A0A8M2BDG6_DANRE	hdlbpa		108510	105113	112501	111652	110219	107881	113903	110904	99286.1	109362	117974	119228	118084	112675	108860	113279
A0A8M2BDH1	A0A8M2BDH1_DANRE	rbm6		11762.2	11113.8		4811.76	10887.7	8997	13208.6	10813		13286.1	10236.7	7194.34	11461.7	10858.4	5687.72	8317.02
A0A8M2BDH7	A0A8M2BDH7_DANRE	gabrb3		7361.43	10873.5	7141.06	9367.59		9193.01	7549.26	7804.6		8903.08	9546.2	8031.27	9590.5	10035.7	6037.46	4413.38
A0A8M2BDH8	A0A8M2BDH8_DANRE	cnga3a		52081.5	58706.3	51973.7	57471.5	68813.9	64423.5	73046.8	70272.7	75057.8	69868	60787.6	54195.3	59666.3	54336.5	59423.6	69620.8
A0A8M2BDI8	A0A8M2BDI8_DANRE	ncoa5		82644	81889	83751.4	77626.1	82557.5	80454.7	89084.2	84266.2	83397.1	88018.7	88178.9	84604.5	89044.6	97277.6	88183	73919.2
A0A8M2BDK0	A0A8M2BDK0_DANRE	fkbp5		32084.2	33555.5	25850.5	26222.9	21479.4	20055	14696.5	15588	27890.2	24661.3	15061.3	16693.5	17289.9	17328.5	26972.3	29974.8
A0A8M2BDP0	A0A8M2BDP0_DANRE	cadpsb		134805	132215	113879	110496	110801	108083	118832	114184	123575	111528	105835	110540	128659	131353	107928	108803
A0A8M2BDU6	A0A8M2BDU6_DANRE	phkb		57501.2	60423.1	54207.2	51073.6	53505.3	46472.9	52511.3	50030.6	43581.1	52299.1	57848.8	61917	55011.1	57666.2	47367.2	46842.9
A0A8M2BE55	A0A8M2BE55_DANRE	gramd2aa		22845.8	17891.5	19039.6	16121.6	14941.8	18717.7	19710	20555.4		18846.3	22987.2	22724.1	19736	15940	13232.8	14230.8
A0A8M2BE85	A0A8M2BE85_DANRE	si:dkey-178e17.3		26114.3	29193.3	36907.7	33069.4	25121.6	23831.5	38167.4	43689.5	19161.5	27522.9	16301.1	22549.3	23533	19647	45248.7	40153.6
A0A8M2BEA2	A0A8M2BEA2_DANRE	vdac3		922394	893942	859172	833699	959226	923529	967912	959146	1.10289e+06	1.09336e+06	966036	980788	924174	956651	941968	964308
A0A8M2BEB1	A0A8M2BEB1_DANRE	itgb4		12219.7	9207.92	5300.84	5434.62	6439.22	5230.22	5771.08	6631.2		5284.41	4920.91	5219.23	4383.8	4705.11	14626.5	16023
A0A8M2BEB4	A0A8M2BEB4_DANRE	atp2b3a		108276	108498	101645	102959	95590	101615	90852.1	92169.9	116725	125458	101105	103621	100310	101441	101819	103371
A0A8M2BEB6	A0A8M2BEB6_DANRE	kif2a		40586.5	41264	47131.8	44746	47628.6	42245.8	44026.2	43426.4	37749.6	38807.6	42776.2	50199.4	43466.6	47460.5	36920.8	34669.3
A0A8M2BEC0	A0A8M2BEC0_DANRE	wu:fb82d02		16704.8	14721	15044.2	14941.5	17241.3	14618.3	13563.1	13994.6	12346.1	9973.13	16078.1	15897.4	23359.3	22096.3	13415.5	9099.6
A0A8M2BEG5	A0A8M2BEG5_DANRE	mthfd2l		16522.8	16066.1	10371	21659.8	12075.2	12425.1		12974.7		18010.5	13949.9	17645.2	10585.3	20785.4	10927	
A0A8M2BEH5	A0A8M2BEH5_DANRE	tpd52l2a		67931.1	67241.2	79905.4	83028.5	77249.6	81756.8	79324.7	69248.9	69052.5	65464.6	66629.7	66664	71271.9	72037.1	85155.8	93195.9
A0A8M2BEJ3	A0A8M2BEJ3_DANRE	slc38a5a		23016.4	25268.7	40637.4	42621.3	41523.5	46294.7	40210.5	39743.1	58930.6	49714.6	30175.4	24351.8	17982	23046.7	48640.2	71994.1
A0A8M2BEK1	A0A8M2BEK1_DANRE	slc20a2		13683.8	12487.3	10411.4	8652.93	13476.4	12082.6	10726.2	11008.9	11365.2	6647.32	11436.3	12206.5	11659.6	11974.8	11315.9	10203.9
A0A8M2BEK9	A0A8M2BEK9_DANRE	ubap2b		45898.7	41010.5	43797.5	37644.6	38357.6	37845.8	38835.4	37867.5	41185.6	43725.2	33465.3	44533.4	35439.9	36049.5	39458.4	37471
A0A8M2BEP6	A0A8M2BEP6_DANRE	grk5l		30021	32125.7	30107.1	33015.8	25593.2	28633.7	23676.1	23314.5	43438.7	34904.1	27181.9	30442.5	21473.9	22420.8	29589.2	38885.1
A0A8M2BEP9	A0A8M2BEP9_DANRE	acot7		170308	167861	132105	124196	113599	99248.1	118196	101723	109461	122818	151843	146136	135129	145986	108105	108253
A0A8M2BES5	A0A8M2BES5_DANRE	si:dkey-4e7.3		106189	105579	114690	112446	156538	152791	127326	127190	162053	173775	120439	110723	131214	137338	149972	154468
A0A8M2BET4	A0A8M2BET4_DANRE	ugt5e1		133958	125788	146236	139677	120379	131703	170640	160475	110241	118553	108582	105792	150894	164205	121074	107391
A0A8M2BEU8	A0A8M2BEU8_DANRE	atp2a2a		30102.3	30346.4	19336.5	18233	16567.7	25691.5	26570.2	18020.5		23575.3	24322.9		22081.9	15461	26401.7	28745.8
A0A8M2BEX9	A0A8M2BEX9_DANRE	cracdla		15150.6	16614.7	18858.6	16203.1	18079.9	16869.9	16952.9	15878.4	22611.3	14641.9	21703.1	22834.1	22675.3	19898.8	16654.4	10838.1
A0A8M2BF24	A0A8M2BF24_DANRE	uckl1a		9038.3	8732.81	8173.43	4479.4	5172.23		7125.35	5555.2	6683.44		8051.38	10291.7	16390.5	18160.9	7456.16	7376.36
A0A8M2BF48	A0A8M2BF48_DANRE	creb1b		21667.5	31964.8	34477.3	32921.9	24750.8	30506.5	22911.8	31977.6	44708.1	27922.3	36726.6	20715.6	20020.2	19710.8	43803.7	49878.8
A0A8M2BF50	A0A8M2BF50_DANRE	usp9		64212.7	58722	57006.4	58726.2	57697	57625.8	55458.7	58203.4	56923	60592.7	65113.3	63875.1	71106	65940.6	58283.8	59908.6
A0A8M2BFD5	A0A8M2BFD5_DANRE	aak1a		181890	180573	149415	155213	154946	153131	173619	163796	178140	178104	168774	183841	194887	186176	149539	163175
A0A8M2BFL2	A0A8M2BFL2_DANRE	mbnl2		153695	147853	142385	131642	135033	144619	194764	187384	133472	152420	153274	158651	144974	176250	108419	112366
A0A8M2BFN3	A0A8M2BFN3_DANRE	mtmr7b		24889	23768.3	19992.1			19146.5	23966.8	20330.3	25855.1						23558.7	18939.9
A0A8M2BFS1	A0A8M2BFS1_DANRE	dnaja3a		31320.2	27789.7	20210.1	21166.4	29453.1	26924.8	30795.6	29572.4	40879.8	31655.8	27316	23927.7	36591.5	26845.3	24030.5	30081.4
A0A8M2BFS8	A0A8M2BFS8_DANRE	rab3db		14641.9	11567.3	16979.3	11741.4	14311.7	16034.1	13957	14512.5	24489.5	20690.2	17245.1	17526.9	14575.9	13558.9	17127.1	18225.2
A0A8M2BFT1	A0A8M2BFT1_DANRE	si:ch73-366l1.5		109928	106417	89200.7	100226	116542	120745	114489	113987	122894	133940	134118	133411	127691	125048	130112	134714
A0A8M2BFU1	A0A8M2BFU1_DANRE	dtnba		9978.78	9417.92	11712.4	10069	11174.2	10472.1	10263.7	11716	3839.57	10801.2	10817.1	10531.3	11607.2	10969.3	12016.3	14003
A0A8M2BFY7	A0A8M2BFY7_DANRE	fsd1l		13404.3	11565.2	8674.52	9414.82	8734.68	11004.4	11303.5	12143.9	9263.52	8221.26	8573.84	11314.6	9082.79	13411	8444.3	
A0A8M2BFY9	A0A8M2BFY9_DANRE	chchd6b		27901.5	29436.4	16520.2	15140.2	17233.2	17875	24994.4	24514.7	29182.8	22076.9	25058.8	26069.8	26978.1	21418.3	25581.3	24314
A0A8M2BG05	A0A8M2BG05_DANRE	faimb		19476.4	20107.2	21317.8	18519.6	23799.9	23558	26257.5	22601.3	20174.3	17073	24418.6	27406.7	28837.2	26582.9	18158.2	16769.6
A0A8M2BG11	A0A8M2BG11_DANRE	myo1b		27367.5	29437	24593.8	22385.2	18915.3	18619.2	20183.7	19117.4		16766.6	33019.5	31135.6	30905.6	27900.2	20605.6	19204.2
A0A8M2BG23	A0A8M2BG23_DANRE	pbrm1l		15879	13709.1	14619.9	17244.6	12706.2	13118	13149.5	15415.8		10171.8	16741.8	16838.1	26090.5	20486.6	10327.7	
A0A8M2BG36	A0A8M2BG36_DANRE	ddx3xb		210378	206268	176332	179946	187224	187508	203306	201342	185914	195217	209313	215666	217883	223618	168066	174569
A0A8M2BGE0;Q5XJ69	A0A8M2BGE0_DANRE;Q5XJ69_DANRE	si:dkey-78a14.5;zgc:103601		18085	17476	18778.2	17335.5	14577.8	11146.8	13462.9	11355.5	9968.51	10391	23828.7	21289.7	15682.4	17526.6	14370	14107.8
A0A8M2BGI7	A0A8M2BGI7_DANRE	rnpep		13592.3	16027	15562.1	15219.9	37816.1	35481.5	14121.8	17120.5	30783.6	34846.7	25685.4	24890.6	22082.8	24862.1	13824.5	13427.9
A0A8M2BGJ7	A0A8M2BGJ7_DANRE	ak1		235285	221328	290201	308534	298252	315422	254421	272179	254182	270107	271578	255987	206733	205581	397346	467466
A0A8M2BGK9	A0A8M2BGK9_DANRE	lrrfip1b		22949	20595.7	19722.9	18991.2	24237.2	21344.5	27225.4	20584.2	20859.3	19680	31072.5	22883.6	25395.7	17826.5	19540.2	22698.8
A0A8M2BGM4	A0A8M2BGM4_DANRE	zc3h11a		10950.6	9247.46	12262.1	11050.2	11498.7	9164.47	13160.2	15271.1		15183.3	8889.67	10193.4	10391.8	13508.7	12749.1	9736.04
A0A8M2BGP7	A0A8M2BGP7_DANRE	hp1bp3		1.42624e+06	1.45243e+06	1.51002e+06	1.55792e+06	1.45212e+06	1.48221e+06	1.44646e+06	1.59012e+06	1.4802e+06	1.4074e+06	1.37045e+06	1.42282e+06	1.33904e+06	1.30527e+06	1.54275e+06	1.6018e+06
A0A8M2BGS3	A0A8M2BGS3_DANRE	mrpl38		10028.5	11037.3	6817.88	8780.33	8395.55	7132.99	7441.46				5557.76	7739.31	10490	11969.9	4740.85	
A0A8M2BH26	A0A8M2BH26_DANRE	kif13ba		19886.3	16861.7	16141.7	21403.8	17396.5	19701.3	15778.9	17001.9		20033.1	13075.6	14184.8	16467.1	13416.5	14818.3	
A0A8M2BH38	A0A8M2BH38_DANRE	rp1l1a		30527.2	29623.9	28352.3	26559.8	34359.9	27582.5	27668.9	29793.9	11879.8	23968.2	36536.3	29203	32251.9	30081.4	25287.6	21353.1
A0A8M2BH47	A0A8M2BH47_DANRE	cpne1		275079	274017	307547	308603	258646	248463	245541	245505	190349	203510	270797	272998	272473	243810	315212	301290
A0A8M2BH52	A0A8M2BH52_DANRE	si:ch73-167i17.6		140669	139039	122845	134866	183983	174823	191940	173137	160992	168963	194061	179771	192433	191430	151179	179754
A0A8M2BH70	A0A8M2BH70_DANRE	nid2a		49054.2	48677	52187.4	53197	61585.8	65324	47622.7	52157.5	38723.3	43127.7	57409.6	52583.3	58749.8	58221.9	59261.2	59138.8
A0A8M2BH83	A0A8M2BH83_DANRE	man2b1		26315.6	25324.6	20628.4	19411.7	24313.5	21882.7	19536.8	22753.1	25847.2	27005.8	25159.3	23842.4	23944.7	25462.3	22305.4	24524.5
A0A8M2BHB1	A0A8M2BHB1_DANRE	pals2b		211010	220069	236813	233506	224828	234038	227689	242249	199125	239612	213906	215258	214546	220098	279232	286138
A0A8M2BHC2	A0A8M2BHC2_DANRE	umad1		11810.8	10375.9	14579.6	16056.7	10966.7	12883.2	7620.39	6766.99	17153.3	9894.71	7645.33		7233.87	8668.53	14448.3	7567.04
A0A8M2BHJ3	A0A8M2BHJ3_DANRE	smpdl3a		8860.58	11012.9	6458.14	4414.63	10478.7	9264.77	11066.6	9612.76	7068.55	9214.44	11742	9857.3	12316	14563.3	4020.84	3503.17
A0A8M2BHM0;A0A8M6Z5H5	A0A8M2BHM0_DANRE;A0A8M6Z5H5_DANRE	LOC101884113;LOC101885270		3610.05		6306.89	3307.71	4449.78	3389.9	4586.91	4636.77		2103.55	6324.18	6113.29	6123.64	7245.27	3560.51	
A0A8M2BHN3	A0A8M2BHN3_DANRE	cldn2		3753.15	2440.64	2709.29			2630.6				3491.98	5759.66	3829.81		3024.31		4204.36
A0A8M2BHY2	A0A8M2BHY2_DANRE	nub1		25517.2	24068.5	28118.4	21186.4	26874.7	27279.8	26390.9	28122.9	28092.9	23340.4	27530.8	28274.6	31318	30060.5	25611.3	26595.8
A0A8M2BI19	A0A8M2BI19_DANRE	rela		26007.9	22579.7	28261.9	26265.5	26906.4	23677.1	26417.4	22991.3	28479.5	22996.9	26466	26324.3	26928.6	24217.8	27592.3	30384
A0A8M2BI30	A0A8M2BI30_DANRE	arfip1		50151.5	52165.8	46267.9	53144.7	46379.8	47023		56234.3	27228.6	36270.1	59533.7	55397	62592	55140.2	51121.4	40312.8
A0A8M2BI88	A0A8M2BI88_DANRE	fabp2		186627	189652	193131	204864	145947	130218	166744	170679	195238	129951	129870	116663	120818	133107	134264	120125
A0A8M2BIA1	A0A8M2BIA1_DANRE	atp11a		22687.8	25173.5	29519.2	26501.3	25121.3	28386.1	25837.9	31525.3	29082.6	26399.9	23196.3	27004.5	26414.4	22261.3	27272.4	22767.5
A0A8M2BIA6	A0A8M2BIA6_DANRE	prkacbb		182670	176074	151695	144519	164391	171902	201784	199111	175319	171983	171976	166484	168003	172756	161236	164624
A0A8M2BIB0	A0A8M2BIB0_DANRE	cryzl1		14996.2	13281.8	14165.2	13098.8	13095.2	9598.4	14692.6	8392.54			11967.3	13411.3		13758.7	9234.49	
A0A8M2BIB3	A0A8M2BIB3_DANRE	kng1		114072	112910	191381	192364	125838	112068	128695	128061	97511.1	87837.4	195236	195870	133102	129976	187145	189472
A0A8M2BID5	DESPA_DANRE	dspa		29842	29223.4	20416.7	20108.9	20223.3	19199	17017.8	19030.3	18421.3	14632.4	20388.8	19406.8	16214.4	18168.2	30410.7	29817.5
A0A8M2BIE5	A0A8M2BIE5_DANRE	mul3		39852.7	39702.2	47640.5	40707.1	32803.6	29302.6	30369.1	32381.9	34658.1	37376.8	46224.1	46789.3	49123.2	53101.4	32566.4	22108.7
A0A8M2BIG8	A0A8M2BIG8_DANRE	gorasp1a		25427.9	24150.1	19549.6	17333.8	23762.8	20548.7	27821.5	22390.6	17434	14231.4	20224.2	21810.9	22639.9	23214.4	15983	20612.8
A0A8M2BII5	A0A8M2BII5_DANRE	LOC101884666		22397.2	17219.4	18545.1	17378.2	14916.5	16555.8	23377.4	16051.3	29342.4	22095.7	30637.3	18868.1	25758.1	25093.6	19418.2	19888.6
A0A8M2BIL6	A0A8M2BIL6_DANRE	insra		23560.9	22685.1	21870.7	25168.6	20917.3	25010.9	27705.5	24092.3	19015.9	19661.4	23611.6	20303.1	17300.5	26275.8	27977.2	22774.9
A0A8M2BIL8	A0A8M2BIL8_DANRE	elavl1a		378783	368738	374664	337192	396515	393119	386312	377343	497731	397095	413193	393520	475684	441747	389822	425176
A0A8M2BIP7	A0A8M2BIP7_DANRE	itsn1		46391.1	44481.1	42471.7	40845.4	42727.8	40840.6	46590.9	43795.2	44099.3	46251.5	48390.8	45334.7	50459.8	51275.2	40402	41882.3
A0A8M2BIQ8	A0A8M2BIQ8_DANRE	esyt2a		14635.3	16095.5	15429.2	13478.4	16130.7	8454.97	9852.05	9137.48	12159.5	8933.76	16454.1	15116.5	14179.2	13886	15054.9	11984.7
A0A8M2BIV4	A0A8M2BIV4_DANRE	pip5k1cb		92938.2	86930.4	87442.4	77862.8	76823.3	86875.7	83225.5	83189.9	81186.4	89590.8	100103	94013.7	90943.7	88248.9	72187.6	82692.1
A0A8M2BIW9	A0A8M2BIW9_DANRE	csnk1g2a		47087.9	45608.6	42839	40632.9	44955.6	44688.2	38715.1	42510.6	53414.6	49855.7	42441.6	47377.7	49294.7	50744	50093.1	47702.2
A0A8M2BIZ7	A0A8M2BIZ7_DANRE	rabl6a		10614	8974.22	10320.6	10933.9	11465.2	8269.17	8156.73	8122.36	10070.9	8102.83	9000.57	7482.81	6679.38	8205.64	6910.34	8566.51
A0A8M2BJ13	A0A8M2BJ13_DANRE	nap1l1		72562.3	71829.7	69001.7	71793.5	72768.6	74875.4	75175.5	78729.5	114636	95503.2	65830.3	63063.6	60755.3	68261.2	99434.8	121679
A0A8M2BJ50	A0A8M2BJ50_DANRE	btf3		28079	22020.7	24192.2	18163.4	22003.1	20349.9	18955.5	21540.4	21211.2	15041.6	31578.1	22839.7	32965.1	34170.6	23461.4	18834.3
A0A8M2BJ69	A0A8M2BJ69_DANRE	vcpip1		18888	20159.7	16669.3	14953.9	14022.1	15971.7	15963.1	13364.1	12375.1	10996.5	20008.9	19308.4	18738.5	20952.7	9710.88	18243.3
A0A8M2BJ79	A0A8M2BJ79_DANRE	kif5ba		98662.4	94842.1	94560.3	92782	94314.1	97308	95813.2	97938.5	117295	115628	103055	106284	89014.8	88087.8	103768	106097
A0A8M2BJ83	A0A8M2BJ83_DANRE	map6d1		21049.3	18517.4	19640.3	30535.9	21611.7	22984.9	19557.1	17723.1	24953.8	19869.9	23041.5	24009.1	33669.2	24088.6	18000.3	12463
A0A8M2BJA3	A0A8M2BJA3_DANRE	rabep1		51430.3	52062.4	50865.1	48750.6	48049.3	49221.6	53988	50339.9	48852.6	51989.7	60411.4	60545.6	60536.7	57281.6	48471.2	49238.3
A0A8M2BJC9	A0A8M2BJC9_DANRE	abr		15606.6	15759.1	14621.6	19688.4	17928.9	14269	11370.2	15003.6		16831.5		12428.9	21202.7		22668.8	23647.2
A0A8M2BJD0	A0A8M2BJD0_DANRE	padi2		77609.9	84695.1	102423	99647.5	92795.5	90497.6	91389.4	98423.3	83432.1	88292.9	99753	95646	84546.6	81947.6	116625	112246
A0A8M2BJD6	A0A8M2BJD6_DANRE	prrc2b			11595.3	12322.8	21624.9	18590.5	20360.1	9380.29			29462		12843.9			29353.2	32653.9
A0A8M2BJG8;A0A8M6Z5I7	A0A8M2BJG8_DANRE;A0A8M6Z5I7_DANRE	LOC101884025;LOC101885783		34315.9	21601.4	35860.3	30730.4	32875.1	28572.6	26376.4	28942.8	33392.8	29259.2	40232.5	32886.3	39957	44324.6	24118.8	24911.1
A0A8M2BJM8	A0A8M2BJM8_DANRE	rbm4.3		601464	594555	629824	633655	674740	667998	711963	724640	761875	659639	593560	627953	642234	664607	720163	710606
A0A8M2BJN0	A0A8M2BJN0_DANRE	zgc:63587		114761	123958	141570	146299	142880	154651	120363	118213	176193	170536	136479	128285	111674	117347	164003	188824
A0A8M2BJP0	A0A8M2BJP0_DANRE	mfn2		35211.6	27891.4	32553.3	22774.3	31126.7	37897.3	31366.6	23935	35625.7	39706.9	34970.6	35364.4	37867.9	24122.4	33143.1	36428.4
A0A8M2BJS5	A0A8M2BJS5_DANRE	rph3aa		111691	110704	84597	84519.7	103175	101756	91069.6	85817.2	91875.1	93436.1	112508	110065	121523	112830	84665.7	87069.4
A0A8M2BJT5	A0A8M2BJT5_DANRE	ogdha		205277	197512	164191	166690	193035	189106	196540	200979	190875	204879	177589	178150	208808	208468	168093	168588
A0A8M2BK46	A0A8M2BK46_DANRE	optc		51988.6	50879.1	48958.4	49257.6	51912.5	54228.8	45205	46808.4	50430.9	42671.1	43863.6	45351.4	37022	38887	51880.3	49519.6
A0A8M2BK75	A0A8M2BK75_DANRE	ero1b		11500.1	7519.71	17175.3	9372.83	14157	9661.95	9746.49	11539.3	14515.8	12253.3	16598.9	15938	12570.3	12370.1	7320.01	
A0A8M2BKA1	A0A8M2BKA1_DANRE	bnip3		18756.7	8015.84	13114.4	12808	12404.9	14753.6	15903.9	7583.54	16617.8	11255.6	11726.9	15287.3	14568.1	14805.2	9840.42	12088.1
A0A8M2BKB4	A0A8M2BKB4_DANRE	sec31b		34216.6	34837.5	35766	31731.8	35501.9	27980.7	33170.5	32027.4	42126.6	39724.7	37066.3	41029.8	38389.6	34315	37640.5	37713.9
A0A8M2BKD3	A0A8M2BKD3_DANRE	npm1b		37982.8	41850.1	43432.5	46448.3	45102.8	50131.9	43895.9	50745.5	32971.5	41604.4	41327.1	39269.2	41534.5	38913	52825.1	49560.7
A0A8M2BKD5	A0A8M2BKD5_DANRE	g3bp1		393517	395799	378712	388125	400481	371070	425424	387318	441297	421486	463782	463873	495353	461349	383534	366674
A0A8M2BKE2	A0A8M2BKE2_DANRE	stx3b		107073	107037	104794	99249.9	93148.1	86185	104911	100366	89188.5	90399.9	134594	133267	123516	116811	79495.7	77881.5
A0A8M2BKE8	A0A8M2BKE8_DANRE	gm2a		4466.89	4485.83	7473.99	7285.42	9004.39	8222.77	8267.36	4752.64	13586.5	7715.83	4862.91	3145.21	6145.1	5084.82	14975.8	25742.6
A0A8M2BKF1	A0A8M2BKF1_DANRE	ctbp1		45668.6	51311.1	58789.1	61086.8	40719.4	51939.4	48565.2	62705.5	48461.5	64259	41640.6	45984.9	46257.4	39651	80673	93563.3
A0A8M2BKI1	A0A8M2BKI1_DANRE	LOC100333185		11756.6	12994.2	9393.36	10303.1	13688.4	9902.52	12011.8	10249.4			15116.8	14883.1	20894.7	19114.7		
A0A8M2BKJ3	A0A8M2BKJ3_DANRE	arhgef6		27836.7	31101	31141.7	24635.1	29259.9	24286.8	30814.1	30379.6	13562.8	21900.6	29223.3	28023.9	32292.7	34028.7	24531.6	24057.7
A0A8M2BKJ6	A0A8M2BKJ6_DANRE	septin6		233927	240089	250918	251547	232150	254050	218576	245270	246790	286609	227299	213314	199675	197593	322190	352977
A0A8M2BKM7	A0A8M2BKM7_DANRE	LOC563082		49561	44755.3	49364.5	44930.9	44531.7	45332.6	45263	39658.3	44598.3	42670.8	33783.9	38542.8	38249.7	44471	48418.1	48579.7
A0A8M2BKP3	A0A8M2BKP3_DANRE	stim1a		20499.2	17951	15629.4	20072.5	20819.7	23246.9	18932.3	17561.7	21869	22352.3	23621.1	20185.8	16670.9	17223.9	17207	19274.6
A0A8M2BKS1	A0A8M2BKS1_DANRE	hpxb		80122.6	75421.5	207299	204080	36977.4	35603.8	39729.5	36798.6	58386.7	53333.1	67865.2	62340.4	42478.1	41748	89289.1	91958.1
A0A8M2BKS3	A0A8M2BKS3_DANRE	cicb		9425.47	7704.97	14180.9	14107.7	12563	15067.7	10771.2	11053.6	18494	10961.6	10387.9	9372.87	6932.51	10418.2	11935.8	13092.3
A0A8M2BKS8	A0A8M2BKS8_DANRE	ephb6		25179.4	26067.7	24851.3	25187.3	20585	19673.4	22435.3	21567.4	21238.6	23113.5	26414	29666.1	27991.2	31907.6	21193.3	19202.3
A0A8M2BKV2	A0A8M2BKV2_DANRE	lrch3		9342.06	11866.2	11645.2	12337.6	12461.6	15037.6	9824.78	12167.4	11951.2	13369.8	14135.3	13306	14553.4	14238.8	14013.4	10480.6
A0A8M2BKV9	A0A8M2BKV9_DANRE	fam168a		11847	12667.2	13591.8	12584.4	11088.1	7750.08	6621.55	6760.24	12040.8	3085.96	8896.18	3367.66	12911.7	13713.2	10446.3	11233.9
A0A8M2BKX2	A0A8M2BKX2_DANRE	kdm3b		27478.8	26179.4	28990.8	29401.3	29121.5	27227.7	30130.7	27023.8	26177.3	27660.5	27622.9	28005.5	30860.7	30664.4	28237.4	29094.4
A0A8M2BL29	A0A8M2BL29_DANRE	map7d1b		18221.5	21769	22818.8	12724.7	18242.7	17443.6	21549.9	20647.8		22229.5	14348.3	24333.1	16871.2		33641.7	36629.5
A0A8M2BL32	A0A8M2BL32_DANRE	LOC101884821		11836.3	12160.8									4288.07	3916.82			11405.6	7443.47
A0A8M2BL53	A0A8M2BL53_DANRE	hmbox1b		20429.2	18093.8	15317.8	18302.9	11739.7	16283.1	16530.8	13854.9	20056.4	13767.8	20409.1	19179.7	14104.4	16709.6	13491.2	18531.1
A0A8M2BL55	A0A8M2BL55_DANRE	LOC101886033		26226.1	21688	49675.8	50898.6	57903.3	58999.9	45923.2	51118.6	28215.6	31760.8	56774.2	45620.7	56986.5	57007.1	65828.2	56515.9
A0A8M2BL77	A0A8M2BL77_DANRE	sra1		27872.7	24836.1	27919.3	25139.7	26132.3	28410.5	18783.9	13455.9		28097.7	23080.1	25998.5	29213.3	30139.6	32323.8	32424.9
A0A8M2BL85	A0A8M2BL85_DANRE	aff4		10684.8	12392.3	13087.9	11498.8	12594.5	13139.1	11373.2	7504.68	15708.7	13301.6	13458.7	15754.1	13529.6	10179.7	13236	12973.7
A0A8M2BL86	A0A8M2BL86_DANRE	LOC101882355		35020	35027.8	40303.5	35720.6	39541	37876.3	35933	37688.8	33562.5	30273.4	39936.7	43765.9	38198.6	35022.3	34865.1	34274.5
A0A8M2BLA7	A0A8M2BLA7_DANRE	capn12		60587.9	53719.6			23256	15465.7	20022.8	25773.7						26794.4	72886.1	78503.5
A0A8M2BLB3	A0A8M2BLB3_DANRE	rad54l2		9622.05	8608.82	9185.79	9448.35	12393.5	7376.59	10413.9	7372.46	13439.6	10432	14348.8	9825.09	12317.5	12964.1	9076.64	9283.99
A0A8M2BLC4	A0A8M2BLC4_DANRE	capn1b		69856.8	54296.4	38906.8	28929.2	48294.2	52065.4	50483.3	35699.8	64998.6	50522.2	38409.3	71330	40709.4	71628.3	44528.8	52635.9
A0A8M2BLG1	A0A8M2BLG1_DANRE	serpinb1l3		10148.6	8957.87	10071.7	7264.62	9008	5407.27	7836.29	6971.73	5141.08	6387.36	7946.61	11065.4	12435.8	9957.23	8900.26	7705.24
A0A8M2BLL8;A0A8M2BDP2;A0A8M3B0U1;A0A8M9QEV4	A0A8M2BDP2_DANRE;A0A8M2BLL8_DANRE;A0A8M3B0U1_DANRE;A0A8M9QEV4_DANRE	LOC100334495;LOC103908810;LOC110439825;LOC799796											21452.8						
A0A8M2BLP8	A0A8M2BLP8_DANRE	nherf1b		15614.2	11697.4	20875.7	19335.8	15345.9	15137.8	9427.55	6083.35		12043.8	17065.2	21709	12808.9	14544.1	27953.2	35986.5
A0A8M2BLR3	A0A8M2BLR3_DANRE	LOC101885703		18133.3	21325	18561.2	18719.6	23869.3	19821.5	16686.5	17878	27677.7	21159.1	25148	22327.5	17039.5	17844.8	22186.2	22289
A0A8M2BLY6	A0A8M2BLY6_DANRE	LOC101886774					11334.8	20512.9	19293.1	13426.8	10660.5	25340.8	11697.3	17906	15675.3	30705.1	23441.3	8975.79	13705.3
A0A8M3AH76	A0A8M3AH76_DANRE	psip1a		4568.59	4094.11	7413.11	6040.88	7250.49	4926.07	6214.52	6937.84	5006.76	3727.07	7562.52	4197.02	5550.03	5035.38	6865.45	5267.58
A0A8M3AHJ9	A0A8M3AHJ9_DANRE	inpp5ka		131415	128384	122496	122058	132231	132242	154336	159802	131613	139363	99719.2	113000	132746	129057	104685	103899
A0A8M3AHU4	A0A8M3AHU4_DANRE	pex5		102819	106022	74676.7	84739.5	85500	88541	98896	95660.8	73608.4	85126	103522	102933	118599	122226	85517.4	87188.7
A0A8M3AHV3	A0A8M3AHV3_DANRE	ankrd13d		13383.3	16102.6	14345.6	14214.7	12101.7	7315.4	16062.8	13525	11852.3	13527.6	17797.2	14393.8	18760.7	19683.3	11288.6	11086.3
A0A8M3AHW7	A0A8M3AHW7_DANRE	ttyh1		107775	111062	101550	103474	106217	105836	117492	120430	104359	92554.7	99081.8	96404.3	99680.8	105238	91992.9	90253.7
A0A8M3AI27	A0A8M3AI27_DANRE	pcdh1b		27230	20762	31624.2	31229	29880.5	26735.6	29656.4	27753.5	10623.7	14485.5	31375.9	27612.9	27655.9	29276.6	28104.2	23721.4
A0A8M3AIA9	A0A8M3AIA9_DANRE	gbe1b		169837	169386	166634	168545	165831	162246	165296	160814	158679	149895	179671	170056	175072	173369	155065	140469
A0A8M3AID6	A0A8M3AID6_DANRE	dek		15798.7	16296.9	17938.3	17952.8	12593.1	19497.4	17954.6	17592.3	14093.1	18824.2	19162.5	19615.5	17578.8	12851	26261.2	29713.6
A0A8M3AIG3	A0A8M3AIG3_DANRE	msi2b		80639	76604.4	89740	84106	89195	78011.6	89375.3	82118.4	103201	84573.4	85849.5	83435.7	101330	90792	79499	74445.2
A0A8M3AIJ0	A0A8M3AIJ0_DANRE	zgc:172295		25845.4	26189.1	18513.9	27164.1	21903.9	24946.3	30058.7	25808.1	29075.7	26671.2	26132.1	23307.8	28542.5	27655.5		17517.5
A0A8M3AIP2	A0A8M3AIP2_DANRE	frya		87075.5	90687.4	62816.1	80495.3	73256.2	97565.6	111661	109178	81524.7	81321.1	87926.7	82003.3	91984.4	71478.4	54951.5	75076.8
A0A8M3AIS0	A0A8M3AIS0_DANRE	slc8a2b		10269.4	11685.2	2920.98	2950.78	3703.09	3069.51	7113.69	8901.44					14561.5	11181		
A0A8M3AIT6	A0A8M3AIT6_DANRE	htt		46239.6	41385	30098.9	31646.6	37345	34903.5	42274	41948	36218.6	35355.3	46036.6	45027	48809.6	46157.3	24771.6	26202.6
A0A8M3AIZ5	A0A8M3AIZ5_DANRE	col14a1a			18906.4	14556	22668.2		5852.54	10611.4	17253.1							36352.9	35747
A0A8M3AJ48	A0A8M3AJ48_DANRE	lipeb		32210.7	32800.9	15724.8		53568.5	46315.6	47851.1	44385.7	48699.9	52602.9	51461.8	58279.2	51184.6	58472.7	48606.5	38597.6
A0A8M3AJ97	A0A8M3AJ97_DANRE	col12a1a		24236.3	24793.8	36387.1	40735.9	17696.1	23244.9	44244.4	16914.1		19044.4		8818.39		13252.6	72414.9	75996
A0A8M3AJF7	A0A8M3AJF7_DANRE	frmd4a		10918.5	13107	10808.4	6655.46	7775.7	10221	10204.7	10243.4	11321.5	6508.16	8868.39	9423.18	17215.9	15517.5	8510.01	9465.64
A0A8M3AJG6	A0A8M3AJG6_DANRE	pclob		47160.3	47068	41360.7	43111.3	45402	40970	47078.4	43791.2	47164.3	48723	51823.4	48348.4	49048.5	47614.8	37236.5	36545.8
A0A8M3AJI9	A0A8M3AJI9_DANRE	ppcdc		3917.05	5600.17	11216.3	11230.9	10097.9	6850.49	8835.63	8788.95	8336.73	10939.3	12954	10439.8	4487.62	8144.46	9480.33	11087.3
A0A8M3AJK7	A0A8M3AJK7_DANRE	slc24a1		29633.1	32321.7	32492.9	32205.1	36301	25752.6	43982.9	42461.8	31652.5	26693.2	24220.3	23470.6	29810.3	32753.4	31414.1	28307.7
A0A8M3AJW5	A0A8M3AJW5_DANRE	ttc7b		57468.7	52700.4	44865.7	43655.3	44174.4	43603.4	49155.6	51158	44288.2	47949.2	47347.5	50965.4	58082.8	57223.1	42506.3	40188.5
A0A8M3AJX0	A0A8M3AJX0_DANRE	hectd1		18098.3	16334.9	17346.9	18485.1	12938.9	16957.5	20469.8	15506.9	22169.9	19088.5	19754.2	15366.2	25548.8	9957.11	18798.1	22760
A0A8M3AJY3	ABRX2_DANRE	abraxas2		15716.2	11706.4	13934.2	17689.9	15598.6	19057.7	14355.1	12159.9	12443.9	19387.6	15463	15509.6		6129.48	20169	19799.7
A0A8M3AK55	A0A8M3AK55_DANRE	cspg5b		24424.4	18727.1	29197.1	26011.8	28092.6	26094.4	27907.9	34491.7	55352.7	40204.2	32269.1	27304	29232.8	23617.3	41901.8	46572.7
A0A8M3AKD0	A0A8M3AKD0_DANRE	ago2		118859	118508	119653	111773	124088	122631	126152	124792	121204	127954	123838	119288	116870	121020	129295	137897
A0A8M3AKN3	A0A8M3AKN3_DANRE	kifc3		25917.1	28397.7	29489.7	29877.8	31334.5	31691.2	25699.8	28849	50417.1	30981.1	24006.7	27484.2	30579.7	26673.1	23783.3	36689.9
A0A8M3AKR9	A0A8M3AKR9_DANRE	si:dkey-89b17.4		19441.7	17314.7	23951.3	19725.2	22776.6	17480.5	22867.7	22433.7	15796.6	22129.4	18915.1	25006.7	19310.2	22195.3	21073.7	20530.4
A0A8M3AKV9	A0A8M3AKV9_DANRE	stxbp5a		32328.7	32913.6	31970.2	35775.8	32647	36112.9	28620	33975.9	51196.7	47336.3	27061.3	29677	25763.8	28059.8	52704.7	60858.5
A0A8M3AL15	A0A8M3AL15_DANRE	cad		32938	28750.6	25596.3	25782.7	31703.3	30308.6	28920.7	27384.8	28575.2	31996.6	22485.3	25076.1	31552.8	27070.8	27914.1	26520.3
A0A8M3AL25	A0A8M3AL25_DANRE	mark3b		30846.6	32051.5	27161.8	29656.2	32974.9	30291.2	31060.2	29573.2	27318	25457.9	28809.4	24923.9	29273.2	28543	20341.6	17934.4
A0A8M3AL80	A0A8M3AL80_DANRE	slc4a4b		47018.8	47146	46201	44406.2	47026.6	48442	47861.3	49037.8	47503.2	49822.8	50371	54529.9	51937.9	48662.5	41105.8	45475.5
A0A8M3AL98	A0A8M3AL98_DANRE	LOC569340		67502.1	66538.1	84880.2	88122	67285.3	63816.1	49226.3	50323.6	73418.7	54571.9	68373.7	68582	62292	57122.4	81491.8	64542.7
A0A8M3ALU6	A0A8M3ALU6_DANRE	gabra1		78472.4	87701	89061.4	93958.4	84199.3	86730.8	71376.9	94539.2	97534.7	135095	54609.6	67416.9	72946.2	65824	107373	110011
A0A8M3AM98	A0A8M3AM98_DANRE	cnksr2b		20470.6	23599.4	19501.4	22156.2	13391.6	22017.7	21391.7	23908.2	20567.3	13038.1	23907.7	22702.2	33408.7	24655.6	18251.4	19318.7
A0A8M3AMD6	A0A8M3AMD6_DANRE	cfhl4		73038.8	73738	200714	199322	75907.1	70611.5	91960.1	93566.2	54498.2	53924.1	89400.2	86035.8	110297	101361	151373	148322
A0A8M3AMS1	A0A8M3AMS1_DANRE	nol4lb		8138.67	10595.2	11687.1	8758.07	11554.1		10154.3	11483.4		9829.2			8164.39	7223.35		
A0A8M3AN14	A0A8M3AN14_DANRE	unc13a		40504.3			46178.3	34297			86153.1	60033.2				30314.3	29340.2		
A0A8M3AN31	A0A8M3AN31_DANRE	znf385a		12916.7	11554	11928.1	10624.2	9737.77	11502.3	15830.4	12888.2	12952.6	8738.44	15406.5	15331.3	13889.7	14871.4	9818.63	10607.4
A0A8M3AN32	A0A8M3AN32_DANRE	si:dkey-121a11.3		4747.9		4668.24	5030.73	6137.7	4772.38	6794.62	8666.57	5189.22	10065.7	8065.99	5923.23	6463.76		5771.39	
A0A8M3ANA5	A0A8M3ANA5_DANRE	acy1		37992.5	33572.1	39399.4	37756.9	36002.4	39004.1	42972.3	43789.1	37519	36799.6	34717.7	35647.5	35548.7	39735.9	34716.8	35419.6
A0A8M3ANA9	A0A8M3ANA9_DANRE	si:ch211-126j24.1		28664.1	24377.4	27115.2	26642.7	25959.8	24125.7	28722.4	26601.4	25348.1	33454.2	26375.6	20874.3	32777.6	35632.9	26779.4	25905.9
A0A8M3ANB0	A0A8M3ANB0_DANRE	pfkfb2a		9286.48	7446.08	7198.56	6140.46	7478.72	8194.21	5666.83	6641.56	7936.94	6468.34	8277.57	6684.38	6140.3	5598.46	7789.61	5848.33
A0A8M3ANB2	A0A8M3ANB2_DANRE	tasora		4071.81	3735.58	4733.06	5321.7	6134.38	7327.88	7433.74	7459.66	8517.13	6420.8	3871.71	4104.5	2582.56		5544.38	5742.04
A0A8M3AND6	A0A8M3AND6_DANRE	abi1a		68052.8	71425.6	77612.3	77536.1	72179.2	64278.4	64771.8	63932.3	52752.2	59063.8	81590.5	82196.8	85448.2	82499	69400.7	71857.9
A0A8M3ANE7	A0A8M3ANE7_DANRE	ccny		15145.4	23633.3	15186.6	15210.5	14508	14161	20144	14517.8	18251.2	22946.5	21024.8	24974.8	19305.2	20593.3	19384.5	21505.4
A0A8M3ANE8	A0A8M3ANE8_DANRE	lama5		17425.7	20179.1	15609	17009.2	20782	19115.9	14849.1	16877.5	16017.9	18408.8	15373.3	15573	15638.5	18227.5	23920.6	22835.8
A0A8M3ANN8	A0A8M3ANN8_DANRE	dip2ca		11881.1	9288.01	8463.4	12692.3	9790.04	8715.99	8962.19	11152.9	13909.7	12383.3	10501.3		15448.6	8457.09	6195.34	
A0A8M3ANQ1	A0A8M3ANQ1_DANRE	ca6		8347.56	7879.52	11942.4	12822.8	7122.69	7430.54	6972.51	8843.63	8854.45	8499.11	6356.18	6566.96	8130.59	6987.88	14196.1	14188.4
A0A8M3ANQ6;A0A8M3AZ92	A0A8M3ANQ6_DANRE;A0A8M3AZ92_DANRE	LOC562466;cngb3.1		31719.5	28492.3	28275.6	30486.5	29936.4	27381.2	30342.9	32880.1	20415.1	22035.3	31050.1	28765.1	33676.5	30352.6	25249.8	24509.9
A0A8M3ANT7	A0A8M3ANT7_DANRE	slc17a7b		91587.8	96689.3	72290.4	77363.2	95027.5	93265.6	98922.5	93629.9	131704	117397	80046.6	84166.4	83664	82608	85656.4	90775.6
A0A8M3ANV7	A0A8M3ANV7_DANRE	LOC103909810		29432.7	25825.8	37888.7	33645.4	26030	24830.9	21766.3	22061.6	16869.2	15263.2	24401.4	23339.2	21385.2	22492.9	33336.7	29361.6
A0A8M3AP08	A0A8M3AP08_DANRE	ckap5		41990.6	39305.5	42706.9	39944.9	40373.3	35274.5	36194.2	41712.4	27461.2	31960.7	47133	37105.3	61374.5	47223	34667.4	38755
A0A8M3AP68	A0A8M3AP68_DANRE	rps6ka3b		23006.3	23968.4	20416.6	17922	21302.8	16534.1	21748.9	20680.4	21035	20185	23949.1	24276.8	23798.3	23691.2	21026.9	15140.9
A0A8M3APC8	A0A8M3APC8_DANRE	LOC100534741		69445.2	72803.1	66832.8	64062.2	81783.2	67928.6	89967	90201.9	72264.3	66502.7	95119.8	84068.4	91440.9	87716	60640	65158.2
A0A8M3APC9	A0A8M3APC9_DANRE	sh3glb1b		9818.75	12614.1	13430	16643.3	12024.4	13670.8	11457.4	15776.1		13492.2		7803.89	8851.82	7640.09	25651.1	33479.9
A0A8M3APD0	A0A8M3APD0_DANRE	lrba		20991.1	22810.7	25851.1	26638.5	26526.9	29131.7	27156.9	25873	34627.3	31489.6	25901.2	22777.1	26381.7	24624.4	27199.9	30429.7
A0A8M3APD8;Q6TH48	A0A8M3APD8_DANRE;Q6TH48_DANRE	aldh2.2;wu:fb14d09		92613.8	82383.7	87514.6	87667.2	108805	110674	104503	101455	121892	98071.1	80338.2	90038	102316	108788	122545	142023
A0A8M3APK4	A0A8M3APK4_DANRE	LOC103910030		12482.3		12102.6	14763.8	15517	11780.1			19331.5	9791.46		16072	12930.6		13593.5	17229.1
A0A8M3APN2	A0A8M3APN2_DANRE	atp2b1b		250261	247511	224957	220350	231296	229234	232193	225242	241037	239124	245576	255436	252601	255850	220629	227213
A0A8M3APP4	A0A8M3APP4_DANRE	col15a1b		10231.1	10140.7	16590.4	13345.5	11194.4	15345.7	10165.8	11581.2	14249.3	15499.3	6951.73	6217.87	7517.2	12019.5	18405.3	23243.1
A0A8M3APQ1	A0A8M3APQ1_DANRE	kif1ab		12790.3	14725.1	16350.1	12850.9	13976.4	17032.3	14608.5	15156.9	20885.8	17120.6	10980.5	11059.1	10373.6	12384.3	15336.9	17296.1
A0A8M3AQ10	A0A8M3AQ10_DANRE	kcnab1b			24040.1	18857			18236.1		18489.2		24429.3		25789.7				
A0A8M3AQ47	A0A8M3AQ47_DANRE	vps8		21372	23267.5	22582.9	21093.3	25389.3	23920.4	16421.3	19713.1		28747.2	22502.7	26650.8	26514.9	21205.5	18299.8	20566.5
A0A8M3AQ58	A0A8M3AQ58_DANRE	poldip3		24572.1	31377.7	30770.7	31695.5	35831.9	40886.1	32420.6	32919.3	28299.7	43993	21783.7	33533.9	21494	30839.2	55132.1	62545.6
A0A8M3AQ68	A0A8M3AQ68_DANRE	tpra		49574.3	49536.9	50785.4	52243.9	53975.7	53162.5	52482.9	51883.5	50562.3	50179.8	51999.6	54493.1	50936.3	53457.4	52843.3	56721.3
A0A8M3AQD6	A0A8M3AQD6_DANRE	si:dkeyp-77h1.4		154887	151446	168879	174210	150072	169691	157205	153361	190926	212755	186964	182396	166426	148892	230680	271046
A0A8M3AQE4	A0A8M3AQE4_DANRE	LOC101884217		25687.9	29311.2	29168.4	29190.1	25038.4	25364.3	24373	27044.9	30617.3	30762.3	30877.1	32666.5	27372.9	32892.6	29070	31576.3
A0A8M3AQG4	A0A8M3AQG4_DANRE	myh14		49827.3	48305.5	48770.8	43091.7	45290.8	45638.7	49441.5	50167.6	50331.4	48842.9	56964.5	55028.7	59149.7	52994	47816.8	47323.7
A0A8M3AQI5	A0A8M3AQI5_DANRE	bptf		19973.5	19883.7	26972	31515.2	23561.5	25530.5	17489.9	24702		31257.2	22455.1	26200.1	15976	20882.7	33077.4	28177.8
A0A8M3AQJ2	A0A8M3AQJ2_DANRE	armc6		35731.6	32782.1	32310.1	30216.7	31824	28380.2		31012.4	37130.1	32575.1	36801	31944.7	31118.1	30782	46506.7	48312.3
A0A8M3AQM3	A0A8M3AQM3_DANRE	syt5a		267550	269208	233706	237152	240944	236852	253820	259228	263180	267324	257751	259683	234867	235247	226016	234493
A0A8M3AQR0	A0A8M3AQR0_DANRE	tnrc6c1			10365.9	15150.9							10708.2						
A0A8M3AQT9	A0A8M3AQT9_DANRE	taok2a		23456.6	23232.6	30923.8	28919.4	26036.2	28522.8	29094.5	27037.9	34888.8	34477.2	31146.4	26401.9	28944.4	27908.5	35931.3	40991.4
A0A8M3AR02	A0A8M3AR02_DANRE	unc119.2		153840	164051	115093	113140	154576	145933	171732	180310	136945	141696	146680	147232	191271	192185	118787	115476
A0A8M3AR08	A0A8M3AR08_DANRE	wdr17		38858.7	37985.6	40342.7	38605.1	40706	41913.1	43150.7	41532.3	43389	42730.4	41749	46604.3	42424.6	48604.6	34918.9	35869.4
A0A8M3AR12	A0A8M3AR12_DANRE	septin7b		339018	330546	349285	369373	342167	350782	334976	313009	329946	350911	358226	362052	384801	385400	381898	410783
A0A8M3AR55	A0A8M3AR55_DANRE	syne1b		39389.4	41622.2	38147.2	39290.1	39355.1	39013.9	33723.1	32376	42019.1	40018.5	40926	39049.7	42400.6	40768.3	36476.3	35439.5
A0A8M3AR84	A0A8M3AR84_DANRE	prkcab		46360.6	47827.3	49580	45166	45183.5	41991.6	47853	45130	43438.2	42245.7	46073.2	45398.5	41499.3	42751.2	44521.3	46069.1
A0A8M3AR96;E7FC90	A0A8M3AR96_DANRE;E7FC90_DANRE	tom1l2		77548.7	84753.9	83174.7	86394.6	73451.4	85920.5	81902.6	84156.7	59392.7	81913.6	86514	78842.1	82089.2	72867.8	101060	90545.9
A0A8M3ARE4	A0A8M3ARE4_DANRE	dgki					89301.3						150107			80832.4	108907	102557	
A0A8M3ARI0	A0A8M3ARI0_DANRE	grip1		31181.8	33613.8	35935	30818.8	36573.2	38178.9	28633.3	30873.7	40012.8	46237.4	33334.4	31364.7	27822.5	36634.8	45908.4	57105.2
A0A8M3ARK1	A0A8M3ARK1_DANRE	eprs1		548332	556694	515435	526381	502573	502863	581640	555687	630300	611477	529874	512934	548078	561105	547492	591548
A0A8M3ARK3	A0A8M3ARK3_DANRE	shank3b			33087.8				33038.7	130066	184604		51153.1	13870.3	20528				12454.1
A0A8M3ARP1	A0A8M3ARP1_DANRE	LOC100537399			14925.4			9845.78				42348.8	17624.1				16478.5		
A0A8M3ARS1	A0A8M3ARS1_DANRE	LOC101886077		59960	36001.9	22788.7	23985.3	27559.7		40387.5	23619		26765.9	37832.9	38606.3			13551.6	11354
A0A8M3ART2	A0A8M3ART2_DANRE	iqsec3a		41022.6	34830.9	42270.1	39284.6	35271	37414.5	39064.7	37015.2	64403.6	52325.6	47136.1	39123.1	34456.3	42506.8	54746.2	43362.4
A0A8M3ARX3	A0A8M3ARX3_DANRE	cetp		65979.4	63750.4	70195.8	70053.7	31853	35052	38086.5	41201.8	22128	23712.5	54590.6	51640.4	49447.9	49205.4	58346.1	54314.3
A0A8M3ARX7	A0A8M3ARX7_DANRE	matr3l1.1		38266.5	32852.8	37083.8	39182.4	35871.8	42683.9	41175.2	43549.8	24649.4	37544.1	35561.3	39323.2	40814.8	43744.1	39382	32403.3
A0A8M3AS23	A0A8M3AS23_DANRE	ciz1a		23116.8	28790.1	23756.7	22446.2	31498.1	26587.5	24365.4	22309.6	28845.5	18766.2	20073	25494	30346	24601.8	26652.5	39418.5
A0A8M3AS61	A0A8M3AS61_DANRE	si:dkey-224e22.2		18903.6	17532.9	6332.54	4816.26	18854.5	12599.6	4127.68	4513.21	2816.43	4025.84	21518.6	20335.6	20860.2	19480.2	7967.91	7318.66
A0A8M3AS86	A0A8M3AS86_DANRE	mgarpa		103451	100947	88642.3	84362.1	74881.3	71510.4	78029.5	80492.1	112321	101989	76073.4	88063.1	80441.7	82114.9	98433.2	90410.9
A0A8M3ASE9	A0A8M3ASE9_DANRE	gpr107		21585.7	21381.3	23453.9	24252.4	22969	24232.5	21003.5	23533.6	23061.6	24715.5	25974.3	23077.3	25988.2	26477.1	26321	21075.2
A0A8M3ASH3	A0A8M3ASH3_DANRE	arpc5lb		54738.8	57385.1	46895	46420.3	50228.7	47032.2	54887.1	53408	59418.2	48249.5	49633.9	47292.9	57510.4	51472.1	48936.2	42263.8
A0A8M3ASI2	A0A8M3ASI2_DANRE	arvcfb		53834.6	56688.2	53528.1	52173.9	50334.1	44383.5	54289.7	50833.1	40181.1	46612.1	51812.7	57434.7	60121	57272.5	49486	47303.4
A0A8M3ASI7	A0A8M3ASI7_DANRE	prcp		8040.58		8731.71			10540.5										11823.4
A0A8M3ASL5	A0A8M3ASL5_DANRE	LOC100334619		10828.2	10121	13278	17411.7	12118.7	15977.8	11652.7	12924.5	9066.73	9890.28		12695.7	12722.7	20731.2	30465.5	26495
A0A8M3ASL9	A0A8M3ASL9_DANRE	smarca2		28438.1	27603.5	31484.2	31606.7	34934.1	31663.6	32564.8	30525.2	31559.6	24068.8	33586.2	32163.2	34944.6	32078.3	32903.6	32411.9
A0A8M3ASM3	A0A8M3ASM3_DANRE	elmo1		27288.3	26712.6	32503.7	27775.6	27107.4	31361.4	30851.9	32123.9	22460.1	22126.6	21758.7	19401.7	36189.3	32754.9	26452.9	22091.8
A0A8M3ASM9	A0A8M3ASM9_DANRE	rufy3		57707.3	57392.9	53959.5	54608.2	56601.1	57414.3	54418.9	54844.7	67833.3	72313.5	52829.5	54787.2	53064.1	52231	77024.6	88262.2
A0A8M3ASQ6	A0A8M3ASQ6_DANRE	slc4a4a		113885	104933	110513	103720	95888.6	94716.2	107691	109288	93427.9	94840.9	118957	112521	124995	112866	90974.6	86401.9
A0A8M3ASR9	A0A8M3ASR9_DANRE	fer		9273.09	5509.85	6559.46	7591.99	6821.69	6342.49	7374.09	5893.93		5218.83	9541.54	10112.9	10746.6	10784.5	5980.67	1907.12
A0A8M3ASV6	A0A8M3ASV6_DANRE	susd5		79845.6	75222.7	72145.8	77647.9	71333.9	68668.6	86603.5	83733.8	79325.9	99579.9	77132.2	77639.3	64505.6	64483	82887.5	74200.2
A0A8M3AT28	A0A8M3AT28_DANRE	gucy1a2		15099.9	12917.3	13141.9	13248.8	12377.4	14988.7	12294.8	9702.27	13952.2	10283.8	13587.4	14926.5	17749.2	16254.3	12482.4	10188.2
A0A8M3AT32	A0A8M3AT32_DANRE	clpb		24073.2	25411	23213.2	20572.1	20201.7	21346.2	20478.2	19013.9	36523.5	26799.5	29867.1	32157.9	27878.5	25690.2	24843.3	25868.9
A0A8M3AT43	A0A8M3AT43_DANRE	elmod2		44017.7	44536.9	40454.8	48661.2	46390.5	45605	53041.1	54345.2	55040.6	51377.2	42050.1	42466.7	48859.2	37776.7	48803.6	43350.8
A0A8M3AT49	A0A8M3AT49_DANRE	bbs9		79993.5	64213	65126.9	72706	80958.4	89503.6	78152.6	82030.8	101608	101623	92730.9	84222	97746.2	88029.3	86493.9	86323.2
A0A8M3AT57	A0A8M3AT57_DANRE	map3k7		16303	12953.3	12510.3	17632.2	14064.4	18490.8	19755.8	17659.5	13871.4	15895.3	17798.1	18904	16428	16109.5	14469	13621.6
A0A8M3AT59	A0A8M3AT59_DANRE	mpp4b		45266.7	47437.8	40847.5	45361.6	43064.1	37144.9	43746.9	40014	40336.5	41305.6	40863.6	46844.1	51006.1	50729.1	40367.5	41953.3
A0A8M3ATD1	A0A8M3ATD1_DANRE	farp2		4763.58	15971.4			11568.9	15658.9	12163.9	15950.3	13167.2	22031.2	9403.72				22384.3	15896.1
A0A8M3ATJ9	A0A8M3ATJ9_DANRE	cdk5rap2		26176	23929.7	27236.2	21067.3	25867.2	26236.3	27138.7	23558.6	29028.1	35843.8	28906.4	33173	38685.4	42509.2	27872.4	31684.6
A0A8M3ATS9	A0A8M3ATS9_DANRE	ncam1a		774361	802264	746342	776044	801795	831825	822985	858777	1.03241e+06	991911	857085	849552	756008	729221	916870	1.00932e+06
A0A8M3ATV0	A0A8M3ATV0_DANRE	si:cabz01102082.1		45242.1	40201.1	46978.6	48606.9	41472.2	39044.6	34435.9	33630.6	38383.3	45977.6	35621.4	41598.8	40511.2	44107.8	52179.6	54531.4
A0A8M3AU21	A0A8M3AU21_DANRE	nlgn2a		31621.2	29716.4	32964.7	28185.1	33362.7	32127.4	34107.9	32884.1	35660	34484.7	35857.2	29357.9	25476.1	24381.8	30882.4	28074.8
A0A8M3AU51	A0A8M3AU51_DANRE	dbn1		248584	252506	288700	289892	270010	261590	246996	237841	258737	263556	267993	274131	262066	264896	328438	335507
A0A8M3AU80	A0A8M3AU80_DANRE	tcerg1b		37026.2	33104.4	30781.2	26967.8	32713.5	28556	35642.3	29411.5	21187.7	24898.5	35885.8	32991.4	39729.3	34852.1	27975	25807
A0A8M3AUB3	A0A8M3AUB3_DANRE	capzb		315245	307259	304694	300936	301616	302547	294145	303432	339030	340221	339115	342981	303239	310474	334350	356705
A0A8M3AUH9	A0A8M3AUH9_DANRE	dpy19l3		9425.68		16900.2	15028.2	14051		12253.8	13423.1				10075	13435.4	11961.1		
A0A8M3AUI6	A0A8M3AUI6_DANRE	eml5		21233.6	19331.9	17453.8	20778.2	18449	18612.4	22967.3	18074	15282.7	21383.7	19955.3	19349.3	26125.8	17446.4	15772.5	15082.2
A0A8M3AUN3	A0A8M3AUN3_DANRE	nfia		7107.41	3643.07	5980.38	6886.09	6989.81	6860.23	5283.93	5398.39	8426.01	7320.22	7339.43	5445.79	8747.09	4275.13	5508.78	6852.8
A0A8M3AUR0	A0A8M3AUR0_DANRE	ano2a		9710.91	11999.9	10272	6585.03	6580.89	10720	8849.06	5996.22	13883.1	6891.61	8523.12		11413.9	9485.2	8579.62	12367.6
A0A8M3AUX4	A0A8M3AUX4_DANRE	LOC103911473			5219.52	8179.69	10858.5	7466.27	6082.84	7186.87	7383.61	4580.65	4740.1	8209.2	6783.55	7018.35	9650.33	5480.47	8395.55
A0A8M3AUZ9	A0A8M3AUZ9_DANRE	gclm		32565.7	28274.4	24549	26468.2	28036.5	29880.7	36789.4	32981.1	33086.4	32044.5	36834.5	38480.9	42046.8	39436.8	27226.6	29020.2
A0A8M3AV52	A0A8M3AV52_DANRE	ndrg3b		400820	362725	328220	321829	339113	331730	374554	349524	321871	351115	363805	356873	334780	330275	285880	275561
A0A8M3AV69	A0A8M3AV69_DANRE	ampd2b		65202.2	66655.3	64764.9	66055.2	68913.7	71127.7	67168.1	68959.2	81736.6	77829.6	63279.4	73104	57246.4	59264.9	64674.2	70697
A0A8M3AV93	A0A8M3AV93_DANRE	kif1b		36254.2	36974.8	36762.3	41003.1	36109	40267.3	33938.5	42317.1	42901.1	44501.1	36639.3	34538.7	32982.1	34810.2	42259.5	36964.9
A0A8M3AV99	A0A8M3AV99_DANRE	pbx3b			35369.7				46175.9		45559.1		69163.1	38449.1				52776.6	77935.4
A0A8M3AVD9	A0A8M3AVD9_DANRE	pdlim2		30237.7	29325.7	25688.5	26290.6	26569.5	24545.9	21009.9	22435.1		19479.4	30918.2	36527.2	34880.2	42396	23237.5	27628
A0A8M3AVF1	A0A8M3AVF1_DANRE	ep400		11286.3	7274.09	5970.83	6991.21		7496.41	7024.6	8939.48	8784.55	6542.97	9110.17	10106.1	9900.19	11437.1	5403.05	6662.28
A0A8M3AVG1	A0A8M3AVG1_DANRE	ncor2		21054.3	19675	19381.9	20405.1	19746	17316.1	21116.4	18122.5	18668.3	14266.8	24630.9	20126.9	24737.5	24814.8	17266	15361.8
A0A8M3AVN2	A0A8M3AVN2_DANRE	creld1		37866.4	35173.5	36576.7	38293.5	36623.6	36070	40137	37540.3	23942.6	28219.3	33516.9	34843.1	26878.8	23969.5	30630.7	25565.2
A0A8M3AVP7	A0A8M3AVP7_DANRE	ppp1r9a		17842.2	17696.6	13301	12370.9	15158.1	10523.5	14614.2	14241.7	8467.52	9729.53	15885.7	15884.4	16482.3	15079.8	13941.1	15878.8
A0A8M3AVR7	A0A8M3AVR7_DANRE	gsk3ba		22984.1	25317.7	21305.7	21939.3	23230.2	27598.2	25035.9	22837.6	22439.1	26144.2	23747.2	32890.6	26252.9	24601.3	28164.1	30474.9
A0A8M3AVT3	A0A8M3AVT3_DANRE	LOC101885690						17284.8	21124.1	23181.4	17534.7	33097.5			20619.9				16101.6
A0A8M3AVT4	A0A8M3AVT4_DANRE	myo10l3		31299.2	25882.5	22873.1	22264.8	24972	17211.2	27622.1	30724.2		11742.5	30160.5	23660.5		35211.3	16864.4	
A0A8M3AVV6	A0A8M3AVV6_DANRE	wdr37		94606.3	85946.5	96167.4	97241.1	102155	98945.4	99620.4	99563.9	107720	116746	75909.6	79626.4	82284.7	84343.7	100043	99053
A0A8M3AW54	A0A8M3AW54_DANRE	uggt2		58539.4	59942.3	61883.3	58535.2	57795.7	54271	56619.1	55115.3	53981.6	54557.3	65224.5	64959.1	68663.4	70051.3	49968.8	51446.5
A0A8M3AW90	A0A8M3AW90_DANRE	map2		215323	217474	192425	191287	189091	189020	194134	202136	180969	210423	214564	214587	189792	198799	214324	228056
A0A8M3AWB4	A0A8M3AWB4_DANRE	mid1		59354.3	62040.6	54717.6	53821.8	62792.4	60308.2	59062.5	61399.3	66880.8	59561.4	57351.2	56794.8	58428.2	58050.1	57733.3	56565.1
A0A8M3AWC8	A0A8M3AWC8_DANRE	man2a2		31722.1	30526.5	28066	29450.2	32285.4	33267.6	26993.3	28783.4	16068.1	23040.4	28286	28861.3	29118.2	26721.3	16866.6	21326.1
A0A8M3AWD3	A0A8M3AWD3_DANRE	ppp6r3		32521.1	31613.5	36395.7	38730.5	36623.1	34743	36379.4	39430.4	42480.4	35460.4	54194.1	45077.1	45548.4	37677.8	41426.3	41695.6
A0A8M3AWF2	A0A8M3AWF2_DANRE	erap1a		12143.5	12511.3	7540.91	11916.7	15137.4	16951.6	22450.2	16653.9	12649.7	17041.5	12265.6	9980.53	26987.3	19759.1	9061.33	8983.55
A0A8M3AWF4	A0A8M3AWF4_DANRE	pi4kaa		74943.2	76739	75546.2	74046.6	79297.2	79080.8	84724.6	79910.9	95730.4	84993.1	74507.2	76028	85044.8	82404.1	80663.3	87146.6
A0A8M3AWP8	A0A8M3AWP8_DANRE	zgc:109965		82549.9	80759.6	86924.5	82668.9	89566.5	82282.3	100242	89250.5	75511.7	73589.2	115894	107040	110026	112838	61650.2	69488.7
A0A8M3AWR6	A0A8M3AWR6_DANRE	lactb		7572.2	8946.77	11200.7	12463.4	11279.6	10193.9	8033.64	9324.93	20369.1	20027.7	11066	9536.53	7266.47	6048.23	11099.8	11783.3
A0A8M3AWS2	A0A8M3AWS2_DANRE	cltca		1.17145e+06	1.1705e+06	1.01274e+06	1.01399e+06	1.00256e+06	984725	1.09914e+06	1.09258e+06	1.1152e+06	1.10063e+06	1.16768e+06	1.10644e+06	1.13981e+06	1.16219e+06	991082	1.05794e+06
A0A8M3AWV2	A0A8M3AWV2_DANRE	rabgef1		12977.3	10468.9	5942.54	7238.64	6518.87	7444.88	6365.06		5846.74	5669.66	11660.1	10857.5	22497.7	17894.6	5302.15	5937.44
A0A8M3AX62	A0A8M3AX62_DANRE	pcyox1l		14355.6	16498.5	15868	15983.3	17988.1	14225.9	24939.5	24962.5	15535.2	18531.1	11382.8	13206.3	10764.1	12507.2	14290.8	23240.5
A0A8M3AXB0	A0A8M3AXB0_DANRE	camk2b		58847.6	62716	61412.4	63778.8	62644.8	63630.6	56623.6	62547.2	30995.2	47416.3	44269.7	57273.1	47255.5	42660.4	50953.5	53373.8
A0A8M3AXL2	A0A8M3AXL2_DANRE	hcfc1a		57050.8	55361.2	69154.5	73074.5	69614.9	74769.6	63729.2	70272.9	82106.9	78054.6	60682.9	60256.4	59996.5	62269.1	95504.9	91540.6
A0A8M3AXP5	A0A8M3AXP5_DANRE	ap3d1		77631.5	75756.4	65638.1	64448.6	70263.1	65715.8	71830.2	69075.4	66133.2	71586.1	81460.3	81224.7	82459.2	81177	69796.3	64576.3
A0A8M3AXQ6	A0A8M3AXQ6_DANRE	mast1b		20357.9	26669.5	30023.8	23493.6	20759.4	23060.7	24351.1	26096.6	23382.6	23474.1	20584.2	22477.4	22483.9	25143.5	21581.8	18466.2
A0A8M3AXR1	A0A8M3AXR1_DANRE	si:dkeyp-9d4.3		43760.2	41284.7	43785.4	43817.7	41643.4	40269.3	42294.4	43893.2	41068.2	43123.2	51670.6	51176.2	48272.8	49836.2	40408.4	37065.8
A0A8M3AXS1	A0A8M3AXS1_DANRE	atp13a3		11360.4	7929.64	8602.06	9792.15	3443.98	4380.92	9003.21	6768.99			4875.97	6984.96	7258.23	5481.34		
A0A8M3AXU8	A0A8M3AXU8_DANRE	gaa2		12486.4	11713.7	11078.5	9064.31	11303.3	11439.8	11888.4	12422.4		7908.71		10742.6	11203.6	11877.3	8069.88	9623.94
A0A8M3AXX0	A0A8M3AXX0_DANRE	erc2		118234	121390	101422	109379	106483	103526	107694	108481	114646	109223	118205	114708	121416	116170	113941	101891
A0A8M3AXY4	A0A8M3AXY4_DANRE	rnf123		6543.1	7105.26	7524.35	8331.28		5170.1	5062.58						11791.6	9366.1	6012.01	4642.28
A0A8M3AY21	A0A8M3AY21_DANRE	stxbp3		64929.2	64752.6	67763.8	61895	61917.5	53773.4	57911.3	49840.7	37391.6	41081.2	47865.6	43730.1	68850.1	65381.9	60431	63905.9
A0A8M3AY41	A0A8M3AY41_DANRE	si:ch211-195b15.7		32252.8	34389.2	34396.1	36947.9	39920.1	38775.2	42631.4	41797.6	50913	52490.9	40212	46515.2	40410	48961.2	39259	37749.4
A0A8M3AY46	A0A8M3AY46_DANRE	tulp1a		22480.8	18101.3	23243.1	21721.9	27842	28369.7	30286.3	25318.1	17894	21413.1	22046.9	17015.3	16819	24530.6	20997.9	17646.3
A0A8M3AY55	A0A8M3AY55_DANRE	caskin1		19714.6	18026.1	10094	18025.5	15399.9	17582.2	11659.4			15331.5			15454.3	8392.76		17300.1
A0A8M3AY58	A0A8M3AY58_DANRE	myof		10564.6	5131.44	7394.96	4987.61	6297.41	7321.58		4233.8			7870.15	6293.98			9319.81	8982.12
A0A8M3AY88	A0A8M3AY88_DANRE	ttyh3a		30908.4	26829.7	25045.6	22637.8	30679.6	30802.5	30569.8	28199.6	34201.9	31108.4	31198.3	36273.9	32297.6	32999.9	30284.2	29240
A0A8M3AYA7	A0A8M3AYA7_DANRE	elavl3		37933.1	36176.9	38308.2	37515.1	42738.9	42439.2	44607.9	39943.8	61966.9	51905.6	41571.3	36772.9	42191.4	38085.4	39028.3	42125.1
A0A8M3AYF2	A0A8M3AYF2_DANRE	eps8a		49057.3	50138.8	44521	45038.2	49756.8	46638.9	40397.8	42487.4	32850.5	46798.2	47813.1	47364.4	48745.1	40478.8	32179.2	29032.2
A0A8M3AYL9	A0A8M3AYL9_DANRE	baiap2b		35270.8	28244.5	25933.4	27315.5	28566.8	23054.9	34633.3	32029.8	32712	30201.3	28793.7	29063.3	33186.2	33726.9	26418.1	25225.7
A0A8M3AYX3	A0A8M3AYX3_DANRE	atp6v0a1b		286650	279927	273304	270931	252204	267485	265856	270811	307436	336447	322084	320672	288060	281330	287406	316934
A0A8M3AZ04	A0A8M3AZ04_DANRE	dlgap1b			20194.9	16704.5	17176.7		18773.8	16512.9			26748.2			13291.2		20049	14966.4
A0A8M3AZ08	A0A8M3AZ08_DANRE	asap1b		35130.8	38919.6	31066.7	34180.4	33418.9	28850.9	34061.5	37243.3	31888.3	33868	35707	32099.8	37100.1	37281.3	34581.3	33081.6
A0A8M3AZ36	A0A8M3AZ36_DANRE	arfgef1		21135.6	20841.7	20986	22628.6	21683.6	21537.5	20362.7	19411	20036.9	21750	23623.1	24589.6	24141.3	20877.3	20484.8	18306.1
A0A8M3AZ76	A0A8M3AZ76_DANRE	fubp1		130123	139378	142560	145086	145113	164919	141413	148298	149356	190885	149743	141991	132363	134315	192601	221038
A0A8M3AZA0	A0A8M3AZA0_DANRE	agap3		24334.1	22168.4	24775.6	24086.8	21901.6	21659.6	23362.5	21958.9	23985.3	20831.1	25578	29667.8	30400.6	24123.3	22699.4	20961.9
A0A8M3AZC8	A0A8M3AZC8_DANRE	nin		125256	118868	99769.8	92247.4	93626.1	100572	78794.8	96189.2	169466	157670	146521	102988	173978	210581	112345	123224
A0A8M3AZE0	A0A8M3AZE0_DANRE	cpeb3		4401.64	4071.97	4217.63	5183.15	4497.95	4482.82	3961.76	4948.75	5488.19	5705.01	4943.95	5434.87	4710.16		3024.26	3551.4
A0A8M3AZG4	A0A8M3AZG4_DANRE	ap1b1		195886	200444	198934	195822	208440	209793	215517	215860	215208	224924	201846	213986	195590	210499	189112	205504
A0A8M3AZQ5	A0A8M3AZQ5_DANRE	ush1c		78897.5	75222	76517.5	81225.9	72897.1	80094.3	76055.7	68751.9	108114	89972.5	65576.6	64576.4	57391.9	63241.4	83637.5	96504.1
A0A8M3AZR5	A0A8M3AZR5_DANRE	vps4b		32370.6	34706.9	28965.7	29270.9	29618.3	30483.3	26417.5	26785.3	23969.5	22756.6	28641.2	30485.4	33910	37561.8	34132.5	32857.7
A0A8M3AZY4	A0A8M3AZY4_DANRE	khdrbs3		43097	39545.5	43313.5	50668.7	39950	38937	59876.5	45956.6	81892.1	53764.2	38492.5	44804.8	54552.9	51048.4	43628.7	49244.4
A0A8M3AZY9	A0A8M3AZY9_DANRE	alg9		88727.9	93057.2	78200.3	85728.9	78091.9	82620.2	98135.7	85141.4	81701.2	99246.8	91387	96209.1	66110.2	94348.8	74716.9	72683.7
A0A8M3B020	A0A8M3B020_DANRE	eif4g1a		33196.7	30877.3	31388.4	30442.8	32254.5	33960	30411.7	28031.9	21910.4	29579.6	26716.2	37329.9	33685.6	35150.1	33996.5	27628.7
A0A8M3B0F2	A0A8M3B0F2_DANRE	LOC100008366		37944.2	34257.4	38383	42734.2	36956.6	41327	37436.6	40789.2	41124.6	47320	40725.8	43770.6	33837.5	37449.4	55598	55173.5
A0A8M3B0R8	A0A8M3B0R8_DANRE	LOC100331216		16899.8	24924.1	18045.3	21883.5	14996.6	28884.2	24318.6	22029.4	55643.6	49294.4	22678	18569	29270.4	12547.1	37285.4	48759.7
A0A8M3B0S8	A0A8M3B0S8_DANRE	cacna2d2a		32363.6	36886.8	37652.7	34106.9	35432.9	33978.8	37842.1	34086	31368.1	29390	36840.7	34764.4	40143	40875.2	29666	35922.2
A0A8M3B0U8	A0A8M3B0U8_DANRE	cnp		85851.3	88938.8	92023.7	84837.2	77441.2	74715.6	64706.1	66232.3	76438.2	78263.7	81821	87458.7	72981.6	74574.5	103828	105350
A0A8M3B100	A0A8M3B100_DANRE	znf207a		39902.9	35860.1	45919.7	44231.8	34010	44354.5	29941.6	39281.8	35776.1	27770.3	49370.7	33371.3	39591.8	43439.7	59352.1	58595.6
A0A8M3B109	A0A8M3B109_DANRE	arrb2b		12627	13053.4	12819.4	16608.1	13500.5	10646.4	12406.4	11108.3	18126.6	11616.5	15715	15357	14062.4	12923.9	13406.9	15901.2
A0A8M3B137	A0A8M3B137_DANRE	chd3		22562.4	23119	26439.4	25042.8	23083.6	21591.1	24081.8	25742.6	22134.6	21009.3	24003.7	26505.5	24734.9	27104.7	25429.7	27720.5
A0A8M3B1E4	A0A8M3B1E4_DANRE	zmp:0000000529		18455.3	17965.3		15104.7	15867.9	13717.9	17382.3	18178.7	19618.1	17720.7	22858.8	28668.4	24262.3	26292.6	18423	
A0A8M3B1F0	A0A8M3B1F0_DANRE	brsk2b		55015.4	59796	57084.2	58743.4	44939.7	46019.3	44184	46257.9	68409.1	60251.7	61972.4	63507.5	56807.6	58026.2	45849.9	43927.1
A0A8M3B1H5	A0A8M3B1H5_DANRE	pacsin3		31705.9	34863	33964.9	30305.5	33749.5	33981.7	33995.6	34434.4	37007.6	41723.9	27373.6	32668.9	34781.9	37991	43602.6	43679.8
A0A8M3B1I2	A0A8M3B1I2_DANRE	wnk1b		24164.3	24244.8	23688.6	21333.9	25952.3	24948.6	29555.5	28220.7	36427.4	23937.7	26633.9	27383.5	29077.7	25138.6	29285.1	18909.5
A0A8M3B1J4	A0A8M3B1J4_DANRE	ube2o		26082	23175.9	22150.3	27203.7	25163.4	25819.1	24583.7	25426.7	28933.4	27242	31967.3	25592.9	28591.8	28729.8	24381.5	19687.9
A0A8M3B1P0	A0A8M3B1P0_DANRE	pcloa		59849.5	58544.8	59006.2	65554.9	64418.6	67144.2	61394.3	66689.2	74721.6	70416.6	61075	62561.7	55909.9	57280.2	75819.6	78642.4
A0A8M3B1V2	A0A8M3B1V2_DANRE	prkcz		16666.8	16400.9	18579.9	12428.3	13010.2	12507.4	12747.2	15186.8	16362.8	10623.3	17489.2		16708.7	14296.7	14681	12090.9
A0A8M3B1Y9	A0A8M3B1Y9_DANRE	cspg5a		85334.7	80306.2	73116.9	61357.9	70556	77794.6	92778.4	84041.4	86122	90095.5	117865	110039	107831	109924	81795.1	75944.2
A0A8M3B225	A0A8M3B225_DANRE	sec16a		9652.29	9936.75	8031.18	9307.64	10896.8	11127.6	10273.2	10242		12510.2	11265.5	9265.39	13387.7	12222.9	10074	10496.8
A0A8M3B237	A0A8M3B237_DANRE	gapvd1		21283.7	22489.2	20467.4	24181.5	18030	18094	24121.7	20142.9	16319	17911.9	24143.2	25239.8	39419	34349.7	17934.7	19751.6
A0A8M3B255	A0A8M3B255_DANRE	stxbp5b		15979	20134.8	26447.6	24268.6	20605.1	26121.5	28703.4	27315.8	22626.4	35125.5	12933.1	32663.1			30697.7	31465
A0A8M3B290	A0A8M3B290_DANRE	espn		121459	110121	133871	137421	119287	124050	124324	124366	134254	116552	147406	136850	155262	147268	129959	135767
A0A8M3B2G2	A0A8M3B2G2_DANRE	LOC563561		191049	186806	168364	171257	163433	167359	180487	171780	225464	221136	213737	200186	166748	186400	199098	197639
A0A8M3B2G3	A0A8M3B2G3_DANRE	hexb		40194.5	42006.5	31776.2	33481.2	43326.2	47297.8	45601.2	45553.2	33427.4	35804.2	24843.2	28344.8	43144.9	43413.7	42044.3	40678.7
A0A8M3B2M9	A0A8M3B2M9_DANRE	ncor1		17570.6	23226.7	23497.4	21681.1	28518.2	26979.8	25509.1	28410.6	22712.7	26689.2	24822.6	21593.8	22127	23894.8	20238.7	24884
A0A8M3B2S1	A0A8M3B2S1_DANRE	mef2cb		12416.6			14816.2	15302.6		18203.3	6440.48		11721.5	15373	19645.7	18446.9	15829.3	12780.6	
A0A8M3B325	A0A8M3B325_DANRE	ca9		119541	119796	103325	103847	76120.9	74120.3	89569.2	86684.8	68543.1	72812.2	96596.5	103705	133838	133493	77600.5	77272.5
A0A8M3B334	A0A8M3B334_DANRE	dync1i2b		63817.9	64694.9	56946.4	60824.2	60422.2	59621.8	60600.6	57810.7	48879.5	60056.9	61227.8	63953.8	67374.1	62974.5	53718.5	54402.9
A0A8M3B360	A0A8M3B360_DANRE	rasa3		12678.4	12388.3	10971.2	12891.4	15927.1	10768	14248.7	12836.8	15200.5	10898.9	16378.5	12039.9	17517.1	12265.2	11839	9706.82
A0A8M3B377	A0A8M3B377_DANRE	LOC100333907		42651.9	44590.7	50395.1	50589.8	54195.5	56320.6	53446.3	55699	62125.9	65138.8	45796.3	44283.2	43414.2	45535.2	44739.5	51895.4
A0A8M3B3D8	A0A8M3B3D8_DANRE	znf207b		15820.3	16696.3	13532.1	14352.8	17250.7	13430.5	18289.2	18412.5	16400.8	11290.2	16380.1	14678.1	18946.2	26540.5	14869.8	12442.5
A0A8M3B3F1	A0A8M3B3F1_DANRE	epb41a		135522	134037	146320	148580	142765	144487	150329	152560	182938	177109	147017	142003	135723	141220	166604	182652
A0A8M3B3G9	A0A8M3B3G9_DANRE	meltf		9765.4	6318.4	4044.15	4913.12	3746.04		7116.56	7771.52	12017.4	8026.66	3111.21	6258.74	6575.16	8485.38	4918.71	7119.45
A0A8M3B3H9	A0A8M3B3H9_DANRE	npnta		20292.5	13986.9	13316.6	13714.1	13498.3	17697.5	12238.9	13545.3	20357.3	15369.2	7149.15	18117.4	13079.4	13844.6	20528.5	13889.5
A0A8M3B3I6	A0A8M3B3I6_DANRE	abcg2d		30688.7	33066.6	37677.8	36977.9	36034.6	40311.3	31556.1	30670.8	29535.4	30893	37410.7	37858.1	38125.3	33474.3	31064.1	34848.8
A0A8M3B3I9	A0A8M3B3I9_DANRE	negr1		78405.1	81500.8	82048.3	71733.1	77521.6	72710.5	83100.1	94696.9	85171.5	73995.3	94468.4	92019.4	88527.1	87022.9	83387.9	75852.2
A0A8M3B3J9	A0A8M3B3J9_DANRE	pfkmb														44347.6	43567.4		
A0A8M3B3V5	A0A8M3B3V5_DANRE	abca7		22645.8	21210.2	18755.1	17541.9	22581.8	21088.3	21230.2	20282	21986.5	21041.6	20827.5	21477	22480.1	21036.6	20817.8	15258.1
A0A8M3B3Y3	A0A8M3B3Y3_DANRE	mtmr1a		13423.6	10731.7	9032.59	7872.97	9525.97		9355.12	9867.04	9299.5	13388.3	17488	14339.3	13980.4	12215.2	9303.34	12720.6
A0A8M3B435	A0A8M3B435_DANRE	nek1				35815.8	35476		33812.7			63701.6	42667.3					85469.6	82584.2
A0A8M3B449	A0A8M3B449_DANRE	enah		55055.4	55125.5	58514.8	59223.6	47499.5	50543.8	55705.6	49152.9	50817.5	46982.6	67187.5	65324.3	65257.9	58475.7	45027.8	47739.2
A0A8M3B4C3	A0A8M3B4C3_DANRE	sin3ab		22982.4	21520.9	24318.9	24649.7	23390.7	22063.4	23737.1	21929.9	18046.4	20634.4	27827	25636.2	25124.1	25405.7	23776.2	25936.5
A0A8M3B4H9	A0A8M3B4H9_DANRE	svild		11348.1	12815.7	14793.8	13844.2	15143.2	11599	14108.8	10274.4	6839.94	8316.17	13716.3	13711	14497.3	13190.5	11240.6	10191.4
A0A8M3B4L0	A0A8M3B4L0_DANRE	hectd4		3131.61	5877.63	6436.5	4981.72			4830.37			4614.77		5624.17		4344.75	3809.25	3525.26
A0A8M3B4P7	A0A8M3B4P7_DANRE	plxnb3		31831.2	27622.7	26301.1	26161.5	26489.1					15509.2	32128.6	19167.1	27860.8		21655.3	22648
A0A8M3B4R7	A0A8M3B4R7_DANRE	aldh18a1		69236.2	70653.1	60263.3	57554.4	54435	52929.3	48294.5	49762.8	56186.2	56661.1	60325.1	59672.1	72206.8	69646.8	55648	54771.7
A0A8M3B4S3	A0A8M3B4S3_DANRE	stxbp4		62799.5	62343.4	55622	56006.8	56790.7	58198.1	54317.8	55758.3	58375.6	67923.3	66401.6	58802.6	65137.5	61575.8	52154.7	55831.5
A0A8M3B4Z3	A0A8M3B4Z3_DANRE	arfgef3		5668.49	9481.09	13281.1	11903.7	10403.9	11663.9	7326.72	7908.85	10046.9	7673.38	17902.1	13209.7	6544.62	12389.8	10774.9	14067.1
A0A8M3B508	A0A8M3B508_DANRE	si:ch73-49p17.1		12259.7	12793.3	17124	13866.9	16670.2	11799.8	10221.5	11969.3	22213.1	17213.6	20953.2	19772.3	15109.8	18421.5	17657.9	17186
A0A8M3B525	BRCC3_DANRE	brcc3		15093.6	13628.5	19998.3	16502.6	16291.1	12645.2	10782.3	14217.4	16781.1	10092.5	14940.8	15444.1	17658.4	15634.7	15768	17351.2
A0A8M3B534	A0A8M3B534_DANRE	slc12a5b		194241	196965	185535	191053	171848	176531	167676	175635	224659	219632	188089	172984	157733	165396	202044	214153
A0A8M3B5I3	A0A8M3B5I3_DANRE	camsap2a		6277.17	7015	5815.76	7191.93		5105.79	7253.51	5118.01	3949.37	5046.08	6932.07	5124.84	8945.34	11161.9	3510.18	1895.1
A0A8M3B5K9	A0A8M3B5K9_DANRE	si:ch211-140m22.7		390219	419218	353827	325538	300259	319234	348550	339646	341850	347515	337364	293701	297579	311182	371019	383548
A0A8M3B5L6	A0A8M3B5L6_DANRE	pip5k1ca		44893.4	43980.1	44558.3	46468.9	40984.3	40428.3	32854.3	44106.1	38691.6	46278.8	45282.8	43116.3	43483.4	37682	36023.5	38633.7
A0A8M3B5M2	A0A8M3B5M2_DANRE	neb		27495.1	36492.4			25820	21997.1	37195.1			26784.1		29315.5			32230.7	32506.3
A0A8M3B5N7	A0A8M3B5N7_DANRE	c3b.1		15423.6	19916.5	13766.3	14759.4	20420.3	18238.2	20317.5	23939.2	20444.8	10727.7	26182.5	26175.1	30373.9	24953.7	19568.9	13390.5
A0A8M3B5Q4	A0A8M3B5Q4_DANRE	impg2b		127363	118010	118135	114087	128410	126125	127970	125258	118859	112311	141668	137425	123823	138086	123038	123827
A0A8M3B5R6	A0A8M3B5R6_DANRE	pcbp4		35766.7	37156	39898.2	41063.2	31239.2	37771.5	38423.2	38461	56020.5	43821.4	34878.3	41306.4	29548.7	28112.4	45942.9	58351.5
A0A8M3B5X1	A0A8M3B5X1_DANRE	asmt		153881	180712	217282	225617	119702	130974	95774	126017	119001	121038	81926.6	84916.5	82693.6	86229.2	164182	175977
A0A8M3B5Y6	A0A8M3B5Y6_DANRE	si:dkey-178k16.1						8113.67				23620.3						11189.5	19583
A0A8M3B604	A0A8M3B604_DANRE	chd1			16703.9	13399.9	15360	13721.8	15755.2	15011.4	11720.3	13996.7		17212.8	16139.1	15406.4	19527.7	14946.6	11270.4
A0A8M3B6A1	A0A8M3B6A1_DANRE	casz1		21044.5	22250.6	25048.7	20558.1	25199.4	28031.6	25588.4	28297.1	29095.8	29724.9	27213.8	28393.5	24946.6	26148	27284.4	24264.8
A0A8M3B6D6	A0A8M3B6D6_DANRE	wdr33		11193.3	11104.6	13557.8	15458.1	11623.9	12040	12634.3	13687.1	8761.01	10928.5	14286	13450.9	10917.3	12059	13225.6	15331.2
A0A8M3B6D8	A0A8M3B6D8_DANRE	sytl2a		22343.5	28384.8	30292	27799.9	27881.8	25599.2	23645.7	25505.4	19702.6	24423.4	30261	25224.2	16017.2	24282.9	28083.6	23007
A0A8M3B6E2	A0A8M3B6E2_DANRE	LOC103911757		15902.6	13817.1	14662.8	21263.4	16454.8	13865.9	13088.7	11771.1	18287.8	21185.5	15998.9	7878.7	16823.9	15209	12876.6	19403.5
A0A8M3B6K5	A0A8M3B6K5_DANRE	aak1b		99341.2	100159	98954.5	97375.3	92733.6	93493.9	94159.5	96283.7	117280	121029	95454.1	94523.1	81594.6	82703.5	100498	106134
A0A8M3B6M0	A0A8M3B6M0_DANRE	cntnap2a		18920.7	14071.3	15124.3	16885.9	16055.5	14416.8	14897.4	14531.8	10438.9	16611.6	18018.2	17424.9	18602.9	17123.9	13510.6	12375.2
A0A8M3B6S9	A0A8M3B6S9_DANRE	LOC571722		16018.4	21236.7	19551.8	21096	18406.5	23563	22741.8	24741	25995	20779.9	24588.3	20347.7	22398.3	17725.7	29861.7	23163.5
A0A8M3B6V6	A0A8M3B6V6_DANRE	ppfia4		20980	18445.2	15835.2	20852.5	20333.8	23218.7	16446.1	18651.7	23824.8	14034.8	28298.7	18467	20737.4	23459.6	19845.2	15966.6
A0A8M3B6W1	A0A8M3B6W1_DANRE	tbc1d24		48807.1	52361.7	52180.7	51270.1	54870.9	50561.6	56821.1	57341.3	40482.8	45036	50124.3	43121.6	62251.4	64845.3	41202	37172
A0A8M3B6Y1	A0A8M3B6Y1_DANRE	si:ch1073-340j19.1		6818.14	6425.83	9023.53	11266.5	6423.17	4823.46	4103.37								9000.69	10399.2
A0A8M3B6Y7	A0A8M3B6Y7_DANRE	fuk		39459.8	43776.8	34049.9	36764.9	27862.8	29756.4	28955.4	23122.7	20580.4	21311.3	25562.8	28788	15939	21220.5	33491.6	31217.4
A0A8M3B723	A0A8M3B723_DANRE	nfya		34597.3		28331.3	29205	28623.5	23145.5	37786.4	29165.4	31139.3	29838.7		32993.9	42707.7	35137.9	24223.4	24467.8
A0A8M3B7A6	A0A8M3B7A6_DANRE	man2c1		10950.9	10682.9	15129.1	15897.3	23256.5	19944.8	21941.2	23426.6	15857.3	23111.7	24469.5	22826.5	31335.5	24857.6	23911.8	22387.7
A0A8M3B7I4	A0A8M3B7I4_DANRE	ablim2		30299.3	28242.7		34930.2	29337.3		18979.4		43931.9	17677.2	26785.1	28937.3		27553.2	30122.8	
A0A8M3B7R3	A0A8M3B7R3_DANRE	ctnnd2b		35815.9	37659.9	36824.1	34029	30083.8	31554.1	25259.2	29033.4	33309.5	30170	45888.2	41709.6	57210.7	49212.4	34982.8	28755.6
A0A8M3B7T1	A0A8M3B7T1_DANRE	samd7		42488.9	29637.9	30872.6	37666.8	37927.8	43729.9	32173.7	30471.6	42320.9	45295.1	48272.6	42942	40031.8	42894.7	48380.8	44892.7
A0A8M3B7X3	A0A8M3B7X3_DANRE	cadm3		303733	329973	334632	341307	338402	341924	335114	324482	339030	338117	334468	337084	326019	327809	350289	370082
A0A8M3B7Z7	A0A8M3B7Z7_DANRE	tle2c		17090.4	16570	15318.1	17867.7	18930.7	18464.3	12499.6	16535.9	10745.8	15278.9	21533.7	16346.8	16192.7	17927.7	15776.9	12984.9
A0A8M3B812	A0A8M3B812_DANRE	LOC100007703		25761.3	26565.4	23446.1	18417.1	23142.6	17574.5	22689.1	22223	20931.9	14193.9	15037.5	15797.8	22963.2	19626.9	20192.7	18815.9
A0A8M3B814	A0A8M3B814_DANRE	fam114a1		25949	26601.8	26874.1	27642.2	19132.8	18268.1	19732.4	21682	24185.6	20754.1	26690.4	24639.1	25497.4	24855.2	22883	21649.9
A0A8M3B8A7	A0A8M3B8A7_DANRE	usp7		124919	133093	120409	118977	120623	119620	131806	126042	124403	124653	119991	121280	135239	133982	128107	141852
A0A8M3B8C2	A0A8M3B8C2_DANRE	bod1l1		27289.1	27535	24723.2	23504.9	23819.9	23606.2	25452.7	22407.8	24500.7	21516.3	33630.2	30428.3	35270.4	35353.6	24064.3	25773.9
A0A8M3B8D0	A0A8M3B8D0_DANRE	ap2a1		438439	446526	406928	412767	415212	436964	447994	459121	445630	517076	403485	406860	390737	401050	444327	485448
A0A8M3B8G6	A0A8M3B8G6_DANRE	sdk1a			12780.3	11660.3	9190.79	15260.8	12169.8	7627.17			14442.6	23350.4			21605.6	14186.6	12266.8
A0A8M3B8Q1	A0A8M3B8Q1_DANRE	pde3a		6954.14	6218.83	3942.64	4794.86	3971.79	4697.85	5096.33	3858.34		2741.64	6249.73	3414.77	7923.08	7052.79	3549.1	3130.83
A0A8M3B8R1	A0A8M3B8R1_DANRE	snap91b		281060	282625	251508	251601	281066	281318	297817	287976	291557	317696	261982	256333	258012	256419	244110	268357
A0A8M3B8W2	A0A8M3B8W2_DANRE	tymp							8841.06	3966.44	7374.74	14833.6	10042.7	3983.32				9469.58	7865.08
A0A8M3B8X9	A0A8M3B8X9_DANRE	chchd3a		85088.2	77408.1	73235.4	71797.5	66714.4	64966.1	60544.7	61814.5	86391.4	79015.8	69613.6	63878.6	62784.5	62115.4	82970.9	86602.7
A0A8M3B8Y7	A0A8M3B8Y7_DANRE	cacna2d1a		17598.5	15013.2	17546	15175.1	15666.1	13413.2	14259.1	14217.9	7466.79	10714.1	17538.1	17499.4	16119.8	17296.9	17364.2	14930.5
A0A8M3B8Z1	A0A8M3B8Z1_DANRE	bltp3b		27226.1	27081.5	27068.5	26377.3	28101.1	31535.1	25526.6	26295.5	39577.4	30370.8	19892.5	28344.5	21557.5	26406.6	35494.9	30402.2
A0A8M3B9D0	A0A8M3B9D0_DANRE	gak		115446	111212	118021	79826	101857	91223.7	133609	101887	115172	89194.3	146465	127473	125805	126177	76646.3	82259.7
A0A8M3B9F9	A0A8M3B9F9_DANRE	prps1a		113429	108140	113350	121690	102123	106951	104146	118830	105630	116976	75471.8	85730.8	103571	96878.8	137173	153482
A0A8M3BA08	A0A8M3BA08_DANRE	gpsm1a		13963.9	15875		12461.1	19215.1	14184.1	14983.9	14220.3		13145.1	12161	13537.5	17636	12692.4	8118.83	11998.7
A0A8M3BA22	A0A8M3BA22_DANRE	ganaba		41004	40804.5	41590.6	39975.2	42787.4	43239.7	44750.4	47932.7	45049	50362.7	39405	36606.4	41050.9	42513.1	53149	54265.4
A0A8M3BA62	A0A8M3BA62_DANRE	myh10		218704	214772	212003	208571	195003	199023	209997	210773	200475	196446	212626	207442	192912	196334	240830	252365
A0A8M3BAD7	A0A8M3BAD7_DANRE	glmnb		39962	33685	32922.7	37055.5	34982.8	31807.1	39506.1	38859.7	25149.1	37317.7	34834.9	36450.7	38627.9	35465.2	27751.4	26829.8
A0A8M3BAV1	A0A8M3BAV1_DANRE	kirrel1a											28118.2					27498.1	25714.8
A0A8M3BB23	A0A8M3BB23_DANRE	tjp1a		44068.7	46178.1	53152.4	53238	45948.8	50928.6	42170.9	43974.4	43930.5	46239.8	44851.9	46598.7	45116.1	41851.6	60333.5	65745.9
A0A8M3BB40;Q9PW77	A0A8M3BB40_DANRE;Q9PW77_DANRE	LOC100537845;pbx4		13134.7	16313.6	21156	24445.5	21349.9	26462.8	16718.6	19980.5	26091.2	32549.9	6353.51	9795.9		5794.57	34262.7	51227
A0A8M3BBF1	A0A8M3BBF1_DANRE	ampd3a		11495.3	11413.7	11399.2	12732	14602	16578.6	11343.2	15414.7		12094	6046.77	14615.3	12890.3	10364.2	15371.1	12695.3
A0A8M3BBK0	A0A8M3BBK0_DANRE	gcn1		54410.5	53037.8	55413.1	54789	63020.7	61630.2	63608.4	59134.6	67304.9	59032.3	57423.2	55779.6	66327.8	64188.1	52822.2	54229
A0A8M3BC62	A0A8M3BC62_DANRE	cdk11b		26862.4	28597.2	27313.1	27762.2	30546.8	31775.6	25941.9	22643.1	24587.9	27755.9	31091.2	29702.5	30794.8	33151.1	28436.4	26331.4
A0A8M3BC88	A0A8M3BC88_DANRE	mylka		40001.8	35395.3	42644.4	45713.8	34378.6	35845.4	28067	30008.6	20283.8	24738.8	32826.8	36708.8	26324.7	26164.4	41594.4	41522.3
A0A8M3BCF6	A0A8M3BCF6_DANRE	ndufv3		53084.6	59554.5	73568.4	70480.5	66800.1	64909.8	69297.1	67447.2	87960.8	86619.6	74494.6	70988.6	71217.6	68760.1	69326.5	66166
A0A8M3BDM1;A0A8M9QLX5	A0A8M3BDM1_DANRE;A0A8M9QLX5_DANRE	LOC110438922;si:ch211-14i3.2		60791.7	54368.8	58621.4	57830.2	51617.6	57361.2	75137.2	61663.4	70708.2	57566.5	66540.2	69458	60954	56852.4	84841.1	89470.1
A0A8M3BDQ6	A0A8M3BDQ6_DANRE	eif4g3a		19480.2	22772.4	16293.5	15550.8	12972.7	16441.3	15812.3	16991.2	13292.2	14096.7	30170.6	23843	24652.2	18414.4	10379.5	16101.8
A0A8M3BDT3	A0A8M3BDT3_DANRE	zgc:162816		85579.3	84401.4	73992.1	74151.3	67945.2	64158.3	79549.7	72264.1	72274.8	74669.3	96206.8	95000	96241.9	103487	66107.9	55206.4
A0A8M3BDW6	A0A8M3BDW6_DANRE	sptbn1		334334	329020	370048	370309	312769	310716	307950	304608	295107	297274	345703	339424	338355	342084	380618	386557
A0A8M3BDY0	A0A8M3BDY0_DANRE	mprip		56814.6	53650.6	54947.7	54648.3	50693.8	47910.7	54720.4	46627.8	45793.1	48304	58207.1	63471.3	63554	51952.3	61470.1	60938.3
A0A8M3BE40	A0A8M3BE40_DANRE	osbpl7		49034.8	43640.6	39820.1	40830.5	43136.6	42365	46791.6	46469.4	46196.7	47539.2	49707.7	50584.3	55569.4	53083.1	39363.8	36423.6
A0A8M3BE44	A0A8M3BE44_DANRE	ablim1b		36638.2	31403.7	37620.5	35399.1	35902.3	34485.2	33107.6	34682	42150.3	33959.8	40071.6	36632.8	32649.9	30815.4	39437.3	41258.2
A0A8M3BE71	A0A8M3BE71_DANRE	ep300a		7358.19		6624.52	5789.58	13030	10517.8	9688.89	11816.8		13408		6277.31	12674.1	12680	5573.75	
A0A8M3BE96	A0A8M3BE96_DANRE	nhlrc2		23075.2	21861	22756.6	21686.6	23640.4	24611.5	25365.2	24676.2	23586.1	21877.8	23032.7	25658.1	25077.4	22781.8	23703.8	20019.9
A0A8M3BEF6	A0A8M3BEF6_DANRE	ppp3r1a		133345	130851	115930	118854	120637	113369	164425	144857	133680	111657	114550	116256	134115	120585	85228.2	86710.3
A0A8M3BEN4	A0A8M3BEN4_DANRE	mnat1		8380.01	5031.08	5655.42	2894.09	3503.48	1771.98	4437.07	4083.77		5326.46	7458.15	8371.19	8928.79	8985.18	3570.86	4587.81
A0A8M3BEY4	A0A8M3BEY4_DANRE	ppp3cb		82957.4	77567.1	79125.2	80362.3	68649.1	69306	70680.1	69962	72619.4	70102.8	85699.4	78925	89601.4	76426.6	83778.8	82460
A0A8M6YSX4	A0A8M6YSX4_DANRE	col6a4a		38790	37731.7	35961.4	33853.6	50697.4	46884.3	46604.7	43548.4	41345.4	34326.5	47597.3	42971.8	39490.8	41443.5	41134.1	40747.8
A0A8M6YT69	A0A8M6YT69_DANRE	cep170ba		11630.2	15363.9	14042.3	13869.7	15151.2	11973.7	13775.3	13433.7	15033.5	11293.8		16391.9	18265.6	19806.1	11128.6	11980.5
A0A8M6YTG2	A0A8M6YTG2_DANRE	upp1		27639	22781.2	20013.8	20553.8	26180.8	23202.4	25425.6	24791.8	38274.9	28027.8	41743	33742.3	27673.1	30040.1	27025.3	28355.1
A0A8M6YTS4	A0A8M6YTS4_DANRE	rab3gap2		47723.1	44639.5	36167.5	39334.7	34142.8	35311.7	37312.5	34934.7	28592.1	28858.3	51661	43091.9	55885.2	45847.3	30243.6	26140.3
A0A8M6YU25	A0A8M6YU25_DANRE	si:dkey-218f9.10		22032.2	19217.9	21485.2	20457.3	19975.1	19248	19814.6	21398.2	13158.5	16272.8	26066.1	24705.2	24362.9	23498.3	14072.6	12495.6
A0A8M6YU45	A0A8M6YU45_DANRE	serpina1		318795	285717	314873	332966	182812	187405	268124	221764	304142	232452	460681	441592	332854	327073	377537	417476
A0A8M6YUC5	A0A8M6YUC5_DANRE	plekhg3		10547.3	10027.1	11417.4	9137.78	9618.98	10718.5	10645.2	9350.55	10770.3	9286.21	10864.2	9727.91	13433.6	14464.2	9790	12067.4
A0A8M6YUH1	A0A8M6YUH1_DANRE	fam49al		12370	14121.1	16369.4	20581.9	14532.1	19156.2		16143.1	49613.6	33609.4		10514.4	12918.7	12224.3	26415.7	32551.9
A0A8M6YUK6	A0A8M6YUK6_DANRE	macf1a		46171.9	44710.9	47742.3	44442.3	44468.9	44634.2	46941.9	44719.7	42209.3	38576.5	50183.1	52409.5	46652	48759.3	46417.5	45917.7
A0A8M6YUN9	A0A8M6YUN9_DANRE	pde1cb		24332.2	24932.4	25125.1	23637	23688	21159.8	25514	23367.2	28995.5	18259	30769.7	27402.8	30875.3	30968.3	22603.1	20555.9
A0A8M6YUQ2	A0A8M6YUQ2_DANRE	fam131ba		26682.6	29242.9	24049.1	25286	24550.9	24438	24099.1	20156.6	25131.8	26465.8	23996.7	25819.1	22451.5	26040.8	27942.4	24897.8
A0A8M6YUV9	A0A8M6YUV9_DANRE	gab1		10708.1	13288.4	13900.1	12946.7	14621.2	16090	10418.8	9505.38	7576.22	9156.49	13620.4	13208.2	13418.3	17587.7	12267.6	11784
A0A8M6YUW2	A0A8M6YUW2_DANRE	ece2b		15775.5	20565.7	11597.4	12596.3	11746.1	13430	10315.4	13386.5	8027.81	16098.7	15612.9	16385.7	19794.9	17173.8	14880.6	15058
A0A8M6YUY1	A0A8M6YUY1_DANRE	col12a1b		11629.2	17975.6	14375.5	17785	14114.9	13359.3		11574.8			12073	8821.88	13878.8	8655.61	65107.2	59106.8
A0A8M6YUZ0	A0A8M6YUZ0_DANRE	alox5b.1		21069.3	20901.4			8011.5	10223.7	8841.42				21458.3	15450.1	25664.5	25361.6		5580.22
A0A8M6YV57	A0A8M6YV57_DANRE	stk38b		13448	14132.1	12185.1	13937.7	11682.8	14266.7		11182.6		13682.2	13954.8		12562	13020.1	14609.2	12023.9
A0A8M6YV78	A0A8M6YV78_DANRE	lyplal1		12519.4	13097.6	14408.8	14885.9	13938.8	13895.5	13961.4	14055.9	10863.9		16862	16377.6		17632.1	9982.62	10211.4
A0A8M6YVB9	A0A8M6YVB9_DANRE	ubr4		39970.2	38606.2	36606.1	35081.1	35728.6	31710.8	42054	36904.4	42618.9	37596.2	45472.4	42422.5	49785.8	47783.6	28617.8	29877.8
A0A8M6YVG6	A0A8M6YVG6_DANRE	iqsec1a		20564.9	22432.3	22431.2	23854.9	25951.5	18682.2	23675.6	17490.5	14348.2	17990.8	13599.9	13494.9	25501.5	25904	20939.1	18964.3
A0A8M6YVI4	A0A8M6YVI4_DANRE	srsf10a		52407.3	56287.9	52906.7	48852.8	45834.4	47860.8	53343.4	55816.4	48205.7	51952.9	62758.7	66773.1	59164.1	59754.4	48570.7	47681
A0A8M6YVR9	A0A8M6YVR9_DANRE	gars1		95564.1	90858.2	77884.5	81833.5	85820.4	84345	92423.3	89081.6	76089.2	77319.5	98228.1	99904.2	96548.7	113877	81535.6	79259.4
A0A8M6YVS1	A0A8M6YVS1_DANRE	si:ch211-207d6.2		34520.3	33297.2	38194.1	33284.3	35463.7	36231.9	38505.5	36708.7	30058.7	38502.7	37037.4	40520	38945.6	34596.9	37660.4	40048.3
A0A8M6YVW3	A0A8M6YVW3_DANRE	letmd1			15451.9	15318.1	18608.6	14440		14079.3	15467.4	20403	31113.3	12489.7	26348.5		16687.5	13806.4	18025.5
A0A8M6YW04;Q5TZG3;A0A8M3AYN3;A0A8M9PGI6;A0A8M9PKZ2	A0A8M3AYN3_DANRE;A0A8M6YW04_DANRE;A0A8M9PGI6_DANRE;A0A8M9PKZ2_DANRE;Q5TZG3_DANRE	myt1a;myt1b;myt1la;myt1lb;st18		5083.06	6118.42			7968.05		4224.37	5342.95					7133.69	11996.6	6786.52	4880.82
A0A8M6YW17	A0A8M6YW17_DANRE	fbn1		186680	185617	148127	148903	203096	210367	164187	165383	157761	186188	145346	152861	132973	137507	239219	262215
A0A8M6YW86	A0A8M6YW86_DANRE	itgb1a		14558.8	16584.8	18047.7	18197.1	11672.2	14373.5	12487.3	13764.4	5708.03	10144.5	13503.9	17157.2	10272.5	11968.2	16739.2	19684.4
A0A8M6YWB0	A0A8M6YWB0_DANRE	mtdha		56069.1	61973.4	68545.3	71464.5	69221.1	65359.3	61269.2	66773.4	82557.3	74550.4	66868.2	65392.5	69704.7	66248.1	70587.4	78780
A0A8M6YWE2	A0A8M6YWE2_DANRE	ccdc88ab		17436.4	23718.8	25988.7	23774.8	25004.5	22401.5	30153.9	24975.5	28242.4	20812	23781.1	19470.4	27716.3	24775.4	24906.9	21435.9
A0A8M6YWJ3	A0A8M6YWJ3_DANRE	enpp2l		44111.5	43523.6	43723	40835.3	38732.2	38983	39309.6	38023.4	32114.4	32423.5	44618.4	39168.6	46204	42782.3	45721.7	40634.4
A0A8M6YWP1	A0A8M6YWP1_DANRE	LOC108180196						5153.11	7358.76	9588.79		11377.4	4582.51					9165.9	7788.45
A0A8M6YWU8	A0A8M6YWU8_DANRE	hid1a		12616.1	14482.7	17848.7	14605.1	13099.5	12641.2	15125.3	15211.5		11734.1	20839.6	15787.9	15531.3	17213.2	12906.4	12173.6
A0A8M6YX01	A0A8M6YX01_DANRE	LOC567883		44177.3	35992.2	42472	44935.2	39747.6	38796.3	36581.4	34070.1	60952.9	42034.2	52722.4	49129.4	56596.4	57112.2	32033.8	30857.3
A0A8M6YX33	A0A8M6YX33_DANRE	fam114a2		59403	57862	52613.5	56564.3	57117	53809.9	60963.6	60182.2	57420.2	53292.7	66844.9	60152.1	71753.4	65830.5	54234.8	57192.4
A0A8M6YX38	A0A8M6YX38_DANRE	wdr7		85340.8	85536.3	80420.2	79404.9	83894.1	88379.5	88929.1	86123.3	80931.5	84011.1	79433.6	84258.3	83107.5	88383	85023.7	81146.6
A0A8M6YXG5	A0A8M6YXG5_DANRE	dock3		20442.9	21118.7	19915	16684.8	17839.2	17750.2	20616.7	20564.8	16230.4	14326.2	23868.9	21692	25722.7	23082.7	17146.1	13871.9
A0A8M6YXG9	A0A8M6YXG9_DANRE	si:ch211-226o13.1			2642.77				3592.62								3947.02	3023.25	2076.55
A0A8M6YXN9;A0A8M1RDJ6;A0A8M6YYN1;A0A8M6YYI3;A0A8M9PJ02;A0A8M9PSF0	A0A8M1RDJ6_DANRE;A0A8M6YXN9_DANRE;A0A8M6YYI3_DANRE;A0A8M6YYN1_DANRE;A0A8M9PJ02_DANRE;A0A8M9PSF0_DANRE	LOC100331720;LOC101882570;LOC101882666;LOC108183684;LOC108183846;LOC110438273			5795.67				7710.32			22535.6				8294.54			
A0A8M6YXT0	A0A8M6YXT0_DANRE	slc24a2		76750.2	73185.6	49554.6	51464	48500.7	45169.3	54831.3	53017.4	48181.4	49270.3	58991.1	51082.3	85961	84552.6	65557.7	55495.4
A0A8M6YXX1	A0A8M6YXX1_DANRE	syt6a		42705.7	56967.4	51836.8	53893	45602.5	47101.4	41145.9	47192	46186.9	43724	24113.2		27637.2	27870.7	58577.6	56512.3
A0A8M6YY36	A0A8M6YY36_DANRE	sorbs2a		18595.5	17459.4	22611.8	21988.6	18323.3	19485.8	17921.6	18922.8	24479.4	20617.6	17122.7	17990.4	14515.3	12997.6	21192.4	22708.7
A0A8M6YY49	A0A8M6YY49_DANRE	igic1s1		8589.31	10207.1	22144.7	22260.7	3822.68	4862.96	16930.3	15861.3		5151.3	9932.79	9031.37	4473.51	5037.14	14161.8	13471.8
A0A8M6YYI9	A0A8M6YYI9_DANRE	brsk2a		17903	23843.6	21800.4	21447.1	11438.5	10416.6	12412.4	12619	30835.9	22364.5	33498.8	28217	28309.3	25773.2	10501.7	8853.88
A0A8M6YYQ4	A0A8M6YYQ4_DANRE	ptprd		34661.2	30196.1	23868.4	25290	32636	27284.3	34430.9	30111.2	32626.4	27082	30861	31680.6	33055.9	35144.6	27466.7	21663.8
A0A8M6YYW5	A0A8M6YYW5_DANRE	pitpnm2		69686.6	62555.9	66959.5	71204.3	69399.3	81037.4	60512.2	67232.1	79268.8	85093.6	65874.5	70316.8	77979.5	69632.1	78964.8	89922.5
A0A8M6YYY8	A0A8M6YYY8_DANRE	cfi		34728.2	30509.6	34461.6	37000.8	29390.5	29550.8	31870.8	33463.4	34425.1	29914.1	41367.1	36191	32530.1	30537.1	58038.2	62454.1
A0A8M6YYZ5	A0A8M6YYZ5_DANRE	LOC564220		18553.6	21669.4	21681	19866.6	18004.7	14251.8	19829.7	16095.8		21538.7	22889.7	21124.5	21318.7	24620.7	18565.3	22895.5
A0A8M6YZ16	A0A8M6YZ16_DANRE	adamtsl7		7655.22	4398.33	11184.4	10075.8		18491.9	7048.2	8572.27		9556.17		6714.58			18269.8	24091.8
A0A8M6YZ89	A0A8M6YZ89_DANRE	nacc1a		20326.9	22395.9	28241.3	28438.2	24974.2	27114.5	26461.4	25776.9		25452.4	15860.5	25815.3	18112.5	21340.3	35353.1	37096.2
A0A8M6YZC0	A0A8M6YZC0_DANRE	stard5		14692.3	11777.3	9479.48	10530.7	9147.56	9887.07	12057.6	8691.07	11639.3	9297.49	9899.2	11081.1	12444.9	15853.1	15691.5	16657
A0A8M6YZH0	A0A8M6YZH0_DANRE	slc38a4		16995	10881.1	18720	14620.1	16130.9	16597.8	11588.2	15960	16800.1	20011.3	18671.1	23616.4	11903.1	16664.4	18657.5	15972.3
A0A8M6YZP6	A0A8M6YZP6_DANRE	srpk1a		21092.4	22630.9	26926.1	25615.1	24419.3	23352.6	30096.5	21006.1		23091.3	32061.4	26745.9		22655.9		21815.1
A0A8M6YZQ9	A0A8M6YZQ9_DANRE	osbp		63855.1	62530.5	53202.2	55624.3	58716.2	59586.3	67538.2	69455.4	68485	69233.8	64809.2	64900.7	67089.5	62921	60325.3	64356.7
A0A8M6YZR7	A0A8M6YZR7_DANRE	larp4ab		16705.4	16456.6	17111.5	18555.1	24048.8	22691.6	26280.6	17674.9	21991.5	16609.7	18001.3	16253	30123.3	25344.2	21142.9	23325
A0A8M6YZS5	A0A8M6YZS5_DANRE	chl1b		21266.7	23152.4	23195.2	24063.6	17793.5	22745.8	24798	22263.1	37411	29528.5	22004.2	25964.7	27033.9	21014	18648.6	16558.8
A0A8M6YZU9	A0A8M6YZU9_DANRE	si:dkey-16c7.3		11186.3	8142.62	10357.6	10869.8	9587.37	9198.48	9654.06	8832.88	11929.8	8628.14	14380.1	13748.6	7727.19	7123.16	9879.4	10229.8
A0A8M6YZX5	A0A8M6YZX5_DANRE	dab2ipa		51788	47884.6	52933.2	49903.9	43551.9	47606.2	46796.9	47169.2	52613.9	50248.4	47852.1	52356.4	52523.5	48522.9	48415.4	52184.6
A0A8M6YZX7	A0A8M6YZX7_DANRE	ap1g1		23427.4	22755.6	24630.3	24244	25953.6	26841.4	26820.4	26896.1	28140.1	25389.8	23872	26074	24958.8	25752	20417.1	24883.6
A0A8M6Z0B7	A0A8M6Z0B7_DANRE	mpdz		107936	101382	111456	108649	118638	116665	107643	117073	96640.6	109059	117524	113862	104797	114721	107552	110595
A0A8M6Z0B9	A0A8M6Z0B9_DANRE	fmnl2a		17238.2	15795.5	19995.7	16206.3	19649.6	16186.4	12914.4	14208.3	16204	13191	20588.4	21048.3	21682.2	18316	11781	12571.7
A0A8M6Z0F0	A0A8M6Z0F0_DANRE	sh3glb2a		25910	25133	15924.6	16369.7	13708	13922.6	13644.3	11713.6	14301.9	10951.9	17008	13313.4	21954.2	25758.9	16684.8	11765.6
A0A8M6Z0G5	A0A8M6Z0G5_DANRE	col6a3		218186	223493	85685.2	91622.6	99059.8	108591	112330	112894	81419.4	100611	126627	124196	129762	124395	484361	514657
A0A8M6Z0H2	A0A8M6Z0H2_DANRE	impg2a		48988.9	48280.2	78746.9	81673.8			39527.1	41928.1			56086.4	48111.1	50070.7	53151.9	40870.7	43933.6
A0A8M6Z0J2	A0A8M6Z0J2_DANRE	LOC100333618		22858.8	24766.4	27645	21627.8	23662	25605.3	20973	23494.4	26046.7	24179.8	26622.4	27406.6	19364.5	23106.3	29307.7	30001.3
A0A8M6Z0P5	A0A8M6Z0P5_DANRE	hook3		58289	66425.9	72530.4	68480.9	66001.2	77459.4	62969.6	72244.2	71571.9	74600.9	65120.4	56931.5	65335.8	74328.9	87506	92481.2
A0A8M6Z0S9	A0A8M6Z0S9_DANRE	caska		53854.4	63269.3	45413.4	46575.5	45488.1	49578.9	60315.6	55032.8	46304.8	45700.6	62280.9	63313.1	76474.1	72378.4	42425.3	40849.6
A0A8M6Z109	A0A8M6Z109_DANRE	rtf2		35999.5	33770.4	35998.2	33178.5	38720.7	35920.4	39967.7	37433.1	36628	39658.6	36606.8	38458.2	45790.2	42228.9	32743.3	34543.3
A0A8M6Z122	A0A8M6Z122_DANRE	nudt3b		8837.43	8007.97	11553.4	8165.39	4798.46	9094.08	4567.07	10140.6	7462.14	7936.07	9522.42	5676.88	8400.5	8774.44	6896.12	
A0A8M6Z144	A0A8M6Z144_DANRE	LOC100535353		25782.2	28048.9		12853		20337.6		12544.1		17351.8	18620	23357	13669.2	15195.4	15532.5	12674.7
A0A8M6Z1G1	A0A8M6Z1G1_DANRE	rsf1b.1			9085.68	17540.4	15437.3	12873.2	10505.1	10303.4			13413.9	17697.5	14259.4		14198.6		
A0A8M6Z1I2	A0A8M6Z1I2_DANRE	sar1aa		51887.7	46563	49919.4	48722.6	54399.4	48464.2	66634.5	69642.4	61871.5	48947.7	45870.8	50024.6	54235.3	51904.3	53440.8	67189.1
A0A8M6Z1M3	A0A8M6Z1M3_DANRE	abcf3		216481	172173	185922	181103	179626	195681	222217	206426	257407	217269	227620	210050	221547	220695	211538	133685
A0A8M6Z1M4	A0A8M6Z1M4_DANRE	LOC570405		9.38497e+06	9.22664e+06	1.0151e+07	1.0232e+07	9.01489e+06	8.8282e+06	9.17143e+06	9.11644e+06	7.15531e+06	7.92144e+06	1.02084e+07	9.94741e+06	1.06107e+07	1.0427e+07	1.01949e+07	1.0884e+07
A0A8M6Z1P2	A0A8M6Z1P2_DANRE	eef1da		48101.5	63479.1	67143.8	81819.8	59318.1	65357.5	47044.8	94364.4	51063.9	68312.2	37097.5	48174.9	26184.6	45518.9	136887	148040
A0A8M6Z1P4	A0A8M6Z1P4_DANRE	si:ch211-181d7.2		13379.6	16396.4		11255.9	8359.92		14880.6	13891.4	8337.8	7091.99	16119.5	9190.79	14067.2	13966	10670.4	4795.91
A0A8M6Z1T1	A0A8M6Z1T1_DANRE	znf576.2		62048	59793.1	75510.5	74045.4	65534.9	66667.5	63008.3	62968	40821.5	48609.6	63880.9	72954.7	64195.5	64869.6	66009.3	71921.6
A0A8M6Z1V1	A0A8M6Z1V1_DANRE	zgc:158689		144223	129425	154368		152084	89673		140471		222086	152458	153566		117116	130030	
A0A8M6Z223	A0A8M6Z223_DANRE	ncam3		53257.6	48836.9	81822.5	81962.4	40985.4	47084.2	30996.1	33639.7	30146.8	35107.4	49137.6	56020.2	31858.4	34041.5	112310	113199
A0A8M6Z226	A0A8M6Z226_DANRE	slc38a10		17950.2	17190.4	16638.2	13745.5	15179	13430.7		14422.7		18116.9	17042.9	16620.2			17284.6	16525.4
A0A8M6Z228	A0A8M6Z228_DANRE	srgap1a		9179.79	9178.67	5332.6	5811.87	8144.76	8637.27	9246.9	9615.09	11815.6	7925.44	11182.6	10312.3	8700.69	9599.5	3826.07	5671.69
A0A8M6Z250	A0A8M6Z250_DANRE	srp72		93271.3	96022.5	92254.9	91424.5	97021.8	94634.2	96818	97395.8	100847	96813.5	89807.6	91776.1	105209	102062	94121	91343.1
A0A8M6Z277	A0A8M6Z277_DANRE	si:dkey-94e7.2		49672.3	41881.6	47757.2	41116.8	37303.1	34159.5	41864	43931.5	44775.1	38041.7	43467.9	40765	56339.5	53960.2	27898.9	36154
A0A8M6Z292	A0A8M6Z292_DANRE	nme2b.1		568483	521114	590749	610368	595128	622430	466230	536236	614669	892099	631726	623370	651658	561962	783590	796001
A0A8M6Z2B4	A0A8M6Z2B4_DANRE	ckba		13179.9	12999.2	19491.1	21240	21058.7	21233.4	19512.8	22373.8	20109.9	25225.7	20074.1	19952.3	17348.5	19437.4	30416.3	28280.9
A0A8M6Z2D5	A0A8M6Z2D5_DANRE	pvrl2l		30104.9	29623.1	31971.7	33106	29535.7	25896.8	30082.9	25658.8		22399.1	33847.4	37271.3	32942.5	27143.4	34356.2	24124.6
A0A8M6Z2E9	A0A8M6Z2E9_DANRE	lyst		34451.3	34627.4	43758.7	40737.9	40210.5	43452.3	43923.2	34584.9	48266	40016.9	44545.6	42232.7	53693.1	40651.5	40318.8	27068.5
A0A8M6Z2K8	A0A8M6Z2K8_DANRE	abi2a						13604.1	16369.3	17207.9	14590.9		15241.5	21749.9	13121.6	18753.3	15694.1		12792.5
A0A8M6Z2M1	A0A8M6Z2M1_DANRE	gsr		51575	50471.8	48296.8	49001.8	49630.4	44762.6	47422.8	43950.1	47517.6	48989	57382.4	54697.6	53001.8	55411.9	47246.6	46784.9
A0A8M6Z2N7	A0A8M6Z2N7_DANRE	nnt2																19601.2	16992.5
A0A8M6Z2Y5	A0A8M6Z2Y5_DANRE	smad4a		35338.6	38183.9	24582.8	24757.3	31312	34564.1	28764	31059	17586.4	26365.3	33586.9	27730.8	39292.7	32693.2	27122	20152.3
A0A8M6Z345	A0A8M6Z345_DANRE	coa1		8924.59	11211.4	18805.3	12318.7			11595.6	19460.1	37864.2	57143	9089.94	10690.6			36052.3	43277.7
A0A8M6Z3E7	A0A8M6Z3E7_DANRE	mfn1b		12965.4	14756.8	12155.3		16901.8	15747.5	15928	13869.2	28849.2	12232.3	16607.7		19815.3	21864.5	14009	16926.1
A0A8M6Z3K2	A0A8M6Z3K2_DANRE	mpp3b		23456	22463.3	24641.8	27440.9	26981.9	23977.3	29441	30930.5	38602.5	31116.7	28346.8	28919.2	27956.8	28586.8	28706.3	22933.4
A0A8M6Z3P0	A0A8M6Z3P0_DANRE	ubap2a		40993.2	39094.1	42966.2	42634.7	43772.7	44366.1	42173.4	41157.4	41762.3	48169.2	40027.3	41804.5	31091.5	35819.6	45173.5	45337.6
A0A8M6Z3P2	A0A8M6Z3P2_DANRE	hm:zehn1575		450119	435268	380683	391522	409507	439530	403549	470763	294672	387019	370544	355732	348776	356502	495572	560925
A0A8M6Z3U6;A0A8M9PIN3;A0A8M9QAR7;A0A8M9QCM8;A0A8M9QK16;A0A0R4IHT1;A0A8M1RRS1;A0A8M2B7W6;A0A8M6Z365;A0A8M9P3J2;A0A8M9PBC7;A0A8M9PLT5;A0A8M9PLU5;A0A8M9PLU9;A0A8M9PMS7;A0A8M9PTZ8;A0A8M9PYY8;A0A8M9Q065;A0A8M9Q128;A0A8M9Q149;A0A8M9QC71;A0A8M9QCV4;A0A8M9QG75;A0A8M9QG79;A0A8M9QKF1;A7YYA4;E9QFX7	A0A0R4IHT1_DANRE;A0A8M1RRS1_DANRE;A0A8M2B7W6_DANRE;A0A8M6Z365_DANRE;A0A8M6Z3U6_DANRE;A0A8M9P3J2_DANRE;A0A8M9PBC7_DANRE;A0A8M9PIN3_DANRE;A0A8M9PLT5_DANRE;A0A8M9PLU5_DANRE;A0A8M9PLU9_DANRE;A0A8M9PMS7_DANRE;A0A8M9PTZ8_DANRE;A0A8M9PYY8_DANRE;A0A8M9Q065_DANRE;A0A8M9Q128_DANRE;A0A8M9Q149_DANRE;A0A8M9QAR7_DANRE;A0A8M9QC71_DANRE;A0A8M9QCM8_DANRE;A0A8M9QCV4_DANRE;A0A8M9QG75_DANRE;A0A8M9QG79_DANRE;A0A8M9QK16_DANRE;A0A8M9QKF1_DANRE;A7YYA4_DANRE;E9QFX7_DANRE	LOC100330882;LOC100331049;LOC100331451;LOC101883763;LOC103909414;LOC108179121;LOC110437735;LOC110437759;LOC110437830;LOC110438863;LOC110438948;LOC110438950;LOC110438955;LOC110438956;LOC110438960;LOC110438965;LOC559585;LOC560917;LOC562245;LOC793521;htra2-6;htra2-7;si:dkey-10b15.8;si:dkey-112g5.14;si:dkey-19p15.4;si:dkey-84o3.2		15683.2	17322.6	12768.2	15027.3	19164.9	17483.4	12255.8	16721.6		16622.4	14098.4	18801.6	18062.1	16599.7	11103.2	14917.3
A0A8M6Z3W4	A0A8M6Z3W4_DANRE	plxna1a		26940.9	26446.9	28034.3	27822.5	25853.9	24011.9	24585.5	26984.2	27638	26956.8	30519.2	26271.4	36450.5	32690.4	28775.4	28083
A0A8M6Z3X0	A0A8M6Z3X0_DANRE	LOC101884968		232203	223136	231108	236373	241508	239481	232995	241997	240397	251565	267242	259794	265790	271628	214617	234505
A0A8M6Z3Y2	A0A8M6Z3Y2_DANRE	adcy6a		15986.8	15374.1	15858.7	11606	11870.4	14791.3	17505.2	14553.9		14922.9	13835.1	10561.4	13217.1	18343.4	12583.2	15737.6
A0A8M6Z3Y7	A0A8M6Z3Y7_DANRE	oatx		19743.2	18238.5	18432.9	18619.8	16162	17196.5	21821.7	18162.2	15578.8	17460.3	19888.7	19711.6	23806.9	25548.2	16957.2	16495
A0A8M6Z413	A0A8M6Z413_DANRE	xpo5		11558.8	8019.5	7767.38	9578.08	9160.12	10554.1	9387.05	9050.62		7742.43	9876.87	7395.36	8713.46	6746.51	9226.6	6853.19
A0A8M6Z447	A0A8M6Z447_DANRE	LOC100333227		59474.6	60389.1	76808.9	64465.3	54172.8	61351.9	65447.7	77236	55814.1	70036.4	39210.3	50220.1	43781.5	47471.5	90882.1	107271
A0A8M6Z461;A0A8M3B5K8;A0A8M6Z9F1	A0A8M3B5K8_DANRE;A0A8M6Z461_DANRE;A0A8M6Z9F1_DANRE	LOC100536800;LOC108192077;LOC108192079		16932	11474.4			7682.29	7887.42	9504.79		10015.2	6520.28	10322.9	13868.1	19259	17753.4	5580.25	
A0A8M6Z4G1	A0A8M6Z4G1_DANRE	elmo3		10575.9	11218.6	12617	15382.7	11416	13234.1	10163.4	11826.5		17539.4	15345.2	6893.05		10206.1	18577.4	16764.6
A0A8M6Z4G7	A0A8M6Z4G7_DANRE	prkar2b		11317.4	11272.6	20861.9	22308.1	19338.5	23511.2	17292.7	16128.4	28128.4	27926.6	16297	19469	10970.3	10643.9	25184.9	29876.8
A0A8M6Z4P8	A0A8M6Z4P8_DANRE	rmc1		14996.9	17554.7	13110.8	12596.7	12820.1	16693.4	13875.1	15995.4	15759.1	21452.1	14889	16774.7	18004	14025.8	12769.3	17296.5
A0A8M6Z4R1	A0A8M6Z4R1_DANRE	muc5e		11605.7	7121.68	9588.75	9984.6				3909.13	35819.6	11289.9	10775.1	7830.56			17527.9	32651.8
A0A8M6Z4R7;A0A8M1PZX7	A0A8M1PZX7_DANRE;A0A8M6Z4R7_DANRE	ifi44a4;ifi44a8						22892.9	25980.7				11529.5				27892.4		
A0A8M6Z503	A0A8M6Z503_DANRE	LOC103910196																52981.4	54509.5
A0A8M6Z539	A0A8M6Z539_DANRE	myh11b			88906.6	76630.8	96643.7	80638.8	71243.3	59990.5	51323	74674.2	63548.3	71995.2	70924.6	80159.4	84244.7	101075	107948
A0A8M6Z599	A0A8M6Z599_DANRE	ints13		21354.4	23363.6	23262.8	21980	23845.7	22321.7	17216	21361.3	25172.6	21633.5	25144.9	21038.1	31075.8	34390.8	17358	15911.1
A0A8M6Z5N5	A0A8M6Z5N5_DANRE	arhgef7b		13779.9	14539.1	10966	11762.4	12625	11060.5	13161.3	13120.4	9903.48	11457	16091.4	18089.9	15425.5	13405.2	11745.2	12958.9
A0A8M6Z6D7	A0A8M6Z6D7_DANRE	mvb12ba		3803.24			4232.92	5194.5	4056.31	4998.55				4637.32	5495.83		3666.34		5169.5
A0A8M6Z6E5	A0A8M6Z6E5_DANRE	si:dkey-273o13.3		47148.5	43884.7	37446.2	40686.4	47040.4	45242.7	52093.2	47254.5	44951.1	53645.7	50943.3	50629.8	51941.6	51637.5	48391.6	48197.3
A0A8M6Z6M9	A0A8M6Z6M9_DANRE	nup214		27456.4	30830.4	34636.9	35597.6	31343.7	38270.5	25875.5	35068.7	37152	40132.9	36199.5	25400.8	29620.7	25536.8	45282	54502
A0A8M6Z6P5	A0A8M6Z6P5_DANRE	farp1			8842.25	5215.9	5224.23		8846.71	6572.66	8380.29		19179.5					23854.3	29833.7
A0A8M6Z6P7	A0A8M6Z6P7_DANRE	sec23b		42920.6	39670	32568.9	26822.5	32573.1	25237.9	34079.9	29501.7	32030.2	31323	45458.2	46860.1	45015.6	44685.1	27376.9	26284.4
A0A8M6Z6Z8	A0A8M6Z6Z8_DANRE	tspoap1		21501.8	21129.6	19020.8			23149	22606	16929.3		15890.4			18890	18380.1	14520.3	17293.3
A0A8M6Z7B1	A0A8M6Z7B1_DANRE	zranb2		21065.6	20548	18986.5	22773.4	22448.3	26372.5	18211.8	25078.2	16526.1	17375.6	20568.3	27664.6	15637.1	21185.1	19173.7	20677.6
A0A8M6Z7D0	A0A8M6Z7D0_DANRE	mtss1lb		16317.3	16006.8	10083.5	17583.7	17506.5	20393	10678.3	15471.6		31057.7	8887.22	15338.7	9445.1	11924.2	22499.3	22921.6
A0A8M6Z7W7	A0A8M6Z7W7_DANRE	apeh		34795.4	32888	30732.1	29532.4	34153.1	32396	36879.9	39317.6	39180.3	42114.3	35539.4	39596.7	31072.9	35565.4	34337.5	29631.1
A0A8M6Z7Z5;A4QN90	A0A8M6Z7Z5_DANRE;A4QN90_DANRE	LOC569982;zgc:163061		317039	348164	553106	583884	408060	459685	362532	448371	185080	245075	367632	401353	405590	397741	717390	706793
A0A8M6Z838	A0A8M6Z838_DANRE	col4a2		19524.9	20132.9	23279	20781.5	19050.5	18526.4					16317.6				20505.9	19848.5
A0A8M6Z842	A0A8M6Z842_DANRE	crb2b		11759.9	10283.1	13365.3	13703.6	7735.72	14760.6	12326.1	11458.3	7134.66	8446.95	7756.24	8487.31	9743.79	10793.5	9901.07	13435.1
A0A8M6Z8C5	A0A8M6Z8C5_DANRE	rabgap1		31127.4	28723.5	35456.3	35207.2	29067	26594.1	27001.2	35666.1	20149.1	27960.4	27153.1	28373.5	29459.8	28422.6	30008.4	33845.4
A0A8M6Z8T3	A0A8M6Z8T3_DANRE	galt		20057.1	22797.3	24195.4	22088.8	24299.1	24023.7	33031.3	35450.5	27300.6	19915.9	31551.5	28797.3	43360.7	32796.7	31220.5	21339.7
A0A8M6Z8T4	A0A8M6Z8T4_DANRE	flnbl		61157.5	60467.8	65352	64945.3	59845.4	60444.2	57926.8	57146.8	55312.5	59264.7	62177.9	63118.9	66359.4	63714.8	66081.5	71482.6
A0A8M6Z8V0	A0A8M6Z8V0_DANRE	rbp3		148620	155678	202972	211591	172437	178129	191719	186238	352903	211819	160114	155169	190872	200074	219025	297109
A0A8M6Z906	A0A8M6Z906_DANRE	itih3b.2		59160.1	69251	100508	109071	67220.2	75957.9	64885.7	70238.1	48697.2	62898.6	62973.8	60653	63298.7	57336.4	130892	150827
A0A8M6Z984	A0A8M6Z984_DANRE	dgkab		14689.3	14857.6	14118.4	13246.7	15170.6		15697.4	16986.2				17281.8		12895.7		
A0A8M6Z9D3	A0A8M6Z9D3_DANRE	si:rp71-19m20.1		34335.5	32723.7	36170.8	33784.3	30332.4	27733.3	24455.5	24128.3	28023.6	27717	22823.3	24437.9	20411.6	22053.7	28485.1	33237.2
A0A8M6Z9I5	A0A8M6Z9I5_DANRE	ggps1		53902.6	48739.7	45831.5	42179	44845.3	44178.4	47324.9	51243.1	46771.6	49985.8	51596.2	53681.4	51646.6	57132	41180.8	45042.7
A0A8M6Z9J2	A0A8M6Z9J2_DANRE	macrod2		46086.5	42888.4	39267.8	41704.3	49639.3	47108.4	42127.7	43599.3	59583	47198.6	38772.3	42804.2	41927.7	42587.4	45230.2	41907.5
A0A8M6Z9J4	A0A8M6Z9J4_DANRE	rapgef2b		5040.03	4980.56	3545.61	9067.73	5186.37	4668.91	4934.51	4178.28		4922.2	4682.87	5317.8	4145.73	3941.62	4932.17	5501.94
A0A8M6Z9M1	A0A8M6Z9M1_DANRE	picalmb		42686.1	40060.3	42522.3	41665.1	40533.6	40537.4	36654.4	40011	38356.7	35964.8	45464.3	41490.9	44240.8	43026	39738.3	41973.5
A0A8M6Z9P8	A0A8M6Z9P8_DANRE	efemp1		11538.2	13790.8	5316.62	5895.11	4003.6	5163.77	6205.99	8450.52		5883.03	9518.9	8333.46	6734.72	9345	9209.59	6202.26
A0A8M6Z9Q6	A0A8M6Z9Q6_DANRE	eml4		106724	104380	102392	102479	104566	98830.2	108328	106651	85675.5	94951.8	108611	108044	119809	115589	99275.5	98177
A0A8M6Z9Z4;A0A8M9Q0I3;A0A8M2BJU1	A0A8M2BJU1_DANRE;A0A8M6Z9Z4_DANRE;A0A8M9Q0I3_DANRE	robo1;robo2;robo3				5358.91	199369	653267	9341.19	11732.3			211655	147564	6130.43	691399	395178	485998	10430.5
A0A8M9NYM9	A0A8M9NYM9_DANRE	myo18ab		41920.9	43689.9	46175.2	48491.6	46398.7	48687.3	50248.7	43661.9	58518	50532.2	48370.1	48509.8	41983.3	41989.5	52545.5	47502.3
A0A8M9NZA4	A0A8M9NZA4_DANRE	gnb4a		33966.6	43840	49761.9	60016	43333.1	48765.9	39837.9	64120.3	21380.7	73008.1	38217.8	34561.3	13775.7	17395	81588.6	98183.8
A0A8M9NZC6	A0A8M9NZC6_DANRE	apoa4b.2		308756	349544	418352	426128	339509	376669	463392	560328	219568	213781	468870	471126	314253	333651	524507	604394
A0A8M9NZG1	A0A8M9NZG1_DANRE	pop1		3013.78	10261.7		13359	12734					11572.2	12101.5	12376.2	10558.3	10314.9		
A0A8M9NZG4	A0A8M9NZG4_DANRE	adamtsl4		22071.5	21004.9	17986.5	17284.5	22279.3	15299.7	20154.4	17899.2	32135.6	21334.2	25845.9	23830.4	22456.8	17841.5	23815.6	19872.1
A0A8M9NZW7	A0A8M9NZW7_DANRE	LOC101885083		28493.5	21812.7	24092.8	26811.3	23453.7	21172.9	28200.8	25033.2			25082.5	26946.9	21294.9	24286	32053.4	24962.1
A0A8M9P088	A0A8M9P088_DANRE	eml1		33164.6	43011.6	35085.7	39444.4	46711.9	65768.4	40011.6	47231.1	98483.2	81339.2	40166.8	36726.3	26596.7	39124.6	66358.4	96577.6
A0A8M9P0C3	A0A8M9P0C3_DANRE	cdc42bpaa			28607.2	23168.6	41170.2		40660.5		47089.9							68665.8	66960.8
A0A8M9P0T8	A0A8M9P0T8_DANRE	ubr1		23255.2	24106.2	18906.6	20513.4	16661.4	14200.7	21557.5	18978.2	14399.3	13045.5	26072	22103.5	26458.9	30447.7	19282.8	14928
A0A8M9P2C3	A0A8M9P2C3_DANRE	eps15l1b		7093.51	5217.1		9120.61	6768.09	7044.57	8405.73	4425.88			6483.33			9386.4	8617.38	7799.66
A0A8M9P2G2	A0A8M9P2G2_DANRE	exoc1		35212.9	35055	29167.1	32597.1	30866.2	30980	32102.7	34896.2	35098.7	31821.3	31344.3	38130.2	32701.5	31272.3	32025.6	35551.6
A0A8M9P2Q2	A0A8M9P2Q2_DANRE	cdc42bpb		83928	78148.1	74354	76421.9	77303.5	73229.8	82925	75812.6	89890.7	74964.1	85840.7	93337.4	92097.8	85102.3	72864.2	77875.7
A0A8M9P2V3	A0A8M9P2V3_DANRE	wu:fi46h04		349141	351051	423396	422789	391797	414364	417252	407644	364737	391656	382839	386714	339253	355765	415027	466844
A0A8M9P366	A0A8M9P366_DANRE	gsna		236233	222581	300767	301549	237889	239170	248669	249971	210721	214384	225884	229174	267648	265678	331743	387786
A0A8M9P3G8	A0A8M9P3G8_DANRE	acsl6		229426	227680	198970	208573	223473	214206	236074	227120	185650	189570	244178	248472	262731	264743	164782	160857
A0A8M9P3H6	A0A8M9P3H6_DANRE	tcf4						5453.01			4165.01		4956.16	6463.07		4016.19	4846.34	5076.04	
A0A8M9P3K0	A0A8M9P3K0_DANRE	LOC562049		36270.3	37595.6	37303.7	34845.2	40848.7	38679.5	35821.4	33966.6	54928.6	33482	41404.7	39205.5	44253	39699.2	37161.6	38164.5
A0A8M9P457	A0A8M9P457_DANRE	larp1		11856.8	11542.3	10818.3	11587.4	13764.1	13321	11776.7	9266.48		10152	11624.1	9328.78	14462.3	20990.8		8176.69
A0A8M9P4N2	A0A8M9P4N2_DANRE	LOC100536726		18127.7	21360.4			22015.7	23061.8	22820.4	19659.6		21500.1	13766.9	19739.3	14149.8	18687.7		
A0A8M9P4P4	A0A8M9P4P4_DANRE	LOC110437771		63870.9		46041.8					80445.2	85699		70518.4		77391.7			54900.1
A0A8M9P4Q6	A0A8M9P4Q6_DANRE	rabgap1l		20955.8	22994.7	13405.4	16415.8	18143.1	17105	23187.8	19891.8	15445.8	19365.3	28827.9	24576.4	26083.9	28376.2	14544.1	16434.5
A0A8M9P4U0	A0A8M9P4U0_DANRE	strada		36251.4	38522.9	39450.9	43839.4	40819	43371.3	39860.9	37310.2	34027.9	33486.8	36420.8	37896	36725.1	47510.8	34574	34787.6
A0A8M9P595	A0A8M9P595_DANRE	utrn		226305	243688	228962	228698	228611	216345	236640	208348	195106	201010	275746	277788	315519	291368	249815	243377
A0A8M9P5P4;A0A8M9PX56	A0A8M9P5P4_DANRE;A0A8M9PX56_DANRE	LOC402866;psip1b		13496.1	14268.8	14264	14801.2	13947.8	17034.6	16493.1	15437.1	14688.7	13590	16753.9	17224.8	17135.7	20698.9	15534.7	12292.7
A0A8M9P5P6	A0A8M9P5P6_DANRE	dclk2b		33013	22580.1	22047.4	23359	25862.1	20687.3	31705.6	21254	13828.2		18243	25749.9	29747.6	27983.8	22664.9	27882.1
A0A8M9P5S7	A0A8M9P5S7_DANRE	stub1		27274.9	28952.5	29066.3	29610.9	30448.4	30987	22572.1	26364.6	39964.5	27972.3	26446.9	27929.4	23861.8	26415.7	32729	34928.2
A0A8M9P5U9	A0A8M9P5U9_DANRE	epb41l3a		52973.8	57518.4	58183.3	55143.4	50388.3	54705.3	54852	58421.5	51535.6	48179.1	46921	55419.1	60833.6	59694	53939.5	58647.6
A0A8M9P606	A0A8M9P606_DANRE	vapa		41388.4	35480.1	39740.4	43567.2	48915.4	46290.5	44739	39501.1	41436.1	50290.1	49515.1	51044.6	54192.9	50164.5	42913.1	37340.8
A0A8M9P612	A0A8M9P612_DANRE	cul2		26996.9	28712.5	25562.9	25471.4	24848.5	24233.4	28645.7	28172.4	24145.6	24745.7	28595	27212.1	32070.2	29450.2	26040.6	21371.9
A0A8M9P642	A0A8M9P642_DANRE	vill		133534	127317	241418	239633	259874	253163	253734	234249	205787	179394	260469	245119	237587	236207	161130	174470
A0A8M9P6G4	A0A8M9P6G4_DANRE	shank2b		28680.1	29549.7	29100.2	29250	26551.7	26202.2	29687.6	26839.5	30083.3	35743.7	37645.5	33258.2	33046.6	35012.8	32188.8	33106
A0A8M9P6N0	A0A8M9P6N0_DANRE	ap3b2		49331	49462.3	45010.9	45523.2	47678.3	51720.9	48806	48681.9	54161.1	54277.9	58030.1	52977.3	56360.3	55327	50318.7	50964
A0A8M9P729	A0A8M9P729_DANRE	pcp4b		34144.2	38641.5	30538.1	34818.5	26647.7	27480.2	38777.6	39582	63839.4	42603.5	57692.7	48303.3	33866.9	30130.7		
A0A8M9P7E4	A0A8M9P7E4_DANRE	LOC798868		30774.4	31892.8	29609.3	31519.6	29456.1	27314.4	29754.1	24132.6	29973.7	31322.4	31268.8	31923.3	27300.7	27466	28632.4	29604.5
A0A8M9P7F0	A0A8M9P7F0_DANRE	cul9		27628	23354.6	21879.8	20123.5	22961	20895.6	22655.1	21159.3	25840.8	21012.1	26322	24163.4	25663.3	29812.2	23132.1	22405.9
A0A8M9P7X5	A0A8M9P7X5_DANRE	arhgef1b		23431.6	19036.7	20456.6	18914.9	17524.8	16146.4	19847.2	18147.8	17401.7	15255.2	24569.7	26204	24937.4	23173.4	17350.9	19010
A0A8M9P803	A0A8M9P803_DANRE	si:ch211-113e8.11		26756.5	28530.5	31717.4	33045	33963.7	36307.9	34063.2	36950	34919.1	35380.8	31326.8	35708.4	27912.8	31154.2	37504.7	38443
A0A8M9P823	A0A8M9P823_DANRE	ndufaf6		30544.3	36317	25754.5	24320.6	26629.1	27254.7	22583.1	26552.2	25675.5	24358.8	21748.7	28966.4	26042.2	28258.7	23648.8	24070.7
A0A8M9P891	A0A8M9P891_DANRE	tnxba		5696.02														30203.8	28273.8
A0A8M9P8Y6	A0A8M9P8Y6_DANRE	znf593		5821.73	6710.69	5513.85	2795.53	7918.13	4707.19	8524.29	5699.21			2336.83	4887.92	3581.83	8140.95		
A0A8M9P9H3	A0A8M9P9H3_DANRE	crip3		15805.7	21156.4	21548.9	27228	21355.6	18460.9	16921.4	17683.2	17222.8	17977.7	15603.5	15315.8	14424.3	10455	27258.3	27748.6
A0A8M9P9K9	A0A8M9P9K9_DANRE	vps13c		43119.6	47278.5	47285.2	46378.7	45381.6	36561.1	41677.4	40557.3	42033.9	23985.7	46999.7	38925.8	58793.2	58252.5	37342	28772.9
A0A8M9P9W0	A0A8M9P9W0_DANRE	myo7aa		19161.7	22740.8	14451.8	15325.4	17814.8	16006.4	23675.9	23551.5	12109.8	21820.6		17240.8	21568.2	26050.7	14270.1	17837.2
A0A8M9P9X9	A0A8M9P9X9_DANRE	pak1		45291.8	42020.5	41413.2	37250.7	38263.4	39411.5	43186.2	42271.6	28808.5	37450.5	49447	43466.2	43189.7	43076.1	40622	37368
A0A8M9PA32	A0A8M9PA32_DANRE	tp53i11b		18026.7	22033.5	25586.6	25335.9	22347	22817	21011.2	21276.2	26662.6	22249.4	20435.3	19354.2	19203.6	18203.3	25907	28550.2
A0A8M9PA91	A0A8M9PA91_DANRE	LOC110437876		6673.19	6445.63	5820.01		7991.88	7850.19	8469.9	6008.63		5908.88	7190.18			6280.87	6067.04	6068.63
A0A8M9PAP9	A0A8M9PAP9_DANRE	shank2a		3715.68	6059.25	4210.66	4718.77	3048.59		2216.81	2903.18	3016.62		4534.83	4478.13	2552.18	3071.78	5330.49	5439.19
A0A8M9PAQ3	A0A8M9PAQ3_DANRE	suclg2		28275	32346.5	27557.8	23794.6	24454.9	26267.5	26628.8	26532.8	18885.7	20679	30735.1	28407.9	33220.6	31034.5	31105.1	30511.8
A0A8M9PAT6	A0A8M9PAT6_DANRE	chtopa		152689	161716	147486	148111	147829	172108	134400	141237	140501	150762	97099.9	102397	108383	116054	153299	153870
A0A8M9PAY2	A0A8M9PAY2_DANRE	pfkpb		849206	832267	770124	759655	784941	777849	805971	810853	888119	870202	828862	799548	800698	771797	816854	861063
A0A8M9PB08	A0A8M9PB08_DANRE	svilb		63856.9	58599.4	64377.5	61136.1	65587.9	59942.8	77421.2	57578	89362.9	66351.3	65529.7	67448.7	63729.1	67592.5	60732.8	65245.5
A0A8M9PB88	A0A8M9PB88_DANRE	itgb8		51531.5	53984.9	52819.7	53805.2	55876.2	56803.1	49359	52350	49573.8	48798.8	45447.9	42234.6	59950.5	58938.7	51929.4	50352.5
A0A8M9PBF2	A0A8M9PBF2_DANRE	si:dkey-240h12.4		44127.6	48078.2	41911.5	46341	31199.3	30590	37967.3	36929.2	29543	29845.5	32106.5	30824.4	22368.2	26057.5	45285.6	48839.6
A0A8M9PBT0	A0A8M9PBT0_DANRE	snx9b		33379.2	39580.9	47984.2	43828.9	33332.2	31633.2	30211.8	34696.6	29801.4	24881.1	36779.4	35265.8	37832.7	34901.5	41599.9	34556.2
A0A8M9PC08	A0A8M9PC08_DANRE	plcb1l		14756.4	16719.9	14963.9	17162.9	17343.4	15408	19494.8	12422.8	23537.5	15985.1	15823.8	16180	20928.4	18415.8	19211.4	17037.5
A0A8M9PC75	A0A8M9PC75_DANRE	syne1a		61923.8		65807.5	63867.9		77704.6	81256.8	40697.2	55221.9	87888	56949.1		98961.1		88848.2	78277
A0A8M9PC77	A0A8M9PC77_DANRE	strn4		27713.8	28620.5	27494	27164.8	28921.7	31154.8	31598.7	28482.9	28780.2	23324.1	33976.6	33582.9	30023.7	33103.8	28140.4	23922
A0A8M9PCH0	A0A8M9PCH0_DANRE	nup54		70837.8	65493.4	64694.6	60747.9	69676	66191	74031.6	72236.9	73890.1	59787.1	80844.3	79171.4	81238.2	79279.9	64869	63822.8
A0A8M9PCP4	A0A8M9PCP4_DANRE	pde2a		13541	12529.6	12683.1	9384.38	11239.5	15111	9438.39	12927.8	11409.1	14368.6	14567.7	12724	16993.9	12689.3	7461.55	8366.13
A0A8M9PCW4	A0A8M9PCW4_DANRE	znf462		12367.1	14725.4	18732.8	15107	12602.4	15526.9	17300.8	17625	15521.1	19002.4	13782.6	15729.9	19289.5	23842.5	15005.7	14414.8
A0A8M9PCZ4	A0A8M9PCZ4_DANRE	josd2		20463.3	19627.7	19140	26199.8	28785.6	19902.2	25678.5	25970.4	14387.8	25294.7	20356.2	15522.5	24255.6	27271	26232.8	25172.3
A0A8M9PD37	A0A8M9PD37_DANRE	pbxip1b		44713.2	43857.6	41152.4	42962.2	37750.6	39997.6	36341.6	35512.9	49784.5	44733.6	37637.3	41106.5	36641.5	36919.5	41181.3	38578.9
A0A8M9PD70	A0A8M9PD70_DANRE	oxr1a		92203	94690.5	95493.5	106147	90679.3	93644.6	81938.5	93497.6	84579.5	91843.5	73060.8	82343.4	83910.1	82650.1	98452	104234
A0A8M9PD73	A0A8M9PD73_DANRE	cdk14		26457.2	21345.3	27102.7	30638	23303	18914.1	28181.1	24939.8	12632.4	22708	29594.7	23811.5	26046.4	29334.2	14523.6	12530
A0A8M9PDB9	A0A8M9PDB9_DANRE	ank1b		18329.3	26605.2	19116.6	18487.9	19572.5	25823.9	18235.9	19716.4	22053.6	25577.8	22131.9	22969	21742.1	23253.1	33333	39599.3
A0A8M9PDC4	A0A8M9PDC4_DANRE	LOC556653		31051.8	27624.9	23258.1	24064.6	28793.3	30006.6	29676	26357.6	52488.9	39406.9	25438.7	30478.7	30487.1	27292	28753.1	27777.7
A0A8M9PDC8	A0A8M9PDC8_DANRE	plecb		49949.5	48928.6	47190.4	46755	37085.9	38481.9	32994.3	33659.8	39948	32386.3	38837.8	39081.7	37260.7	38094.3	65743.3	67723
A0A8M9PDF7	A0A8M9PDF7_DANRE	maptb		165902	165578	156858	160817	153118	167939	154901	159301	171461	155965	162509	149098	143948	155892	162989	171896
A0A8M9PDL9	A0A8M9PDL9_DANRE	LOC101884909		28711.6	31860.2	39681.3	36419.5	33002	33452.8	35472.8	34887.1	25820.8	40762.7	35549.8	32765.4	32161.6	35982.1	42154.2	42312.3
A0A8M9PDQ2	A0A8M9PDQ2_DANRE	arid1aa		19328.8	22165.3	21389.1	28999	22466	26952.1	23981.7	24769.3	31663.4	27423.9	26486.7	28115.6	21971.6	25041.3	29374.2	24426.9
A0A8M9PE84	A0A8M9PE84_DANRE	gphna		81513.5	77209.8	72534.5	71374.9	64847	65252.2	71441.2	70241.7	76938	75893.6	84815.6	82235.5	92221.6	83348.6	64933.8	71157
A0A8M9PE99	A0A8M9PE99_DANRE	dtnbb		26657.2	26545.3	28786.9	26931.8	28592.4	26987.9	29296.5	25339.2	24224.2	31593.3	25029.3	22928.7	28433.5	28294.4	23952.3	25411.6
A0A8M9PED2	A0A8M9PED2_DANRE	sergef		10692.5	10156.1	11104.3	12215.1	10300.1	15109.8	10961.7	13115.1	23262.1	14617.1	15286.9	18089.9	17250.8	17600.9		16818.8
A0A8M9PEK0	A0A8M9PEK0_DANRE	ralgapa1		19860.5	17717.2	19927.6	17890.5	18197.6	19261.5	17127.6	16953.7	24560	13012.4	16365.3	20403.1	19494.2	20965.4	14126.6	15286.6
A0A8M9PEK9	A0A8M9PEK9_DANRE	mia2		32997.6	24136.3	28302.9	27628	31848.5	29882.9	27138	28241		26977	37561.6	33564.2	33937.5	34711.4	33547.1	27285
A0A8M9PEW4	A0A8M9PEW4_DANRE	sptbn5		9793.56	9359.2	8338.33	8423.04	6316.09	5635.51	10893.5	6721.44			12028.4	12451.3	15676.9	12548.5		
A0A8M9PEX3	A0A8M9PEX3_DANRE	nsfa		585234	615720	558367	559319	526735	540819	547270	559797	696977	670860	531096	527140	571973	567699	662319	751644
A0A8M9PF00	A0A8M9PF00_DANRE	plekhd1		50373.6	51155.5	42961.1	45951	43088.1	39375.9	47903.5	46962.5	38149.3	46983.8	44775.3	44413.5	46939.1	41943.2	34682.8	36210.1
A0A8M9PF48	A0A8M9PF48_DANRE	chl1a		83907.6	87331.6	63172	56745.2	50538	51033.2	66385.6	61250.1	60343.2	71000.5	79654.4	80124.9	68442.3	63643.3	65997.1	65764.7
A0A8M9PF96	A0A8M9PF96_DANRE	LOC101885790		19480.7	14775.7	16811.7	16217.8	13761.7	12279.1	15281.4	12758.3	13409.6	11487.5	15121	15899	22921.4	15376.4	9963.39	10197.5
A0A8M9PFD6	A0A8M9PFD6_DANRE	nup205		38267.8	33927.5	34378.2	37125.6	34831.1	34225.9	33595.9	32142.6	42376.2	37424.6	41087.4	38275.1	43010.7	41458.4	42450.2	38416.8
A0A8M9PFF4	A0A8M9PFF4_DANRE	eif4g3b		60969.5	59770.5	57480.6	57121.1	61687.6	59322.9	65020.5	58293.2	73576.5	54353.4	63181.5	64500	70108.5	69795.7	53359.2	48375.6
A0A8M9PFP4	A0A8M9PFP4_DANRE	shank3a		3854.15	5694	4723.07	6885.38	4015.21	4663.12	6485.89	5376.29		4100.89	8071.39	7550.28	8004.88	8162.16	5258.91	2829.84
A0A8M9PFY2	A0A8M9PFY2_DANRE	eps15l1a		43871.6	44091.7	41833.4	41645.7	46484.6	45466	49464.3	46215.4	47285.5	45696.9	49831.5	42698.8	47845.7	44458.5	37914	41150.1
A0A8M9PFZ3	A0A8M9PFZ3_DANRE	fam118b		51425.8	52916.2	41098.2	42788.5	42927.5	38488.9	56096.2	52122	53706.8	49739.2	58489.7	56657.3	61215.7	62894.9	34771.5	34540.9
A0A8M9PG19	A0A8M9PG19_DANRE	tnikb		19603.4	14660.8	21727.7	21584		24391.6	27669.9	28985.7		20506.9	46811	46238.1	28599.4	28243.6	25164.9	23155.8
A0A8M9PG48	A0A8M9PG48_DANRE	sugct		11415	9714.97	9049.67	8372.97	8012.56	8751.81	8425.95	8528.81	6913.18	6149.04	9492.23	9060.1	12173.5	9803.79	6503.23	6877.49
A0A8M9PGB2	A0A8M9PGB2_DANRE	pou6f2		9121.83		9819.61		8340.52	7508.44	9200.46	9532.43		5684.08		3827.22		11510.4		7755.79
A0A8M9PGI2	A0A8M9PGI2_DANRE	rsu1		47167.8	51108.6	77948.8	79238.9	54322	56986	44974.8	38818.6	44144.8	37726.3	54657.1	54789.5	45081.9	42493.1	78232.1	80173.4
A0A8M9PGT9	A0A8M9PGT9_DANRE	hexa		15515.5	13626.8	11819.2	12855.1	23139.9	25462.8	21096.5	24216	25573.8	16834.1	14358.5	12419.1	18187.3	15460.2	28935.8	26581.1
A0A8M9PGZ4	A0A8M9PGZ4_DANRE	adam10b		11204.7	12957.8	12323.9	13383.6	17081.8	13347.1	19626.5	12839.8	8265.87	14877.5	15688.8	15081.7	12803.2	12612.8	15700.5	10476.1
A0A8M9PGZ9	A0A8M9PGZ9_DANRE	slc30a8				23056.1	16742.5	24609.3		14319.2					19296	20533.2			2537.55
A0A8M9PH32	A0A8M9PH32_DANRE	stxbp6l		84740	84159	51726.4	49800.6					20543.7	25219.5						
A0A8M9PH33	A0A8M9PH33_DANRE	syt7a		22914.3	22431.9	17105.1	19987.7	16776.1	15783.6	17418.5	16899.1	21685	13947	19443.5	21442.6	16645.7	17584.3	15022	19246.2
A0A8M9PH62	A0A8M9PH62_DANRE	nt5c2b		54654.2	45997.7	37328.4	40890.9	47765.5	42171.2	39770.7	46339.1	39983.4	41431.5	58691	49805.8	57257.8	56393.1	44984.2	43784.6
A0A8M9PH72	A0A8M9PH72_DANRE	evlb		47062	52659.4	50780.5	48595.7	55651.5	54817.1	54500.3	47878.7	59156.1	66344.6	51239.6	45137.8	44949	45310.2	60773.3	61891.3
A0A8M9PH95	A0A8M9PH95_DANRE	myo6a		86182.6	82715	77842.3	71519.1	82244	78214.5	79020.1	77942.7	99398.8	86718.9	92612.1	90913.7	84748	87087.8	78923.5	80217.5
A0A8M9PHA0	A0A8M9PHA0_DANRE	gpcpd1		36838.2	36526.4	42231.1	37119.8	33139.9	36121.4	34832.6	41734.2		23101		27555.2	35618	43135.4	26758	33355.1
A0A8M9PHB7	A0A8M9PHB7_DANRE	recql		23624.3	22149.5	24676.1	24208.8	25624.2	24390.4	23717.4	24495	26557.3	21591	29521.6	29424.7	22766.2	26041.8	26099.6	22973.2
A0A8M9PHD6	A0A8M9PHD6_DANRE	plekha5		33136.2	36297	35804.3	38943.6	40151.4	35923.6	37548.4	30081.2	33570.7	39281.9	37680.8	33173.2	34443.6	42539	38498.8	31260.6
A0A8M9PHF1	A0A8M9PHF1_DANRE	ptprdb		16285.1	14537	10195.2	11883.4	12988.4	10380.7	16737.5	10453.9	11147	11781.3	13690.9	11887.5	20471.7	17551.3	8433.29	8098.44
A0A8M9PHF8	A0A8M9PHF8_DANRE	tjp1b		17078.8	16812.4	18048.1	18681.2	20206.2	16033.9	14934.4	16705		21831.9	13330.5	20782.2	22238.7	16274.4	18543.4	19330.1
A0A8M9PHN7	A0A8M9PHN7_DANRE	ptprk		12662.8	13752.8	12359.4	10527.4	14604	10000.9	12549.9	11987.8	11013.6	13917.8	13968.6	14145.9	13928.5	14279.3	11049.6	13728.5
A0A8M9PHQ3	A0A8M9PHQ3_DANRE	akap7						13985.5	14546.4				14116.7		14484.5				
A0A8M9PHR9	A0A8M9PHR9_DANRE	flncb		26316.8	28403.9	31611.2	31157.3	28600.5	26439.4	35664.1	30324.6	23830.6	25258.2	24854.1	33632.5	37097.8	28306	42659.7	32913.1
A0A8M9PHT6	A0A8M9PHT6_DANRE	dnm2a		93532	86518.9	80806.5	84514.9	72129.2	69759.6	77722.4	72843.8	69277.5	80981.4	86493.8	89883.2	98274.2	93706.8	79646.1	77053.1
A0A8M9PHW0	A0A8M9PHW0_DANRE	limch1a		2009.32	2726.6	2618.79	2097.34	2482.18		1815.65	2715.81	2920.6		3045.54	3482.48	5701.01		3033.43	
A0A8M9PI68	A0A8M9PI68_DANRE	LOC110438480		109676	98639.9	72030.1	73963.5	78392.1	89038	90808.3	87627.8	77924.3	80367.6	109140	95769.4	110538	109240	71817.7	68513.4
A0A8M9PIE9	A0A8M9PIE9_DANRE	fech		40600.1	37955.4	44953.7	41101	36887.5	36875.1	31896.5	32897.3	38803.4	34413.4	32439.2	38433.6	36677.8	35641.8	42768.2	40951.9
A0A8M9PII1	A0A8M9PII1_DANRE	arsb		8037.64	8262.87	5006.58	7346.74	11827.4	8129.34	11288.4	7579.45	5437.84	7218.46	13654	7622.54	10920.4	11301.1	5994.31	
A0A8M9PIV6	A0A8M9PIV6_DANRE	rab38a		34691.9	33826.3	27059.6	25578	28721.6	22820.6	28986.3	29424.5	27776.2	24353.8	42602.6	36439.6	42115.7	42325.2	21361.8	22569.9
A0A8M9PIW3	A0A8M9PIW3_DANRE	zfp91		13195.4	13129.7	11985.6	14442.6	13767.6	13736.1	15923.5	10911.6	8426.53	10921.6	16606.2	9677.71	17830.2	13890.6	13880.5	12498.5
A0A8M9PJ56	A0A8M9PJ56_DANRE	dnm3b		770431	771174	672928	658155	631079	643425	700244	643896	737859	715640	628972	656375	753597	753112	630600	646899
A0A8M9PJ96	A0A8M9PJ96_DANRE	ubr5		19725.8	16533	19042.7	16776.7	18260.6	14989.7	18474	18576.2	14932.4	17281.1	19890.8	18435	20122.9	19118.7	13697.9	15527.6
A0A8M9PJD2	A0A8M9PJD2_DANRE	LOC101883326		13584.2	13130.9	15682.8	16848.8	13415	12920.7	10906	13937.4	9050.42	13151.8	14414.6	17334.6	16742.3	12351.2	13129.6	19138
A0A8M9PJI1	A0A8M9PJI1_DANRE	pla2g6		28654.2	33531	33664.1	32566.7	25466.2	29605	31495.5	30112.5	36291.8	36753.4	33798	34743.6	33395.5	31040.2	24300.6	22252.1
A0A8M9PJL9	A0A8M9PJL9_DANRE	dnm1a		324623	326734	292479	289160	294189	296180	310603	315156	321351	322122	324821	329227	349297	351993	301643	310788
A0A8M9PJQ1	A0A8M9PJQ1_DANRE	thy1			5803.65	9538.97	11375.9	15436.1	21992.7	17014	19737.5	64026.5	44024.7	13236.6	16903.7	15198.6	15009	14519	19694.8
A0A8M9PJQ9	A0A8M9PJQ9_DANRE	tars2		14282.6	15530.8	8865.45	10296.7	9695.22	10781.7	8198.5	8251.15		11492.2		16832.2	16429.8	16735.5	12473.4	
A0A8M9PJW6	A0A8M9PJW6_DANRE	myhz1.1l		83196.3	81476.8			165374	161182			19696.9		19189.5	22973.7			598664	611720
A0A8M9PJX4	A0A8M9PJX4_DANRE	ptprsa		10105.5	7432.84	6325.92	6535.11	4964.86	5520.39	3805.46	5652.81	4169.05	5793.03	6403.52	6617.18	6131.71	7067.74	6497.59	5115.03
A0A8M9PK80	A0A8M9PK80_DANRE	acaca		37847.8	38399.3	32311.4	30777.7	32528.5	27986.9	35866.4	33418.7	33009.7	30781.7	33923.6	33689	39892.9	39129.9	31146.2	30422
A0A8M9PKD5	A0A8M9PKD5_DANRE	LOC101882049			59195		45816.8		71670.6	73898.5			58263.4		60720.4		72615.1	41608.6	
A0A8M9PKD6	A0A8M9PKD6_DANRE	sgip1a		34166.1	44020.2	33843.3	23573.6	35667	41930.3	46331.5	43563.2	43203.1	44089.9	35836.7	60546	35201.7	35569.4	26903.6	23812.7
A0A8M9PKI7	A0A8M9PKI7_DANRE	tmt1a.2		35970.7	35779.5	43917.2	48468.6	46209.7	40859.7	44555.3	40352.7	43171.1	43555	46289.7	45451.1	52671.4	46778.9	47009.1	54420.9
A0A8M9PKI9	A0A8M9PKI9_DANRE	ube4b		21072.3	21414.6	17334	20884.9	18363.7	20585	21634.5	21347	19449.6	17913.5	22977.9	25884.1	26479.3	25057.8	14804.7	15432.5
A0A8M9PKK0	A0A8M9PKK0_DANRE	zgc:174259		21098.1	17585.8	30038	28151.1	36321.1	33185.3	46370	47508	22893.8	26719.4	49716.9	62528.6	38177.5	39494.4	33958.6	23072.6
A0A8M9PKP6	A0A8M9PKP6_DANRE	plekha7b		13849.5	15010.9	17168.4	21037.9	16767.8	14076.3	17959.7	15156.7	10038.3	14018.3	17820.2	17180	21812.5	14332.1	14623.4	13280
A0A8M9PKQ8	A0A8M9PKQ8_DANRE	tnca		42556.4	38895.9	36710.1	32808.6	49445.9	52026.6	37894.7	36476.3	43700.6	46305.6	54026.1	47481.5	43253.3	44276.5	53762	54970
A0A8M9PKT2	A0A8M9PKT2_DANRE	agrn		32577.7	36090.7	40865.2	38547.5	34168.3	35514.5	33442.3	31158.6	40019	44626.5	40677.5	39344.4	35385.3	37317.1	55258.6	51668.3
A0A8M9PKU7	A0A8M9PKU7_DANRE	atp1b2a		630380	698596	620448	677534	631917	744774	647545	826104	706365	1.02247e+06	420270	533045	423476	450175	968358	1.20364e+06
A0A8M9PKY4	A0A8M9PKY4_DANRE	fto		173374	168223	176389	171685	185136	181511	170987	173703	200621	192943	174369	170199	163429	171013	186558	193329
A0A8M9PL02	A0A8M9PL02_DANRE	plcb4a		18710	25251.3	20225.8	18992.7	13058.3	17048	21380.4	23042.3	29009.1	16107	15777.3	11685.8	14640.5	20207.1	16014.9	10374.7
A0A8M9PL07	A0A8M9PL07_DANRE	rabl6b		14921.9	15821.9	19059.5	19437.4	18916.7	20146.8	20601.4	17084	25182.7	19349	17852.2	17186.4	13700.6	17122.3	19166	25285
A0A8M9PL35	A0A8M9PL35_DANRE	camkvl		36452.8	33115.1	31561.4	30902	36695.5	34461.1	38473.4	30177.4	50749.1	39698.8	40780.2	41818.9	38843	31014.6	32661.5	34471
A0A8M9PLA6	A0A8M9PLA6_DANRE	fndc3a		30713.1	29783.5	22365.9	26346.6	33984.9	35724.7	38019.4	27054.2		22254.3	35315.1	29980.2	28587.8	32425	30366.9	29045
A0A8M9PLB0	A0A8M9PLB0_DANRE	nek3		6526.68	6971.06	6892.5	6377	8492.09	6916.98	5236.74	6825.43	6706.41	5849.53	5649.63	7582.18	8168.78	5763.88	4848.92	6400.35
A0A8M9PLC6	A0A8M9PLC6_DANRE	map7b		34980.1	32714.2	20930	20108.9	34985.3	36292.4	34166.3	30928.4	30919.2	24538.6	37361.5	37113.4	36985.5	44055.9	15304	14623.5
A0A8M9PLD4	A0A8M9PLD4_DANRE	prkd2		12878.2	13466.8	11275.2	15136.7	13938.6	17604.7		17591.9	12425.4	14597.6	14611.7	14054.1	15584.7	16406.4	15927.8	11940.9
A0A8M9PLD5	A0A8M9PLD5_DANRE	nhsa		6698.32	4728.63	7840.42	7821.82	7838.58	5810.07	5773.37	6642.65	4651.37	3549.56	6499.25	7183.82	6947.78	5897.88		7435.3
A0A8M9PLE1	A0A8M9PLE1_DANRE	dlgap4a		26410	26420.6	26848.2	20557.6	25294.7	27158.8	25840.2	24563.7	24896.4	29436.2	29679.4	27764.4	24673.1	20811	29821	26370.2
A0A8M9PLQ0	A0A8M9PLQ0_DANRE	nf1a		8339.48	9088.89	8394.37	9062	11398.2	7528.83	9183.32	9564.38		8232.21	11747	12450.5	12216.7	10089.1	6685.3	8183.87
A0A8M9PM01	A0A8M9PM01_DANRE	rbfox2		25326.9	32170.4	31079.9	35897.7	29391.7	37151.9	34290.8	38139.5		24326.9	20194.6	23989.4	13924.4	26166.7	39229.2	40787.5
A0A8M9PM25	A0A8M9PM25_DANRE	LOC100536119		42572.9	44208.1	38489	39325.2	31073.8	30402.4	26097.7	32603.2	23219.1	32926	31375.8	31593.5	40036.2	36849.7	34364.4	34646.5
A0A8M9PM31	A0A8M9PM31_DANRE	prkcaa		177783	182201	195849	190800	181619	183500	187910	186940	186025	198913	174572	184779	165474	174467	166664	171476
A0A8M9PM80	A0A8M9PM80_DANRE	bcar1		5582.77		5590.92	6880.3	6231.38	9990.83	9694.93	7125.52	7432.94	7452.14	13772.4			7335.46	6917.02	7094.84
A0A8M9PMB1	A0A8M9PMB1_DANRE	ssrp1b		30981.6	30936.7	30133.4	22533.3	31163.4	27680.4	38022.5	36347.5	34457.2	36111.9	26778.5	29964.7	28240.6	26783.7	30984.9	33700.3
A0A8M9PMF7	A0A8M9PMF7_DANRE	znf1035		19710.5	18326.3	17861.6	14920.7	13067.5	17311.2	12537.8	12749.1	16679.1	15361.6	20675.8	20399.1	21729.1	18887.3	19474.7	15664.9
A0A8M9PMU9	A0A8M9PMU9_DANRE	LOC100333499		6728.21	8375.24	5978.52	7243.88	8876.52	10560.2	7605.43	8923.8		5678.33	7980.92	9185.81	8603	8454.81	8943.04	9005.38
A0A8M9PMV4	A0A8M9PMV4_DANRE	septin15		315491	306786	294536	294499	310606	293691	300902	296767	292443	294974	300197	296368	300761	311862	266188	268151
A0A8M9PN21	A0A8M9PN21_DANRE	phf21ab		5232.51	5601.88	6250.56	5849.33	6681.53	7028.8	9235.96	8222.8	5413.44	6775.57	7680.71	9616.52	12311.4	9378.41	6231.52	5517.21
A0A8M9PN75	A0A8M9PN75_DANRE	sorbs2b		8458.96	7243.03	6999.85	9725.11	7886.69	9580.87	10010.3	8285.39	8688.7	8973.16	12159.2	12209.6	10425.6	10107.4	5925.77	8878.73
A0A8M9PN76	A0A8M9PN76_DANRE	LOC555793		70161.8	76432.6	67245.1	74288.6	64540.2	66265.8	66109.5	67658.2	72190	82620.5	53252.4	64481	59159.9	58433.6	69933	84093.8
A0A8M9PN91	A0A8M9PN91_DANRE	nelfe		29219.8	28317.7	27861	29444.4	27728	20549.4	24662.2	33672.6	30817	28977.6	37214.3	35971.3	39611.8	34135.1	28844.8	20481.8
A0A8M9PNC0	A0A8M9PNC0_DANRE	tulp1b		40616.2	39394.1	48200	48381.7	48312.4	53321.9	50641.1	54386.8	43844	40916.3	54309.9	52863.3	55151.1	51557	46379.4	57692.7
A0A8M9PNG0	A0A8M9PNG0_DANRE	LOC101884921		9019.88		14287	14053	16382.8	14745.6	17325.9	17193		13249.2	6521.4	11150.2		10350.8	13125.1	11025.3
A0A8M9PNG1	A0A8M9PNG1_DANRE	dnaja		10022.5	7390.12	8119.64	9564.68	8571.81	7178.84	8422.63	8524.18		4984.53		2520.57				
A0A8M9PNG7	A0A8M9PNG7_DANRE	LOC110439885		28486.2	27096.5	35430.6	33031.2	37002.6	34362.6	36806.4	39075.8	31966.9	28834.8	35665.3	36095.4	41135.4	42256.8	32154.4	28319.7
A0A8M9PNK8	A0A8M9PNK8_DANRE	tnpo2b		60381.7	59414.2	63019.3	66335.7	60224.3	60376.9	69142.9	65713.2	73980.6	70066.8	62080.8	66597.8	66469.6	64191.4	69273.7	76294.7
A0A8M9PNN6	A0A8M9PNN6_DANRE	slc25a13		100216	104069	92701	96290.4	89374.5	87074.6	96991.5	98110.4	107680	111241	73731	83562	94802.3	96269	81566	93462.9
A0A8M9PNQ3	A0A8M9PNQ3_DANRE	rtn3		553582	553108	463325	470316	521750	503519	539429	538340	483151	480744	461734	460403	474573	475175	416498	408984
A0A8M9PP44	A0A8M9PP44_DANRE	nme2a		1.42581e+06	1.56442e+06	1.68184e+06	1.8041e+06	1.56025e+06	1.7563e+06	1.51046e+06	1.59442e+06	1.96515e+06	1.96733e+06	1.07712e+06	1.17481e+06	1.4435e+06	1.51844e+06	2.22937e+06	2.63636e+06
A0A8M9PP65	A0A8M9PP65_DANRE	lbr		53058.8	55466.7	58215.9	62893.5	56618.4	58413.7	51488.9	57004.4	45306.9	47356.6	56652.6	59531.9	54934.7	53305.2	76854.1	80546.5
A0A8M9PPG9	A0A8M9PPG9_DANRE	xpo1b		100175	102232	93879.7	92259.5	91505.7	85369.2	99566.1	101247	91770.2	90700	99157.6	108064	116469	111727	96481.3	98087.6
A0A8M9PPH2	A0A8M9PPH2_DANRE	cdc42bpab		46521.7	41142.9	37470.6	40251.5	52291.3	44920.8	47846.4	46229.8		43111.2	51302.7	57952.3	51555.4	45278.4	36361.7	39638.5
A0A8M9PPK9	A0A8M9PPK9_DANRE	efr3ba		33298.4	34395.7	35789.1	38306.4	36753.2	37613	36796.9	32717	50816.6	44699.6	38460.6	40502.2	35834.2	35890	33818.6	45205.9
A0A8M9PPQ8	A0A8M9PPQ8_DANRE	myo5aa		129647	128511	121004	119151	112799	105373	108788	109627	127853	123588	119861	112630	122364	126083	113862	111426
A0A8M9PPU5	A0A8M9PPU5_DANRE	plcb1		32012.3	30025.5	24850.5	24713.4	25048.8	24851.5	23350.2	24299.3	26506	26042.7	21949.1	23546.7	24670.7	22738.6	29550.8	26366.3
A0A8M9PPU8	A0A8M9PPU8_DANRE	coro2ba		58595.8	53780.6	48397.3	49218.7	47423	51551.2	63690.1	51037.9	31124.9	34046.9	57979.5	56797.6	68879.2	72592.8	45272.9	40779
A0A8M9PPZ9	A0A8M9PPZ9_DANRE	si:ch211-14a17.10		8038.46	7454.67	14426.7	11167.8	36984.6	40149.8	5402.33	7244.54			30976.2	33970.5	23954	26023.2	13293.5	16824.6
A0A8M9PQ24	A0A8M9PQ24_DANRE	afdna		52448.4	53043.4	56804.8	62287.6	47983.4	51675.2	50739.5	53584.5	46581	42268.2	34092.8	51971.8	55024.7	52347.7	62209.2	57139.3
A0A8M9PQ61	DESPB_DANRE	dspb		35308	33822.7	8727.48	14659.6	9040.84								20843.9	13177.5	23878.6	29782.2
A0A8M9PQ91	A0A8M9PQ91_DANRE	mlc1		33676.7	31484.5	22352.9	16204.8	28386.2	29479.5	29685.3	32244.1		36402.5	16812.9	22597.8	15411.1	20433.9	40131	34554.7
A0A8M9PQC3	A0A8M9PQC3_DANRE	chd2		48238.1	45525.9	49528.3	42692.1	48560.5	44744.8	50084	48532.5	37796.3	43772.1	47058.6	45917.1	49541.1	47904.4	46522.3	41140.8
A0A8M9PQF2	A0A8M9PQF2_DANRE	sptan1		424973	425233	473264	466470	414303	412726	412353	409885	385162	396835	440253	432636	428285	425244	512258	529619
A0A8M9PQG8	A0A8M9PQG8_DANRE	add1		210097	220392	240989	253868	224202	238932	219683	238732	242298	265000	240660	236641	214906	217021	285460	304677
A0A8M9PQK2	A0A8M9PQK2_DANRE	zmat1		11311.6		11811.4	11462.6	9489.98	10528.9	10373.9	13992.8	16568.7		22297.7	18680.9	13557.3	12572.2	11557.8	9355.25
A0A8M9PQK9	A0A8M9PQK9_DANRE	psmb7		247068	235837	251490	237298	240264	214131	240438	220766	251730	213100	268905	244475	276378	266926	212622	205006
A0A8M9PQN7	A0A8M9PQN7_DANRE	tmtc2b		13736.2	12254.3	15955.7	10658.8	14934.1	12446.4	19042.3	16105.8		18131.3	18886.6	13459.4	18749.4	19152.1	9930.24	12630.6
A0A8M9PQP6	A0A8M9PQP6_DANRE	mlana		18649.6	15255.9	11370.3	11177.4	12314.9	12780	11890.5	9708.35		11137.6		14142.3	18943.2	17691.6	17998.6	14308.2
A0A8M9PQQ8	A0A8M9PQQ8_DANRE	hsd17b4		82996.3	80903.1	84514.9	82359.6	71828.7	69552.5	81587.5	68337.4	76969.6	69745.4	88522.7	78934.2	95422.5	94450.2	71598.7	68350.4
A0A8M9PQR9	A0A8M9PQR9_DANRE	cert1b			10985.6	20506.2	21564.1	15539.5	23393.7	19967.7	24699		28835.9	8439.41	17427.7	13300.8	14876.2	38335.8	49264.4
A0A8M9PQT7;Q7ZVB5	A0A8M9PQT7_DANRE;Q7ZVB5_DANRE	snrpd3;snrpd3l				5850.8	7223.46	6299.43	6297.64	5290.45	8162.32	12865.8	8137.41		6251.72	3272.04		12474	6745.35
A0A8M9PQW2	A0A8M9PQW2_DANRE	ap3b1a		23573.6	19135.5	23161.5	23800.3	23634.9	21385	24592.7	23515.4	23152.1	21416.9	25661.1	26056.4	26841.1	24233.8	21555.1	25093
A0A8M9PQY4	A0A8M9PQY4_DANRE	hcfc1b		143028	138833	148078	145088	141234	144250	168797	157813	128174	116240	157531	137005	144503	142367	141600	150013
A0A8M9PQZ5	A0A8M9PQZ5_DANRE	atp8a2		72312.5	77728.1	81083.3	90630.5	75325.6	97597.9	74458.5	74172.7	102436	87772.2	81751.3	100140	73308	70246.5	121255	103584
A0A8M9PR98	A0A8M9PR98_DANRE	mtx1b		20735.8	28305.5	35328.2	32993.4	36310.3	33864.6	31673.7	32651.2	50297	48633.3	45406.2	41077.6	33841.7	32040.5	21346.6	20906.8
A0A8M9PRC8	A0A8M9PRC8_DANRE	arhgef1a		13063.2	19564.4	12442.5	19838.8	13743.3	17481.9	10334.8	13470.6		12211.8	10673	15694.9	11097	12069	14759.9	17068.9
A0A8M9PRM2	A0A8M9PRM2_DANRE	chd4a		12511.3	11457.3	17746.3	19956.9	14822.6	16960.6	15255	17419.1	10847.6	22056.6	13101	14553.6	15689.8	13895.4	20360.3	25195.2
A0A8M9PRN1	A0A8M9PRN1_DANRE	si:dkey-253d23.3				101094	87358.7	66725.8	73571.2	64863				128743				105007	113678
A0A8M9PRN8	A0A8M9PRN8_DANRE	pleca		252010	252459	241524	241444	215835	216855	224655	226790	240179	242594	236951	235342	234423	239644	295040	308712
A0A8M9PRV2	A0A8M9PRV2_DANRE	rock1		48394	48432.5	46585.1	46277.2	46330.4	47300.5	43324.7	46563.6	86793.7	51021.2	56513.4	50825.1	56481.7	50907	43838.7	44563.7
A0A8M9PS32	A0A8M9PS32_DANRE	akap9		109871	105480	120756	115686	105882	110792	127723	123660	117474	108954	130070	119710	147056	154590	108058	98374
A0A8M9PS43;A0A8M9PVM5;A0A8M9Q7K6;A3KQG8	A0A8M9PS43_DANRE;A0A8M9PVM5_DANRE;A0A8M9Q7K6_DANRE;A3KQG8_DANRE	LOC108181106;LOC108181107;LOC110437713;LOC110439112		11887.1	14789.6	13097.6	14286.4	12516	13191.9	8712.45	13385.4	11864.8	8815.8	14850.9	10613.6	11859.8	12691.3	16485	19334.7
A0A8M9PS55	A0A8M9PS55_DANRE	si:dkeyp-82a1.6		27535.3	29060.8	32143.8	28404	31189	29837.5	24721.3	22928.1	31202.8	26746.8	45927.5	42594.7	37765.9	37371.8	30434.5	25123.2
A0A8M9PS81	A0A8M9PS81_DANRE	jupb		43209.4	43291.5	25757.5	19480.5	33814.5	32447.7	41975.2	32088	20300.5	37728.8	56679.5	40681.6	50101.3	49739.3	30965.5	27690.5
A0A8M9PSC1	A0A8M9PSC1_DANRE	arid1ab		13317.4	10291.2	16261.5	13783.8	15331.6	14320.8	16823.3	13434.5	15294.9	13888	13260.8	12602.7	15353.9	13994.2	13985.1	15517.6
A0A8M9PSF7	A0A8M9PSF7_DANRE	gphnb		165452	161699	157024	155721	155866	155082	148626	144149	164753	165038	150382	151322	156427	163223	160197	169705
A0A8M9PSK5	A0A8M9PSK5_DANRE	LOC108191316		58963.2	58066.8	28723.3	33178.5	40590.3	42573.3	39591.7	41496.6	39744.4	39194.4	41900.1	51671.4	41085.4	43625.5	79511.6	85870.8
A0A8M9PST5	A0A8M9PST5_DANRE	pias1b			12231.2		8543.79	8776.99			5748.14		10216.6						
A0A8M9PSZ1	A0A8M9PSZ1_DANRE	tardbpa		187386	175850	195101	202456	196432	209092	202436	197721	278480	204485	217036	200258	206679	205321	301108	280317
A0A8M9PSZ2	A0A8M9PSZ2_DANRE	fryb		8172.54	9189.32	5946.4	6365.78	6130.51	7330.05	7085.6	7475.89	7539.71	7972.09	7207.25	7934.63	12355.8	10229.9	6018.18	4414.95
A0A8M9PT37	A0A8M9PT37_DANRE	tns1b		40850.4	40286.2	53649.3	56041	38258.9	38522.6	29198.7	33176.5	30642	36513.9	37268.6	39327	35476	26949	59860.8	61690.1
A0A8M9PT53	A0A8M9PT53_DANRE	flna		260057	262476	242893	239851	206079	201837	191285	186077	171325	186925	233794	220962	191745	186985	315389	331731
A0A8M9PT57	A0A8M9PT57_DANRE	cd302		48663.2	48715.2	64268.1	60701.9	48507.4	49402.4	55547.1	51733.5	34269.1	35675.1	39586.2	48876.2	41330.9	37112.3	49728.8	55897.3
A0A8M9PT70	A0A8M9PT70_DANRE	abcg2a		3065.86	2876.09	3042.85	3391.37	3170.9	2611.44	2746.72			1616.82	2859.33	2141.34			3436.21	4544.84
A0A8M9PTA1	A0A8M9PTA1_DANRE	ggt7		7183.38	8072.96	8036.18	12516.1	23668.7	21874.1	22384.6	19016.1	22660.6	25672.7	14676.8	18141.9	8113.28	5211.23	19175.6	23695.2
A0A8M9PTI3	A0A8M9PTI3_DANRE	septin5b		205582	191395	172128	165441	166786	167582	193068	186778	150865	161633	194923	210900	207112	213007	184616	201680
A0A8M9PTJ2	A0A8M9PTJ2_DANRE	lrp1ab		41945.1	40766.8	42612.9	45474.1	44217.6	40675.9	40535.1	41940.1	41239.8	39251.9	46177.2	45848.3	44930.9	45409.3	41379.1	43449.3
A0A8M9PTJ3	A0A8M9PTJ3_DANRE	tln1		124493	122580	171881	170373	121315	130345	93321.7	91051.4	101752	98936.4	126343	128792	101633	99469	186081	191563
A0A8M9PTL8	A0A8M9PTL8_DANRE	srcin1a		13234.4	16162	13966.5	12509	14164	13654.3	17428.2	13737.1	15367.7	16215.5	15126	20186.8	20531	18403	14859.6	10398.3
A0A8M9PTM0	A0A8M9PTM0_DANRE	mpp3a		11945.8	10776.9	8891.89	13179.8	12847.5	10318.7	8428.17	9727.08	15990.6	9805.89	13300.1	14355.8	14930.7	14309.6	8438.2	7944.62
A0A8M9PTP1	A0A8M9PTP1_DANRE	golga7		13245.1	14329.9	31878.5	21359.9	28135.3	30701.2	22955.6	27850.5	34786	41826.6	30501.4	17470.2		22363	21900.6	26023.3
A0A8M9PTQ1	A0A8M9PTQ1_DANRE	LOC100333835		21993.1	22531.5	21697.9	17866.9	19385.1	21025.9	17794	19065.5	22368.1	14291.7	25648.3	28123.9	22588.4	20225.6	16648.1	15991.4
A0A8M9PTQ6	A0A8M9PTQ6_DANRE	wdr70		56478.4	57808.4	55562.9	69678.9	78283.4	80315.7	73316.8	76960.5	68662.7	66067.8	78700.2	79319.7	93279.1	89278.7	65071.7	76388.8
A0A8M9PTT3	A0A8M9PTT3_DANRE	psd3l		32529.8	22450.6	26423.2	23925.1	24750.4	21291	17908.7	22042	23305.7	22272.2	28893.4	20830.2	24177	23964.6	24725.9	20336.1
A0A8M9PTT4	A0A8M9PTT4_DANRE	dxo																6901.75	8879.74
A0A8M9PU00	A0A8M9PU00_DANRE	tacc1		13024.7	14801.8	14658	13859.6	18087.6	15129.5		16742.5			17903.5	16682.9	12287.5	19173.2	14276	14687.8
A0A8M9PU63	A0A8M9PU63_DANRE	scarb2c		87398.3	86224.6	93761	90405.8	93901.5	89819.1	111630	97575.9	76062.4	83339.9	74654.2	66508	86430.1	90658.3	86615.4	97794.8
A0A8M9PU64	A0A8M9PU64_DANRE	cald1a		151862	162495	193775	202625	133874	145700	110589	123108	120006	139410	138762	139162	116678	99116.7	220602	231445
A0A8M9PUP4	A0A8M9PUP4_DANRE	ndrg3a		29849.6	28587.5	22843	28112.7	23442.1	25410.4	17218.8	22583.8	37911.1	31824.4	21422	19879.8	23220.8	23210.9	36892.3	48134.5
A0A8M9PUV2	A0A8M9PUV2_DANRE	lsm14aa		41903.1	49765.4	45671.6	51075	46959.1	53291.2	41377.8	45474.6		46414.5		43886.8	31819.6	37151.3	45590.5	66590.3
A0A8M9PV15	A0A8M9PV15_DANRE	appl1		92493.3	94830.6	101804	102395	93083.4	97842.3	85825.6	94358.5	104139	103055	92791.2	92847.1	80748.9	88077.6	114556	114334
A0A8M9PV37	A0A8M9PV37_DANRE	nrcamb		25590.3	28766.6	21542.7	21127	23268.9	27596.9	23858.3	29916.7	20279	29446.1	15426.6	20478.4	19721.6	18932.3	28312	27815.7
A0A8M9PVC1;A5PLG5	A0A8M9PVC1_DANRE;A5PLG5_DANRE	celf5a;zgc:165603		6646.96	7403.98	6363.63	8525.34	10211.8			13666.8		6373.43		9434.64	10114.7			8290.23
A0A8M9PVK7	A0A8M9PVK7_DANRE	fam126b		30204.5	21978.4	29156.1	27545.3	27876.4	23418	26390.6	24598.2	24960.8	22521.7	22917.4	21658.5	31320.1	17669.9	26131.2	25059.2
A0A8M9PVK8	A0A8M9PVK8_DANRE	mdga2a		33333.7	27820.2	23479.2	29442.5	30769.3	26405.9	29371.5	25034.7	22147	28617	33407	34389.7	30629.6	29389.5	27642.8	21861.4
A0A8M9PVL2	A0A8M9PVL2_DANRE	col6a2		34364.5	41070	23934.3	25998.4	26217.8	30325.5	23572.2	30447	21613.7	32515.5	22204.8	19880.1	23475.7	7890.22	63207.3	67535.9
A0A8M9PVU5	A0A8M9PVU5_DANRE	eml6		8685.18	10862.4	8886.12	9115.31	8175.91	8447.47	9802.81	9440.32	6929.81	6681.64	7799.15	8660.37	12445	9743.72	11535.1	11940.4
A0A8M9PVV6	A0A8M9PVV6_DANRE	LOC100537342		7621.85	4894.69			5588.83		12910.5	9565.49				5663.31	7234.31	8708.62		
A0A8M9PVZ9	A0A8M9PVZ9_DANRE	hgs		67364.9	62694.8	56803.2	57113	59926.8	58268.7	61375.1	59653.9	62176.9	54822.8	67363.1	62623.8	76608.9	75339.2	56372.6	54393.4
A0A8M9PW29	A0A8M9PW29_DANRE	ephb3b		10544.5	9957.7	6156.29	7190.82	12180.8	8718.44	12602.2	10160.9	14922.9	9949.91	12572.7	15142	13142.5	14140.9	12640.9	11131.1
A0A8M9PW37	A0A8M9PW37_DANRE	LOC110438288		24659	22709.6	23199.8	22197.5	14414.1	26936.5	13263.2	15529.1	21124.9	14091.3	23745.2	23242.8	15272.5	21206.9	17022.4	23492.4
A0A8M9PW40	A0A8M9PW40_DANRE	plcb4b		19453.6	20002.5	18318.7	19967.8	19202.3	21251.1	23189.1	21513.7	21623.5	23127.1	17684.6	17407.9	21758.7	21223.4	22821	15288.2
A0A8M9PW87	A0A8M9PW87_DANRE	fam169ab		178734	164545	171729	169186	179379	181880	188775	175990	214750	193782	197621	174644	186398	179803	187778	196871
A0A8M9PW92	A0A8M9PW92_DANRE	mpp2a		29138.4	25484.9	28191	23640	25570.2	20143.8	32920.1	21154.5	20681.7	16975	34987.3	34655.9	34289.8	39155.8	23367.1	25529.6
A0A8M9PWB2	A0A8M9PWB2_DANRE	LOC100535008							23778.1										
A0A8M9PWB5	A0A8M9PWB5_DANRE	tpd52l2b		204575	207520	244881	240110	200804	195084	195104	200892	168578	161846	264840	235421	226553	223196	299118	340469
A0A8M9PWC8	A0A8M9PWC8_DANRE	sncgb		520099	534794	450215	476380	454996	479110	438813	480663	628788	716012	424560	431956	465374	470428	620493	734161
A0A8M9PWI4	A0A8M9PWI4_DANRE	atp2b3b		277166	285546	251909	251704	248181	258340	232307	245174	354888	357882	278640	266114	249816	248355	301122	312761
A0A8M9PWJ6	A0A8M9PWJ6_DANRE	rgs9b		283107	268653	275128	266801	272847	273446	367506	339203	254790	249244	276656	257624	319534	305156	248031	258457
A0A8M9PWJ9	A0A8M9PWJ9_DANRE	LOC100537803		36490.4	26042.9	24057.8	30940.8	71156.6	74795	49901.6	40980.9	36406.8	34657	57314.9	53600.3	55428	55822.7	29635.7	30785.3
A0A8M9PWM3	A0A8M9PWM3_DANRE	LOC100537649		76971.1	65321.7	52926.3	58280.5	67211.4	65136.5	73390.9	72187.8	42442	49578.5	59020	66208.7	88992.4	92381.8	40031.3	35611.8
A0A8M9PWP6	A0A8M9PWP6_DANRE	si:dkey-94f20.4		90198.7	94118.3	114112	120580	122861	118457	125005	125029	117406	129982	129001	128007	148184	155733	115741	111313
A0A8M9PWT2	A0A8M9PWT2_DANRE	emd		60579.3	53821.7	57634.5	68563.1	47283.8	45704.2	36420.9	39740.2	39457	37474.7	53436.1	54753.1	47928.1	47641.9	64608.8	65814.6
A0A8M9PWV8	A0A8M9PWV8_DANRE	hspg2		107775	107051	101324	102917	117399	118055	102023	96419.7	109005	112609	109080	111198	105449	101228	132981	141525
A0A8M9PWZ7	A0A8M9PWZ7_DANRE	senp1		12574.3	12999.1	13356.5	12079.7	9900.19		11401	10023.4			8282.79		6999.06		11939.7	10069
A0A8M9PXC3	A0A8M9PXC3_DANRE	elac1		10148.8	14936.1		13189.1			11138.9	6304.68		8345.32	11161.9	6934.95				10093.8
A0A8M9PXC6	A0A8M9PXC6_DANRE	abcd3a		68401.9	55985.8	65155.9	68655.6	44050.4	56043.1	60713.8	55596.4	60293.3	54661.5	81339.9	54293.3	79129.3	54103.8	43455.5	44141.3
A0A8M9PXD6	A0A8M9PXD6_DANRE	grin2aa		24309.9	22558.2	22549.5	17289.5	17684.9	18747	17569.7	18772.1	18563.4	16192.4	18318.9	21833.8	19769.6	17574.7	12972.2	14293
A0A8M9PXK2	A0A8M9PXK2_DANRE	nrbp2b		14855.4	14315.2	13421.4	16479.6	10635.7	14369.4	14963.8	16073.3	13059.6	12158.9	19231.6	18843.5	16533.6	17427.7	9559.67	13558.2
A0A8M9PXN8	A0A8M9PXN8_DANRE	LOC794952		43532.9	51650.1	55488.1	55930.3	49062.3	47771	48775.5	47215.4	55526.2	56789	60040.9	60783.3	53912.3	59087.6	58203.2	56367
A0A8M9PXS5	A0A8M9PXS5_DANRE	ntpcr		10009			14471.4	15667	14432.7	14579.4	15473	29860.7			12131.8	8433.48	16760.4	14362.2	30993
A0A8M9PY01	A0A8M9PY01_DANRE	uba6		36518.2	33254.2	27864.5	26830.1	33798	32137.7	34881.2	33856.3	30101.4	32022	41935	36838	36914.2	41371.1	24194.4	24003.5
A0A8M9PYJ9	A0A8M9PYJ9_DANRE	srpk2		20914.5	18819.5	19438.8	15663.7	16104.8		16714	15928.3	45130.3		19010.7	21766.5	23843	22771.2	12070.2	14785.7
A0A8M9PYR3	A0A8M9PYR3_DANRE	scai		16736.2	23808.3	22412.7	22975		22994.1	21916.8	22454.3		30048.8				18516.5	32472.5	38394.9
A0A8M9PYS6	A0A8M9PYS6_DANRE	wu:fj22d03		47346.7	43199.1													88565.4	90659.5
A0A8M9PYW7	A0A8M9PYW7_DANRE	LOC100331665		644738	660485	647980	653244	670578	715685	747196	761428	917084	981723	658546	647162	655442	629848	792183	893932
A0A8M9PYZ6	A0A8M9PYZ6_DANRE	si:dkey-21e2.15				14338.4	11599.5	8057.53	10034.2	6154.33	6747.35		5727.9	5123.32	4912.36	4796.34	4264.65	3887.98	6304.43
A0A8M9PZ17	A0A8M9PZ17_DANRE	ces2b				22210.1		27250.9	27522.3	42618.4	36807.1	27891.8	30852	26576.6	26701.9	25192.5	28728.4	28529.1	28074.3
A0A8M9PZ51	A0A8M9PZ51_DANRE	tln2b		46664.6	46016.1	43140	38413.9	47251.6	48411.9	48321.3	46903.8	51580.7	44154.2	46800.5	44285.9	44959.1	46747.5	52648.3	52780.7
A0A8M9PZA4	A0A8M9PZA4_DANRE	itfg1		18630.3	18064	13886.8	14688.9	11004.1	11848	12327.6	12292.1	8735.51	10745.7	17368.6	16308.6	19934	19278.1	10966.3	11824.1
A0A8M9PZE6	A0A8M9PZE6_DANRE	LOC101885697		4547.77	5398.35	8696.73	10243.3	9315.55	8497.29	8222.75	8982.16	11073	15817.4	10189.6	10645.4	6693.81	6518.71	9624.63	11267.7
A0A8M9PZG4	A0A8M9PZG4_DANRE	mier1a		17598.9	18655.7	19190.2	17744.3	17573	16761.9	16918	20140.1	17783.1	15877.6	20045.5	24437.1	20462.3	23957	16128.3	16733.3
A0A8M9PZH4	A0A8M9PZH4_DANRE	rplp2		254736	231745	240550	244156	236131	231452	273749	237109	265611	248122	300774	280650	365318	342601	238588	263907
A0A8M9PZJ6	A0A8M9PZJ6_DANRE	limch1b		24650.6	25707.9	22145	24078.7	23951.4	21673.9	24473.1	22294.3	28096.8	24225.6	31283.8	32097.4	28722.4	28182	28566.5	28033.8
A0A8M9PZN0;A0A8M9NZ60;A0A8M9Q7G8;A0A8M3ANC9	A0A8M3ANC9_DANRE;A0A8M9NZ60_DANRE;A0A8M9PZN0_DANRE;A0A8M9Q7G8_DANRE	LOC100535070;LOC100538279;adgrl1a;adgrl2a		3678.24	2666.62			1402.3			2917.89					2068.01			
A0A8M9PZU3	A0A8M9PZU3_DANRE	prkacaa		257380	259082	259226	251560	249600	249837	280637	261856	231845	239975	276928	283483	282867	274498	245738	234090
A0A8M9PZW8	A0A8M9PZW8_DANRE	diaph2		29233.3	28141.9	25384.5	25192.6	25349.6	24019.6	23221.9	22697.2	22907.8	23396.6	28637.1	31231.5	29780.9	30019.5	26027.1	21008
A0A8M9Q068	A0A8M9Q068_DANRE	LOC110438517		43165.2	31984.8	44068.7	46923.1	36078.8	36109.6	29761.1	38370.4	40895.8	30811	37642.7	42765.6	38465.2	64165.5	56681	41189.5
A0A8M9Q0D6	A0A8M9Q0D6_DANRE	mapre3b		91138.7	82006.2	89476.1	82005.7	86086.1	84679.9	93420.6	86363	92427.9	86499.9	88700.4	87121.9	95551.8	100052	76515.1	76763.9
A0A8M9Q0J6	A0A8M9Q0J6_DANRE	wu:fb78f07		26180.8	19298.6	15294.1	14445.6	21391.2	20259.2	26160.1	22611.6	27190.9	24601.7	23597.8	23284.8	22382.3	23848.2	16775.7	20427.5
A0A8M9Q0P4	A0A8M9Q0P4_DANRE	acin1a		74051.3	77963.4	90439.2	87650	90946	93381.5	90067.3	84370.7	86016.9	92767.9	73913.2	83952.6	71793.2	82904.2	109707	98060.6
A0A8M9Q0X9	A0A8M9Q0X9_DANRE	osbpl8		14696.3	17475.4	10707.4	8621.27	8005.22	9204.68	13618.3	11143.3	5316.15	7165.72	13742.9	16031.2	17199.1	15159.5	9711.76	10474
A0A8M9Q0Y1	A0A8M9Q0Y1_DANRE	stx16		12828.5	14952.7	19300.7	18347.5	17326.7	14648.5	12776.3	16781.1	7431.84	19170.6	11461.8	13921.7	11779	9786.95	20024.7	14784.1
A0A8M9Q0Z2	A0A8M9Q0Z2_DANRE	erc1b		23925.5	27195.5	29956.9	27699.1	32600.3	34698.1	26233.9	24006	37382.6	41088.6	27879.5	28224.4	38667.3	23105.8	44811.8	53943
A0A8M9Q103	A0A8M9Q103_DANRE	slc12a5a		156814	176320	183246	188587	164029	182872	158346	170574	232658	243931	147023	150453	134569	140118	222463	252293
A0A8M9Q110	A0A8M9Q110_DANRE	ralgapb		20153.4	15987.2	20056.3	17608.4	14474.6	13484.6	13855.4	15959.7	12797.7	16183.3	17774.7	17601.1	15059.9	17195	14269.3	13292.7
A0A8M9Q131	A0A8M9Q131_DANRE	cdhr5-rs		28955.1	26854.7	28488.8	31940.7	38349.1	38051	34753.2	35382.2	54552.8	37846.5	25578.5	32432.3	32969.3	30885.2	29919.9	29183.5
A0A8M9Q151	A0A8M9Q151_DANRE	arhgap44a		15454.4	17239.9	23379.9	17707.1	13186.7	13706.5		9763.3		12733.1	9462.73	10790.9	8661.44		17483.3	14912.6
A0A8M9Q172	A0A8M9Q172_DANRE	LOC100004160		22712.8	20926.3	17348.9	15907.9	22717.4	18365.2	18122.5	17688.9	18215.1	14979.5	19417.9	18848.2	23642.1	19900.7	13114.3	13427.4
A0A8M9Q174	A0A8M9Q174_DANRE	LOC110439375					7331.5	3455.54	6048.85				6034.16					10215.5	13047.7
A0A8M9Q1A1	A0A8M9Q1A1_DANRE	ppp1r3aa		71460.3	78750	91647.6	90506.5	100034	89247.5	82996.9	83559.2	140255	128355	72008.9	76047.5	65287.8	61245.1	124608	140847
A0A8M9Q1B4	A0A8M9Q1B4_DANRE	col19a1		53227.8					74641.5										
A0A8M9Q1C1	A0A8M9Q1C1_DANRE	gng4		22119.1	21995.8	29212.5	29967.6	24623.8	25566.1	20403	27040.5	26832.5	32205.7	21618.8	23956	26379.4	20512.6	31625	38192.7
A0A8M9Q1C7	A0A8M9Q1C7_DANRE	dctn1a		205515	187647	192806	187677	179460	178479	190571	192314	188383	177337	201092	208948	204955	211803	193479	188819
A0A8M9Q1E3	A0A8M9Q1E3_DANRE	ank2b		195699	192265	184899	172319	185042	189928	204440	198308	214504	206633	214919	209036	229198	239408	188524	187640
A0A8M9Q1J0	A0A8M9Q1J0_DANRE	gps1		65851.6	62581.1	60300.5	59283	62978	59043.3	65700	64683.5	53896.3	60328.1	60277.1	59757.8	65894.1	69946.8	63211.9	61721
A0A8M9Q1P6	A0A8M9Q1P6_DANRE	smarcd3b		20640.8	21456.5	22293	26354.5	23994.1	24997.1	26009.7	25592.4	36641.8	30388.9	12831.1	25967.8	14264.5	25289.2	36113.6	39387
A0A8M9Q295	A0A8M9Q295_DANRE	LOC101882060		17034.2	27687.7	32454.3	27835.6	11019.6	15592.8	15210.6	17590.8		22703.9				22361	12828.7	7759.81
A0A8M9Q2B0	A0A8M9Q2B0_DANRE	birc6		25273.6	25859.4	27172.9	24582.4	25293.7	26678.1	15447.8	24804.6	20210.2	24332.9	27276.6	32022.2	24654	25261.3	27887.2	25243.6
A0A8M9Q2G4	A0A8M9Q2G4_DANRE	madd		64488.4	64073.7	68999.6	70992.5	64051.6	66224	65032.2	69898.9	68263.5	75898.3	61890.5	62208.2	62908.9	63521	63380.7	65109.1
A0A8M9Q2N7	A0A8M9Q2N7_DANRE	dgkza		8844.31	10197.9	6818.64	6201.89	8162.26	10233.8	7682	7064.39	5179.79	5836.42	8020.59	9509.7	7554.16	10824.6	6139.49	5579.01
A0A8M9Q303	A0A8M9Q303_DANRE	sh3glb2b		74623.1	68481.1	59429.8	62334.5	70728.4	73310.6	84561.7	94211.7	75305.3	82687.6	83643.1	66997.1	93164	98746.3	83370.5	73815.8
A0A8M9Q355	A0A8M9Q355_DANRE	ank1a		18316.6	21329.9	7191.77	6706.42	17354.6	13630.7	7571.57	9274.66		8864.78	21272.9	22063.4	20860.3	19194.8	25650.1	25327.5
A0A8M9Q358	A0A8M9Q358_DANRE	mef2ab		48499.3	13727.5	30455.6	15308.2	30298.8	19756.2	10318	28575.8		27952.6	26214.9	22081.7	22056.9	42539.9	13114.5	42585
A0A8M9Q3C1	A0A8M9Q3C1_DANRE	taf1			4973.22	8345.63	7470.77	4908.94	10858.2	7219.45	6505.34			6812.28	5539.92	6135.81	7399.15	7813.13	7674.81
A0A8M9Q3D0	A0A8M9Q3D0_DANRE	mtmr3		26531.3	28306.1		19805.3		14240.3	19761.9	20902.1	19551.1	20190.7	28917.6	30179.4	29870.2	28115.3	24619.1	21919.6
A0A8M9Q3H0	A0A8M9Q3H0_DANRE	si:dkey-91m11.5		39914	29993.7	33322.9	33803.9	38328	32288	42314.5	35774.4		33320	30186.7	38247.8	38465.5	39457.6	44514.3	34235.8
A0A8M9Q3H8	A0A8M9Q3H8_DANRE	camk2b1		173493	174237	164052	163352	148694	152506	175438	175954	152105	151376	158252	152280	179544	176190	156632	145295
A0A8M9Q3R1	A0A8M9Q3R1_DANRE	cdk16		19764.6	26428.9	20646.6	20363.5	19908.1	18303.8	19060.6	20005.7	30880.3	21662.8	26112.6	22462.6	25042.6	24256.8	15780.9	18060.1
A0A8M9Q402	A0A8M9Q402_DANRE	afap1l2		8821.64	11251.5	20288.6	22779.4	12027	17577	6800.21	10582.4				7297.5		5856.29	23151.4	22374.4
A0A8M9Q409	A0A8M9Q409_DANRE	cacna1fa		9312.91		8861.94	14130.2	11240.4	11689.6	11703.9	9627.89					11501			7474.56
A0A8M9Q418	A0A8M9Q418_DANRE	abhd10b		42939.9	51256.3	34044.3	34325.4	34579.5	25010.4	29695.1	38537	22569.5	28474.7	53385.4	50705.8	50581.3	46993.8	30808.5	24670.6
A0A8M9Q4K7	A0A8M9Q4K7_DANRE	pcbp3		68169.8	74735.9	79045.7	81129	82765.3	92985	84888.9	86685	117165	155292	76386.9	74165.2	62275.5	73649.3	91408.1	116385
A0A8M9Q4T0	A0A8M9Q4T0_DANRE	rapgef4a		77711.9	59765.5	72413	82485.1		70567.4	92608.4	98938.5	90214.4	83703.9	107577	84270.9	78425.3	78375.4	48395.2	31527.4
A0A8M9Q4W2	A0A8M9Q4W2_DANRE	clip2		14619.5	13858	14766.5	14743.1	14984.7	11917.3	11394.2	13347.2	13798.5	12786.7	17368.6	18390.3	17471.7	19278.1	14191.1	13511.9
A0A8M9Q590	A0A8M9Q590_DANRE	adarb1b		78852.2	73387.8	70462.9	70373	73806.9	67967.9	75932	77577.2	71058.5	74336	87764.6	83417.9	96885.9	92651.2	63384.3	59294.2
A0A8M9Q5E9	A0A8M9Q5E9_DANRE	smarcc2		44731.4	46388	41924.3	42455.4	43978.4	49554.5	46986.7	47458.8	32826.4	50288	41430.2	43909.9	44312.6	45050.5	50754.9	41201.1
A0A8M9Q5K0	A0A8M9Q5K0_DANRE	LOC561423		8417.9	13477.7	9896.17	7029.13	15229.1	10750.3	9388.7	14225.9		9534.92		14877.7	14234.6	13158.9	10365.7	
A0A8M9Q5K1	A0A8M9Q5K1_DANRE	camsap3		10365	12324.2	10717.3	11249	16181.5	15170.5	16012.3	13833.2		11710.5	10786.8	13241.8	15306.7	19067.1	14825.2	12230.6
A0A8M9Q5L3	A0A8M9Q5L3_DANRE	si:ch211-214b16.3		28084.3	30927.2					46527.2	42732.4			24480.7	24803.9	37540.1	33217.5	12212.1	
A0A8M9Q5S5	A0A8M9Q5S5_DANRE	tmed2		107310	105300	90435.7	79753.3	101508	102692	109529	105711	151792	142357	99685.9	97619.7	103530	103518	101365	122602
A0A8M9Q5T5	A0A8M9Q5T5_DANRE	picalma		12941.9	11472	12074.6	12915.8	10766.9	10189.4	12249.7	7952.63	15734.8	10398	14172.2	12127.4	16477	17220.4	9924.19	9984.33
A0A8M9Q5T9	A0A8M9Q5T9_DANRE	atp2b1a		66175	66407.4	73877.8	77433.7	83153.8	83064.5	74077.4	69755.7	103908	111815	59804.4	62174.3	52335.7	52895.5	85771.6	94779.9
A0A8M9Q5V4	A0A8M9Q5V4_DANRE	pgm3		37191.3	37490	34274.1	35000.8	39648	40326	42313.1	39479.8	43898.4	44082.5	44093.3	41233.3	40957.7	43997.6	36298.4	39767.5
A0A8M9Q633	A0A8M9Q633_DANRE	pphln1		45653.9	48613.1	49041.1	42423.2	48969.8	48474.8	53001.5	52881.7	46770.2	49078.3	41618.6	46388.5	51446.7	50413	48948.3	51405.1
A0A8M9Q686	A0A8M9Q686_DANRE	ctnnd1		43805	45849.9	49955.5	48720.9	44497.1	47931.5	38646.8	42743.1	35759.2	40853.6	37103.3	40553	37977.1	36018.5	54298.1	61722.1
A0A8M9Q6B5	A0A8M9Q6B5_DANRE	efr3a		26669	24639.7	21625.1	23696.5	25971	23565.3	30687.8	27945.5	23219.1	22827.8	31568.4	26722.5	35135.7	30272.6	17477.4	19164.1
A0A8M9Q6G6	A0A8M9Q6G6_DANRE	LOC101886838				12236.2			17775.7				12286.4					25843.5	25051.1
A0A8M9Q6L6	A0A8M9Q6L6_DANRE	si:ch211-195b21.5		17682.7	20046.2	16783.7	16401.3	14040.5	19256.1	18843.4	18276.4		18291.6	22596.7	20464.6	19642.2	22394.5	19337.5	13815.3
A0A8M9Q6N4	A0A8M9Q6N4_DANRE	map4k3b		2595.58	3179.24	2889.35	3375.47	2255.2	2719.4	2665.7	1994.98		3224.02	4340.05	2333.76	2486.02	2638.47	2258.81	
A0A8M9Q6S9	A0A8M9Q6S9_DANRE	clip1b		42747.8	42098.5	39811.2	37335.6	38387.1	36215.1	43004.1	45624.1	42713.2	34414.1	52418.5	48565.7	48889.6	48393.3	44472.5	40746.2
A0A8M9Q6X2	A0A8M9Q6X2_DANRE	dnajc6		53171.7	52501.1	47410.4	54247	49056.5	50890.8	50847.2	51857.9	38643.9	51385.9	58287.8	52988.2	51715.3	56197.9	49821.6	54564.6
A0A8M9Q6X7	A0A8M9Q6X7_DANRE	dock7		13582.2	9379.7	15568	15736.7	10615.5	7920.61	15375.5	12345.1		13451	13904.9	14194.8	11786	14436.2	14683.8	20154
A0A8M9Q700	A0A8M9Q700_DANRE	pycr1b		79681.1	82419.9	37043.9	37173.3	49234.9	49965.4	43609	42097.8	59873.2	44929.4	82875.6	83444.8	93630.9	85420.5	51715.2	45377.9
A0A8M9Q728	A0A8M9Q728_DANRE	hnrnpc		83846.7	83454.3	90797.6	91709	93995.2	91412.9	91661.9	92568.9	86716.3	88361.3	88149.5	88039.6	95509.4	88141.3	87341.2	92709.3
A0A8M9Q749	A0A8M9Q749_DANRE	LOC108183843		11589.1		13301.1	12685.1	9388.09	9150.67	9842	10487.9	12141.5	10213	8791.25	10750.5			12231.1	11188.4
A0A8M9Q784	A0A8M9Q784_DANRE	cnn2		47509	52245.3	60246.7	59899.1	44204.5	50127	39349.9	41688.2	40552.5	44662.2	49095.2	47336.1	31461.2	33534.8	79967.4	79492.5
A0A8M9Q795	A0A8M9Q795_DANRE	dazap1		21573.5	22207.3	21237.2	22321.3	20660.5	23813.9	20182.7	23851.2		15763.8	21645.7	16764.4	13875.7	17655.2	21794.4	21715.5
A0A8M9Q7D3	A0A8M9Q7D3_DANRE	sirt6		8363.57	9527.49	12397.8	9374.6	9077.52	8012.72	9415.95	9238.02	10407.9	7442.77	14108.1	12171.1	11917.4	11390.4	9253.76	8119.07
A0A8M9Q7H0	A0A8M9Q7H0_DANRE	gc2		56563.5	58163.9	50490.9	53442	57885.8	59422.6	66500.1	70564.2	63244.4	65143.9	47111.1	50821.9	60418.8	65484.3	55034	54021.7
A0A8M9Q7N3	A0A8M9Q7N3_DANRE	cadpsa		8666.66	7503.08	10711	6785.42	9120.71	6439.13	9527.19	8705.65		7186.15	9649.76	7610.67	9740.47	8223.84	5713.4	8110.22
A0A8M9Q7T0	A0A8M9Q7T0_DANRE	tasorb		16902.8	18631.3	19522.2	15578.7	15343.5	17315.8	16806.1	11265.6	13638.3	14437.2	22946.5	15181.3	20303.3	19660.7	16019.9	
A0A8M9Q7U4;Q9I8U8	A0A8M9Q7U4_DANRE;Q9I8U8_DANRE	tnnc2.1;tnnc2.2							9598.37									32890.4	39147.6
A0A8M9Q7Y2	A0A8M9Q7Y2_DANRE	glra3		33251.4	29964.6	34293.4	28843.9	30965.9	36556.7	32014.5	27241	35022.8	28915.8	30097.5	30070.7	33852.2	28945	30834.6	26737.3
A0A8M9Q812	A0A8M9Q812_DANRE	huwe1		56344.2	60122.5	67185.8	71124.5	62578	62099	61869.1	63974.6	63374.1	64829.2	62057.1	66154	58449	59698.7	66290.2	69665.1
A0A8M9Q879;F1QCS3	A0A8M9Q879_DANRE;F1QCS3_DANRE	LOC110439923;ccs		8219.07	10609.6	9526.84	12493.8	13209.7	10565	9209.86	9805.76		12318	7586	8778.43	11720.4	9206.67	13860.7	11107.1
A0A8M9Q887	A0A8M9Q887_DANRE	clcn3		23169.4	23110.5	24719.3	22403.2	27330.8	24702.2	26137.2	26846.7	18910.8	18649.2	20322.3	22648.2	30147.9	23628.7	22761.7	20809.2
A0A8M9Q8E3	A0A8M9Q8E3_DANRE	cryabb				13858.9	10964.1							46366.4	47736.5				
A0A8M9Q8F2	A0A8M9Q8F2_DANRE	dpysl4		342032	350104	302425	285469	304038	296100	304740	310444	300020	321436	313997	338164	348150	364408	327272	350333
A0A8M9Q8F5	A0A8M9Q8F5_DANRE	rcl1			4316.87		1699.54	5263.98	4386.4	6476.91	8030.62	3891.97	3127.14	2626.34	2459.83	5807.73		2641.06	3532.95
A0A8M9Q8R8	A0A8M9Q8R8_DANRE	pcyt1aa		95877.1	91528.8	84819.3	82175.4	103533	98078.3	97970.9	97119.6	81185.1	110090	90505.1	90187.9	107372	99441.1	94532.8	120117
A0A8M9Q8S0	A0A8M9Q8S0_DANRE	osbp2b		14804.8	19805	15502.6	13893	18449.5	14873.7	18766.6	14972.7	10002.9	13804.3	19570.4	21266	19615.8	17809.3	12279.6	17103.5
A0A8M9Q8U8	A0A8M9Q8U8_DANRE	neto2		15987.1	24192.3	26837.9	33433	16146.8	21026.2	19251.8	20984.6		14765.5	5589.2	16714.4	12583.4	19577.3	28575.2	22401.8
A0A8M9Q8Y3	A0A8M9Q8Y3_DANRE	tecpr1a		15791.8	18697.9	12389.3	11522.7	14548.3	11878.3	11491.4	14573.1		11814.7	16306.1	16415.1	12404.5	16734.5	11262.5	13634.5
A0A8M9Q945	A0A8M9Q945_DANRE	rap1gds1		112614	113153	113142	110125	121758	122103	116086	114765	161917	149462	126764	127062	115141	106936	124486	124579
A0A8M9Q9A8	A0A8M9Q9A8_DANRE	si:dkey-88p24.11		7443.78	6613.54	5788.96	5554.44	7997.06	9188.19	5304.64	8570.45		8141.76	4129.68	4635.68			6506.43	4891.5
A0A8M9Q9J2	A0A8M9Q9J2_DANRE	ppm1aa		202215	191626	190773	190091	198810	191055	206163	211705	197530	216292	204514	198840	192608	200846	206549	223053
A0A8M9Q9P3	A0A8M9Q9P3_DANRE	nudt12		28985.2	29577.5	26449.8	24154.7	37059.4	39488.9	35371.7	39053.5	20162.7	29467.5		28855.6	24417.8	30543.5	27034.4	20397.6
A0A8M9Q9X1	A0A8M9Q9X1_DANRE	pxnb		21976.6	24928.5	29907.3	30196.9	25360	20700.7	22599.9	19515.9	13336.2	14274.5	28884.3	26831.2	18856.3	24596.3	32560.8	26660
A0A8M9Q9Y2	A0A8M9Q9Y2_DANRE	smap1		48737.3	50065.6	40876.1	44068	46779.1	47815.7	55504.7	51056.7	45464.4	50365.9	39348	40084.1	48598.2	40233.2	34859.6	44872.5
A0A8M9QA09	A0A8M9QA09_DANRE	nfic		50003.9	54629.8	63303.8	55683.8	52208.5	63463.9	59809.2	56244.7	44520.8	41251.9	58185.9	56973.5	58795.2	65093.1	67057.1	53980.8
A0A8M9QAE5	A0A8M9QAE5_DANRE	ephx5		27843	30308.5	30092.6	39352.9	9426.58	8044.66		7316.46						9256.45	30260	42257.4
A0A8M9QAQ8;A0A8M1PUZ1;A0A8M9PTX6;A8E7R9	A0A8M1PUZ1_DANRE;A0A8M9PTX6_DANRE;A0A8M9QAQ8_DANRE;A8E7R9_DANRE	LOC100001589;LOC100330744;ftr43;ftr50		6685.18	4406.05	7349.24	6551.51	8786.54	11900.8	8657.02	6286.5		3920.93	5760.54	5723.09	5979.79	7920.9	3771.64	2356.03
A0A8M9QAR3	A0A8M9QAR3_DANRE	dst		23923.5	23933.9	20009.8	20620.7	16686.7	19519.5	20392.8	19616.9	26150.6	20936.5	22742.2	21351.1	20362.4	18451.2	18197.1	21527.7
A0A8M9QAY7	A0A8M9QAY7_DANRE	adh5l		37860.5	40979.5	44843.3	44560.1	37776.3	39620	32464	41307.2	32186.2	33137.9	42442	42391.5	35234.2	36800.5	39423.4	43627
A0A8M9QB40	A0A8M9QB40_DANRE	ablim3		10847.6	8701.35	9190.8	8163.06	11323.8	8752.7	9965.47	7357.26		6777.54	17482.1	18652.7	13242.9	12831.2	11314.9	10342.4
A0A8M9QB73	A0A8M9QB73_DANRE	LOC101886015		10573.1	13948.4	12710.3	12645.8	13427.3	10362.5	11537.3	10261.9	12482.2	7961.87	15161.9	15311	17708.7	12272	9780.08	10853.4
A0A8M9QBC1	A0A8M9QBC1_DANRE	lrrfip1a			69633	68062.7	117782	105690	87900.1	48583					93444.5	138662		142368	67227.1
A0A8M9QBK3	A0A8M9QBK3_DANRE	usp47		28747	32581.4	31285.1	29631.4	26117.6	28740	29441.4	28400.7	40036.2	26401.2	27405.9	31120.3	33918.2	32189.1	25235.9	26950.2
A0A8M9QBL9	A0A8M9QBL9_DANRE	pls1		11075.2	11989.4	14002.4	14037.1	10375	9372.32	11575.3	10305.6	8159.59	10556.5	13859.2	12378.6	15797.8	15213.2	11163.6	8952.86
A0A8M9QBM3	A0A8M9QBM3_DANRE	prom1b		41195	35232.6	38691.1	41933	45826	46620	47028.4	47595.5	31020.9	31427.2	40845.2	37611.4	45640.1	51443.5	37672.7	40325
A0A8M9QBN0	A0A8M9QBN0_DANRE	col4a5		33492.1	33042.4					29387.4	30395.4	50063.9	45998.9	46805.8	39945.7	28085.7	25684.7	34936.6	37731.5
A0A8M9QBR5	A0A8M9QBR5_DANRE	Hnrpc		139765	127278	140451	140108	138372	131902	140797	135026	125549	138833	147309	140753	140028	151867	130515	135717
A0A8M9QBS9	A0A8M9QBS9_DANRE	palm2akap2		26529.1	28331.7	32544.6	32640.2	24575.3	26025.5	21995	19963.9	20710.6	18412.8	30636	29269.7	26847.9	25529.6	31115	31961.6
A0A8M9QBU0	A0A8M9QBU0_DANRE	nlgn4xa		28373.2	24689	30320.9	29784.4	30095.8	30571.9	33723	29771.3	23728.5	26110.4	28630.8	34373.5	30078.1	33770.1	22481.4	26087.1
A0A8M9QBU1	A0A8M9QBU1_DANRE	clpxa		21147.1	28160.6	24277.9	23357	28948.7	26672.1	27248.8	21722.9	28630.3	32321.1	29944.5	26155.4	26257.4	25107.5	26404.5	27547.9
A0A8M9QBV1	A0A8M9QBV1_DANRE	agfg1a		24815.4	25737.2	32510.5	25540.7	23199.7	24436.4	26075.4	30425	16233.4	22043.4	30016.2	23635	30153.8	26681.2	24076.3	25499.2
A0A8M9QBY4;A0A8N7TEU6	A0A8M9QBY4_DANRE;A0A8N7TEU6_DANRE	LOC101885700;si:ch211-161m3.2				34950.5	7772.82				25271.7		6399.02	11078.7				24743.9	6876.78
A0A8M9QC25	A0A8M9QC25_DANRE	f13a1b		59379.7	49922.3	78089.7	66680	66178.1	65244	59591.1	42192.7		40364.7	87530.3	88725	72946.8	69639.6	90625.3	86918.8
A0A8M9QCF2	A0A8M9QCF2_DANRE	ddhd2		38559.4	34571.4	35461.7	31137.3	31224.6	25561.7	26912.1	28868	31433.1	27942	47700.8	47811.6	39335.1	43462.1	27000.7	24423.5
A0A8M9QCY6	A0A8M9QCY6_DANRE	hnrnpa1a		664785	665196	636392	629155	647969	624609	630038	648760	583869	624151	791933	777118	779319	736945	668138	661153
A0A8M9QD12	A0A8M9QD12_DANRE	ppip5k1a		14417.6	17038.8	14706.9	10115.9	15263.3	16945.2	15651.4	19371.8	15994.5	17491.7	12500.6	19080	19549.5	25925.8	14405.2	15329.7
A0A8M9QD95	A0A8M9QD95_DANRE	lrp1aa		168549	171149	177675	178325	172718	177702	170925	174445	160461	170325	172373	178158	183721	177591	165188	164943
A0A8M9QDC4	A0A8M9QDC4_DANRE	si:ch211-132g1.3		53114.1	52804.7	58228.2	57625.7	58406.1	62757.6	51253.1	59019	68189.8	61078.1	57079.9	57506	52086.8	51999.7	67367.1	87890.1
A0A8M9QDF4;Q502T1;Q7ZV94	A0A8M9QDF4_DANRE;Q502T1_DANRE;Q7ZV94_DANRE	mob1a;mob1ba;mob1bb		141078	147126	135077	149613	145046	144794	134471	141504	154927	146379	148110	142755	130563	130757	135263	138970
A0A8M9QDG2	A0A8M9QDG2_DANRE	mink1		90434.6	82036.9	88916.3	93155.7	91514	96142.1	90284.3	93487	84626.6	99775.6	63069.8	89988.4	83678.6	79050.9	99479	84052.1
A0A8M9QDJ9	A0A8M9QDJ9_DANRE	ank2a		62674.1	61186.8	58989.5	52431.3	54797.8	56486.6	57481.9	56855.7	65811.5	64819.8	61007.3	60008.4	59051.3	60903.7	47897.9	57446
A0A8M9QDL2	A0A8M9QDL2_DANRE	csde1		19314.6	17957.4	10614.7	16815.3	13208.5	14834.1	16051.3	16993.1	20104.8	20284.5	18424.4	18233.6	14950.7	18804.3	16707.8	15715.3
A0A8M9QDM1	A0A8M9QDM1_DANRE	plekha6				14802.6	18895.5	16375.7	20130.2	19870.9		20973	31922.3					24964.7	37744.2
A0A8M9QDP1	A0A8M9QDP1_DANRE	fahd2a		65942.7	64482.1	85538.8	87631.5	57298.4	68770.4	98158	102809	85853.4	81942.9	69076.2	64204.8	47638.7	52887.9	73630.5	87549
A0A8M9QDP5	A0A8M9QDP5_DANRE	dynll1		194446	195114	119323	130713	168304	167645	260283	267928	178464	177976	128681	138601	153644	151469	122113	140444
A0A8M9QDR3	A0A8M9QDR3_DANRE	itpr1b			14531.3	18391.7	15936.1		13448.4	9350.86	15278.9		22431.3	17365.6	18600.6	13576.9			17714.5
A0A8M9QDR7	A0A8M9QDR7_DANRE	wnk2				7478.68		6317.46	4148.27		2283.22	22082.3					8063.66	8258.83	5413.76
A0A8M9QDR9	A0A8M9QDR9_DANRE	map2k2b		24741.9	32205.6	31683.8	22143.2	22025.4	24654.2	27606.4	27069.4	19456	23201.8	34139.6	29133.3	40397.4	44297.5	24885.2	31382.6
A0A8M9QDV5	A0A8M9QDV5_DANRE	acot11b		20814.3	20108.5	18200.4	20650.7	16749.5	15668	23992.2	22421.1	18622.4	13865.4	19661.8	18822.2	17601	20804.5	13683.2	12256.9
A0A8M9QEE6	A0A8M9QEE6_DANRE	dqx1		14434.6	15070	10212.6	8778.54	10787.7	7221.29	10165.5	9663.02	8470.52	8667.74	15562.6	9369.96	13762.4	15032.8	7746.28	5626.58
A0A8M9QEH1	A0A8M9QEH1_DANRE	LOC100150651		9308.64	8022.43	9373.77	5940.96	8307.87	8318.24	7905.28	8363.33	11356.9	10224.3	10853.4	8262.33	5587.07	8598.09		7107.04
A0A8M9QEI5	A0A8M9QEI5_DANRE	mapta		131026	136142	134062	128982	117262	121973	128147	124335	160677	130836	127600	128518	135840	129590	131307	134853
A0A8M9QEJ1	A0A8M9QEJ1_DANRE	ank3b		33067	37677.8	38033.8	41062	39836	35974.8	37778.6	39528.9	32909.3	38406.2	40496.7	37611.3	41911.3	39260.2	43004.8	40710.5
A0A8M9QEL8	A0A8M9QEL8_DANRE	slc4a5a		34052.9	36414.9	31928.5	32507.3	26999	30568.9	30551.4	28257.7	38259.1	45505.1	28978	26792	35273.5	37571.6	40576.2	43982.9
A0A8M9QEL9	A0A8M9QEL9_DANRE	waplb		23045.3	24227.5	18804.2	24817.2	24862.8	28565.3	24648.8	22082	24989	16357	19116.5	19119.6	21937.4	21233.2	29047.9	21449.3
A0A8M9QEN6	A0A8M9QEN6_DANRE	coro1cb		29217.2	25842.2	33357.5	40696.3	28160.2	25994.8	54635.3	56556.8	46521.2	24296.8	22912.9	23375.7	30702	25361.4	36821.9	45166.1
A0A8M9QEQ5	A0A8M9QEQ5_DANRE	uggt1		37098.1	36690.5	39602.6	39125.2	36092.4	37854.8	33184	36606.8	32626.7	32320.8	43631.9	41589.7	46161.3	45878.7	37857.6	35276.8
A0A8M9QEW2	A0A8M9QEW2_DANRE	LOC103911125						12567.6			5609.27								
A0A8M9QEW4	A0A8M9QEW4_DANRE	rgs7b		32326.5	33345.5	28528.1	24176.8	25227.4	27390.1	31100.5	32712	26247.6	33849	33223.7	38446.1	35422.4	36415.7	27122.3	29217.6
A0A8M9QEZ1	A0A8M9QEZ1_DANRE	smtnb		47228	44776.4	50270.6	52773.6	51238.3	48360.1	48501.9	48646.9	34288	41206.5	52448.2	48352.8	49806.7	51101.7	52268.5	48995.4
A0A8M9QF30	A0A8M9QF30_DANRE	cltcl1		59000.4	54093.8	53564.7	53223.4	51230.5	47110.4	49816.1	49586.3	50144.9	52101.4	52915.9	47956.1	49080.2	50798.1	51509.5	52222.3
A0A8M9QFB2	A0A8M9QFB2_DANRE	per2										5705.65	5035.97	6085.74	8705.07	7308.11	9179.92	6471.23	
A0A8M9QFE6	A0A8M9QFE6_DANRE	myh11a		142765	141569	168270	165741	127362	126320	95960.9	98680.3	105470	106277	147839	141351	116796	117029	178362	183681
A0A8M9QFG7	A0A8M9QFG7_DANRE	clasp1a		29410.8	26771.3	30546.1	28617.7	28493.4	28244.1	27335.7	26136.1	19561.6	26525.3	29703.2	28032.3	30746.1	27159.4	26834.9	27751
A0A8M9QFI7	A0A8M9QFI7_DANRE	ddx3xa		59048.6	53117.1	67495.9	65098.8	56783.8	58282.8	60223.5	62906.7	56378.4	66440.3	52830.6	49347.9	56672.6	60005.3	61828	68940.4
A0A8M9QFN0	A0A8M9QFN0_DANRE	zmp:0000001200		11513	23387.4	22010.6	28904	22517.9	19732.9	24067.6	23267.4		21194.4	24986.4	16059.7	20067.6	25591.8	27884.4	24356.7
A0A8M9QFN8	A0A8M9QFN8_DANRE	map4k4		111501	117951	103663	105102	113139	114639	111654	107979	122655	115570	110765	109019	123863	113264	111885	117528
A0A8M9QFV5	A0A8M9QFV5_DANRE	dgkh					10987.4			13921.9		22391.2	20319.7						
A0A8M9QG68	A0A8M9QG68_DANRE	LOC101884438		17134.8	16727.8	13373.2	14107.7	15151.2	12620.3	16688.7	13260.7	11016.2	13722.4	23527.6	19359	22723.2	20216	13861.1	15420
A0A8M9QGD4	A0A8M9QGD4_DANRE	gprin3b		25701.9	31006.3	27664.1	29769	23091.7	26657.1	24606.2	25071.8	22068.8	35301.9	24560	27633.1	24719.4	19781.7	21893.7	24754.8
A0A8M9QGI0	A0A8M9QGI0_DANRE	wbp4		73028.2	74993.2	82515.7	69484	69971.5	65918.1	70856.9	60201.9	44569.4	48561.5	82107.3	105678	95120.2	92644.3	102924	70040.1
A0A8M9QGI4	A0A8M9QGI4_DANRE	si:ch1073-303k11.2		43069.5	39105.7	28394.1	31208.2	36265.8	33059.7	29875.3	29583.5	35436.9	37579	32678.1	36187.4	28315.6	37391	36873.9	23401.2
A0A8M9QGI9	A0A8M9QGI9_DANRE	slc44a1b		47427	38784.8	47409.7	41950	30072.5	26975.1	34979.2	36894.6	37808.3	34352.1	31223.9	29087.4	38298.5	27586.4	43768.2	45235.9
A0A8M9QGL3	A0A8M9QGL3_DANRE	nt5c2l1		40112.5	41370.8	33663.8	35554	26738.7	26625.5	26416.9	20474.7	23419	17205.1	50613.2	52842.2	54685	52564.8	35340.7	36623.2
A0A8M9QGP0	A0A8M9QGP0_DANRE	ntm		28946	26959.9	34430	39125.2	40557.5	43117.7	38554.7	40480.9	23049.1	35090.2	34724.4	33528.6	29154.7	32209.8	46467.9	43120.5
A0A8M9QH25	A0A8M9QH25_DANRE	dysf			19344.1	28731.5	24058.8	20537.8	24115.6		19235.3						17211.8	31679.1	37573.9
A0A8M9QH30	A0A8M9QH30_DANRE	actn4		344851	337608	345115	343331	306136	312826	311204	308789	288663	288944	319839	323572	312073	307801	382126	404180
A0A8M9QHA0	A0A8M9QHA0_DANRE	rap1gap2a		30498.9	28295	19627.3	20679.1	25703	24397.7	33453.8	28179.2	25340.7	25130.3	33737.2	36817.2	37218.1	31619.2	14047.6	15523.8
A0A8M9QHC3	A0A8M9QHC3_DANRE	slc4a5b		67861.9	65199.3	67468.4	70722.1	66634.6	73996.4	69167	74228.8	96171.4	97488.9	82427.9	75345.4	85381.7	84961	83692	101693
A0A8M9QHD6	A0A8M9QHD6_DANRE	tagln		92502.4	94162	66189.3	74986.7	76870.8	75289.8	71832.9	67086.7	68557.6	71173.4	90856.8	86353.3	84065.8	73768	85990.7	95529.1
A0A8M9QHH2	A0A8M9QHH2_DANRE	nfasca		226857	242284	242387	246964	214876	236233	225872	235852	290568	303582	220551	213343	193883	208518	312926	356380
A0A8M9QHK5	A0A8M9QHK5_DANRE	znf638		23683.8	23949	29836.1	29804.7	33043.9	31473.8	28685.8	26426	45512.5	34070.7	24094.8	29549.6	28445.6	28594.2	28142.4	29888.9
A0A8M9QHL6	A0A8M9QHL6_DANRE	hdac11		12902.5	11343.8	7197.13	9009.62	8484.15	7784.04	11127.7	8108.97	11898.5	8558.65	10957.5	7848.31	12347.7	10173.8	6299.94	6446.88
A0A8M9QHT7	A0A8M9QHT7_DANRE	atg7		39251.1	37702.3	36020.3	32953.1	37402.2	36866.8	34660.7	36228.3	44877.6	42278.6	28844.7	30945.1	37011	36334.1	31891.5	36568.5
A0A8M9QHV1	A0A8M9QHV1_DANRE	camk1b		47870.8	47267.5	45625.6	49822	53185.9	53604.3	48270.9	46985.8	58189.3	53228.9	49706.4	50372.1	50858.3	46038.9	53636.1	51070.1
A0A8M9QHY1	A0A8M9QHY1_DANRE	slc4a10a		240859	236391	203880	203561	186939	187574	224299	224403	215113	239811	233617	231079	216218	221074	211559	214360
A0A8M9QI67	A0A8M9QI67_DANRE	phka2		32453.1	30862.5	27032.9	24604.2	29156.6	23614	30388.4	28988.2	25239.7	31612.5	33485.6	33641.3	37406.8	34920.5	23980.5	24974.5
A0A8M9QII8	A0A8M9QII8_DANRE	svila		26116.3	21558.5	15754.3	14265.6	15584.3	14904.8	26118.3	27925.4	19620.5	21896.9	12884	18130.8	12734	16841.1	13935.1	19233.8
A0A8M9QIR2	A0A8M9QIR2_DANRE	parp2		16339.1	10681.5	14999.7	11260.3	15807.5	15826.3	17191.4	17417	11124.6	11787.6	16242.8	14338.4	14536.4	15213.7	11116.1	13362.4
A0A8M9QJB7	A0A8M9QJB7_DANRE	ptprea		40152.9	39162.4	38982.4	35721.1		17935	38883.6	38105.1		41682.8			37424	42878.8	38458	
A0A8M9QJE9	A0A8M9QJE9_DANRE	spag9b		23687.6	19231.6	22406.6	22588.7	22125.1	17729.7	21210.4	18862.8	17532.8	17897.1	22315.9	26227.3	24813.7	22753.6	23516.2	21781.4
A0A8M9QJR2	A0A8M9QJR2_DANRE	col18a1a		78941.7	83274.6	79763.6	84133.4	89008.1	90503	83480.8	94004.5	72818.6	92955.6	77627.8	81186.8	62406.8	65507.6	110054	122050
A0A8M9QJU9	A0A8M9QJU9_DANRE	pdxka		84062.5	79149.5	52261.2	60600	83318.6	94805.9	87075	91282.6	121581	105093	80258	93009.4	90297.7	94918	73272.7	91590.3
A0A8M9QJW3	A0A8M9QJW3_DANRE	ranbp2		105986	109317	112646	99989.7	111442	101233	105944	93506.9	93204.6	108581	122199	115469	113136	126998	122258	114132
A0A8M9QJW4	A0A8M9QJW4_DANRE	LOC110440168				25303.9									20224.6			35412.8	
A0A8M9QK76	A0A8M9QK76_DANRE	camk2g2		26336.7	34749.8	14756.9	18150.2	21776.8	20982.5	18815	16388.2	24781.4	22608.6	28117.8	20318.6	33373.4	39147.7	16839.1	12865.6
A0A8M9QK79	A0A8M9QK79_DANRE	sorbs1		4425.56	6678.14	7678.34	9367.52	7667.32	6305.7	6251.09	4972.21			6542.57	6498.09	6283.27	7348.53	8510.31	11103.2
A0A8M9QKC3	A0A8M9QKC3_DANRE	ate1		35438	34756	36424.3	36504.6	30202.6	27739.3	41235.4	32488	49313.6	25467.8	44343.1	40172.3	32447.6	37786.1	35598	27441.6
A0A8M9QKG2	A0A8M9QKG2_DANRE	ttn.2				100761		3729.04	1827					114887			157470	11076.3	10410.4
A0A8M9QKH6	A0A8M9QKH6_DANRE	atrx		66377.9	62593.8	62962.1	65037.7	67244.2	66654.7	69207.6	70476.8	56458.5	65394.3	71568.4	69554.4	65899.8	67432.9	64292.6	59642.6
A0A8M9QKI0	A0A8M9QKI0_DANRE	phf6		19322.3	20676.5	24377.1	22514	21996	23153.7	21509.3	19642.1	9295.84	19212.3	22459.4	19913.7	21850.4	21442.5	22735.5	22728.4
A0A8M9QKL5	A0A8M9QKL5_DANRE	pdgfrb		29597.8	27879.8	35377.5	35202.1	27223.6	24980.1	25220.9	23207.3	27641.5	24294.2	27175.8	26970.6	29214.4	26673.3	28209.7	26114.7
A0A8M9QKV2	A0A8M9QKV2_DANRE	itga1		57557.2	52202.5	68858.4	64131.6	46489.9	44758.6	29854.9	32869.7	32758.2	29333.2	48748.8	46314.9	35314.5	34180.6	66616	73534.4
A0A8M9QKX1	A0A8M9QKX1_DANRE	amph		400474	394370	384430	377058	377823	368676	409753	401557	419862	412646	437526	441017	426487	417765	413351	413268
A0A8M9QKZ1	A0A8M9QKZ1_DANRE	phf24		60065.3	58087.2	43339.6	40794.7	53656.9	57747.3	57905	57286.1	47841.8	53316.5	42042.1	45207	54232.9	55966.7	55287.2	51038.6
A0A8M9QL03	A0A8M9QL03_DANRE	dlg3		126000	123421	126655	127700	125655	120616	127189	127125	121345	126094	136477	135793	132183	135874	119755	117971
A0A8M9QL22	A0A8M9QL22_DANRE	tmsb2		980135	1.00388e+06	928402	896598	986599	905577	1.11256e+06	1.00569e+06	833909	1.07834e+06	912564	960913	905432	959284	795705	799209
A0A8M9QL88	A0A8M9QL88_DANRE	camkk1b		61861.1	68607.4	65218.4	74798.3	75211.6	80848.6	79097.7	77462.4	49870.6	64770.1	46037.5	51983.3	48555.1	45917	51595.9	51454.6
A0A8M9QLG1	A0A8M9QLG1_DANRE	nars2		24440.3	19629.8	16606.6	16179.1	18903.7	16611.7	16328.6	15695.2	17161.6	18658.1	27757.1	26435.3	22370.6	23917.4	15693.6	15629.4
A0A8M9QLI8	A0A8M9QLI8_DANRE	ranbp3a		23414.8	24451.4	20030.5	23332.7	30581.6	24466.1	29484.8	27548.7	23566.9	26695.8	27357.7	27164.9	29505.5	27656	20935.6	22696
A0A8M9QLM6	A0A8M9QLM6_DANRE	lims1		41837.7	44371.1	57848.1	59577.3	43217.9	45312.4	32873.9	32212.4	33610.6	31887.9	46265.3	45822.2	34752	33282.2	62988.9	64532.5
A0A8M9QLQ8	A0A8M9QLQ8_DANRE	tecrb		147083	142935	151594	157264	143615	151024	163492	179400	131450	154433	162226	171469	173357	150959	141418	147207
A0A8M9QMM1	A0A8M9QMM1_DANRE	map2k4b		13779.1	16191.1	11821.8	10244	15133.5	15987.5	14576.7	15622.8	9103.66	10943.1	13378.3	16834.6	10184.3	12670.7	11216.4	6565.15
A0A8M9QNU1	A0A8M9QNU1_DANRE	tacc2		49868.5	35831.6	43241.5	50350.6											21729.3	25741.5
A0A8M9QPN0	A0A8M9QPN0_DANRE	LOC110440214		32792.3	38115.2	26190.5	30369.1	30548.8	36638.1	31869.7	38215.4	35814.3	37993.9	29942.4	27314.3	23575.2	31106.9	20049.3	17730.8
A0A8M9QPP7	A0A8M9QPP7_DANRE	sept4b		155594	146746	142931	146856	154873	153049	156531	150935	168731	146656	146908	150262	163939	174680	129496	133056
A0A8M9QPS4	A0A8M9QPS4_DANRE	bcas3		27706.6	24470.1	26275.8	26069	29945.7	23591.5	31239.5	26413.7	26371.3	32957.1	25552.5	28330.7	20336.2	21308	33467.4	33276.6
A0A8M9QPZ0	A0A8M9QPZ0_DANRE	nudt8		20192.8	16423.6	24984.7	26294.7	18454.6	19614.9	19357.8	16992.3	23442.8	14800	17700.4	22346	19627.4	18368.7	16127.8	18207.4
A0A8N1TT16	A0A8N1TT16_DANRE	lrpprc		79406.8	79548.9	66121.2	62504.1	71508.7	74884.9	75139.8	79269.7	81605.6	86818.8	79699.5	77812.4	81417.4	79871	80112.4	87338.6
A0A8N1YZY7	A0A8N1YZY7_DANRE	ube3b		10861.3	12940.4	8509.21	12192.4	11471.6	12712.1	12474.6	10858.3	13143.1	9145.16	15381.6	13285.4	15888.2	14849.6	13338.8	9875.02
A0A8N7T6N8	A0A8N7T6N8_DANRE	fam161a			14534.1	9960.57	7596.88	12779.5	12940.7	13635.3	7412.1		12463.5	17029.7	14169.2	15776.3	9667.68	10474	
A0A8N7T6S1	A0A8N7T6S1_DANRE	LOC569025		16892.5	20112.1		15214.1	15288.6	13713	18226.2	18650.7	12950.3	12743.8	14738	15431.2	18307	11767	24342.6	26193.5
A0A8N7T6U1	A0A8N7T6U1_DANRE	cnih4		31124.7	32434.3	21139.9	22967.8	25646.8	31999.8	31930	31832.6	32357.7	39942.2	32872.7	32823.2	34066.7	39741.4	12427.7	10598.1
A0A8N7T6V1	A0A8N7T6V1_DANRE	si:dkey-183i3.5		20059.1	19495.1													31853.6	30450.4
A0A8N7T7H0	A0A8N7T7H0_DANRE	rab38c		8219.5	5272.71	7423.03	6349.2	4758.18	7897.23	7930.17	10278.8		5159.72	8415.67	7802.74	8536.94	10118.7		
A0A8N7T7M6	A0A8N7T7M6_DANRE	nfatc3a		21374.5	20793.2	31852.4	32287.3	20330.4	30746	8997.35	26132.9		33122.5	19118.1	27866.2			28906	27382.4
A0A8N7T7N7	A0A8N7T7N7_DANRE	apoba		66948.7	65817	104798	102680	35260.4	36228.1	60041.2	59647.5	37158.4	38162.9	97418.6	91746	56145.6	56583	80463.4	78443.8
A0A8N7T7P5	A0A8N7T7P5_DANRE	si:ch211-214p13.3		127901	134948	246307	243899	68693.6	79406.9			92903.9	102303					152458	160339
A0A8N7T7W8	A0A8N7T7W8_DANRE	si:ch211-117m20.4		18615.6	22110.8	19319.5	16828	19804.3	22224	22715.7	22476	21064.5	27908.1	19929.1	23444	20489.2	17545.1	24001.1	23168.1
A0A8N7T801	A0A8N7T801_DANRE	esyt1a		21607.2	18190.2	23971.6	23136.3	21307.7	17877.3	18383.9	17592.9	7124.11	15988.8	17284.7	20395.5	14833.1	15564.5	20076.3	20241.4
A0A8N7T814	A0A8N7T814_DANRE	rbsn		16014.6	12481.9	16616.4	14454.8	13120.2	14504.9	15933.3	14943	14210	11931.2	14378.5	16115.5	16675.5	15368.7	15062.1	13438.5
A0A8N7T837	A0A8N7T837_DANRE	lars1b		108341	104751	93872.8	93311.3	97169.8	96007.1	95376.6	96364.6	105830	102954	107203	102612	115048	116674	94453.4	95537.4
A0A8N7T8I5	A0A8N7T8I5_DANRE	dhx29			8736.67		8479.47				8675.18		8941.19		11182.5		9859.87		9433.08
A0A8N7T8M6	A0A8N7T8M6_DANRE	esyt1b		55417.3	52722.2	55789.6	57828.8	49625.5	49257.5	47750	46804.9	55593.3	50428.5	50320.5	50223	45495.9	45962.9	66860.3	69143.4
A0A8N7T8N4	A0A8N7T8N4_DANRE	LOC571431		21429.2	31684.5	19886.7	25617	24213.6	25169.6	22295.3	21884.2		14181.5	21546.7	20416.4	10800.2		50439.5	59272.4
A0A8N7T8R4	A0A8N7T8R4_DANRE	LOC564808						17866	14086				11290						
A0A8N7TAK2	A0A8N7TAK2_DANRE	fkbp16		93134.7	99572.4	97901.9	100084	119021	122340	115610	123979	120807	118701	106281	105278	105934	108581	118379	117002
A0A8N7TAL1	A0A8N7TAL1_DANRE	rab27b		36600.7	36485.8	40191.4	36758	34868	33722.7	33720.4	35439.9	30030.2	30049.2	40021.6	38568.9	36747.8	36738.1	45062.7	45108.4
A0A8N7TAN5	A0A8N7TAN5_DANRE	sytl5		7101.58	6268.44	2801.52	7314.93	6702.03	10879.8	2798.18	12453.4		13264.8	8158.97	11279.2	27320.4	9383.58		10793.6
A0A8N7TAQ3	A0A8N7TAQ3_DANRE	znf652		9475.36		6606.84	6790.94	11173.2	10853.9	9955.04	8969.75		10063.8	9465.09	8393.91	8857.13	8186.95	9607.6	
A0A8N7TBI0	A0A8N7TBI0_DANRE	acss3		61452.7	59474.5	62088.8	58592.9	62154	60902.6	63607.2	61681.2	58542.7	50426.5	52698.1	62403.2	65894.5	56928.2	56906.3	63417
A0A8N7TBI3	A0A8N7TBI3_DANRE	LOC566194				13756.5	11634.4	10517.2			5718.77	9146.09	5205.23	10203	7621.3	12122.7	13430.6		
A0A8N7TBM6	A0A8N7TBM6_DANRE	cngb1a		332408	349207	353500	355789	371867	365135	377067	415650	290046	315840	284432	305224	384234	379992	297260	301388
A0A8N7TBW1	A0A8N7TBW1_DANRE	ehd4		18697.8	19557.1	16926.2	13092.3	14142	12696.6	9229.55	10284.7	6609.76	11092.5	13308.6	14718.6	17851.4	20458.9	15383.8	15997.3
A0A8N7TBY9	A0A8N7TBY9_DANRE	kpna1		14832.2	16998.8	15748.3	18290.6	21815.7	17087.1		26028.3	17797.8	20924.9	9398.46	17022.1	10657.2	10095.5	27214	22001.7
A0A8N7TCS9	A0A8N7TCS9_DANRE	rprd2b		9838.8	17780.1	13195.9	15831.8	13245.1	12505	13447.1	16198		11389.4	16973.1		14101.2	12942.6	18164.3	15259.2
A0A8N7TD50	A0A8N7TD50_DANRE	si:ch211-117n7.6		10836.8	10329.6	34878.1	33971.7	33148	26674.7	62152.5	57678.3	53110	51776.9	33641.1	38323.4	60488	64097.7	39678.4	38186.1
A0A8N7TD86	A0A8N7TD86_DANRE	arhgef18b					26724.5	40910.1		36053.9									
A0A8N7TDH1	A0A8N7TDH1_DANRE	glsb		118294	124574	102660	101392	106081	109177	113555	108926	145500	117603	127620	130105	111215	109974	118668	114886
A0A8N7TDM0	A0A8N7TDM0_DANRE	wapla		9319.7	11506	14874.8	16100.9	14315	10656.7	12515.2	12669.7	15350.8	14419.9	11922.8	15477.9	9930.25	10555.7	16259.2	20883.5
A0A8N7TDM7	A0A8N7TDM7_DANRE	cntnap1		54443.8	49992.5	48614.9	48924.8	42993.3	41760.6	48838.3	48662.7	51786.9	41364.3	55801	53109.1	54500.4	50290.2	42862.3	39606.4
A0A8N7TDQ0	A0A8N7TDQ0_DANRE	kmt2ba		9466.23	7538.88	10173.4	8591.7	11148.5	8736.23	10269.1	8602.46		7776.9	10812.1	9740.04	12665.9	9067.13	9874.17	10394.4
A0A8N7TDX3	A0A8N7TDX3_DANRE	nars1		108116	111994	109740	112417	122912	119925	121700	118011	118090	113077	119874	115048	131038	120443	111653	115801
A0A8N7TE76	A0A8N7TE76_DANRE	rca2.2		21490.3	23008.8	21532.7	22886.9	15900.5	20369.2	18340.5	18087.7		17258.4	19833.1	18000.1	14236.1	15157	32101.6	29198.4
A0A8N7TEA7	A0A8N7TEA7_DANRE	si:dkey-246e1.3		6918.81	6704.37	4039.21	7577.72	8586.79	6488.88	4700.51	6826.8	4997.93	6513.15	5597.11	4865.75	3231.31	4100.22	7370.4	6662.62
A0A8N7TEE2	A0A8N7TEE2_DANRE	aadat		97219.9	89361	77769.1	78079.2	81803.6	77821	95738.1	93426.1	95646.8	101699	82221.7	84467.3	89323.2	91744.3	69169.6	75139.5
A0A8N7TEE6	A0A8N7TEE6_DANRE	LOC555502		9359.09	4252.65		6533.15	13724.2	9690.2	9704.15	9655.9	15693.6	12438.1	9870.3	13891.3	12824.3	12237.6	12993.9	12800.1
A0A8N7TEZ4	A0A8N7TEZ4_DANRE	si:dkey-23o4.6		48182.4	49999.6	56910.9	58102.5	40203.3	41433.9	41140.5	44510.9		55867	51691.3	39362	44422.2	43189.5	42190.6	36906.2
A0A8N7TFC6	A0A8N7TFC6_DANRE	si:ch211-197n1.2		34555.2		23208.8	26206.1	27774.3	27281.2				32729.3		35395.9			38650.8	26947.7
A0A8N7TFM8	A0A8N7TFM8_DANRE	dlgap4b		16151.1	16878.4	19760.4	17489.8	18633.6	18080.8	16362.1	15191.3	24148.7	20235.7	16182.2	15753.2	14718.4	14462.3	16875.9	18255.2
A0A8N7UQR8	A0A8N7UQR8_DANRE	hcn4		14541	14172.2	12293.9	15315.5		12521.8	13203.5	15503.5		13984.8	15377.7	20758.7	19195.9	20200.9	14293.7	11910.4
A0A8N7UQW5	A0A8N7UQW5_DANRE	lman1		107848	109928	111764	109402	111377	107013	130619	123932	117492	92640	124462	121866	134801	131215	101451	101013
A0A8N7UR03	A0A8N7UR03_DANRE	fas		3919.85	2994.2			7859.84	8084.38	2076.08	3615.85	6436.86	5795.46	3140.97		7274	7265.39	3489.96	4021.07
A0A8N7UR26	A0A8N7UR26_DANRE	LOC563292		7018.71	6859.12	7515.36	6657.48	7115.85	10234.8	7850.11	7815.52		5622.84	7289.26	7128.78	10121.9	10018.6	7712.52	9830.86
A0A8N7USV6	A0A8N7USV6_DANRE	zc3h7bb		43137.7	48383.9	42590.4	42228.1	45608.8	45689.3	45079.6	44979.7	43656.6	45869.6	45244.3	48977.7	47374.8	48829.8	41716.3	43330.3
A0A8N7UT40	A0A8N7UT40_DANRE	c7a		37259.3	32008.2	46596.5	44071.6	32104.8	29607.6	17599.8	17136.9	23708.6	24461.8	22772.6	27500.2	25420.5	24662.4	29835.9	29767.5
A0A8N7UT72	A0A8N7UT72_DANRE	brsk1a		10122	12099.3	14187.2	10928.2	11619.9	8848.4	13602.1	10879.3		13344.6	10593	11648.6	12644.1	13686.1		
A0A8N7UT91	A0A8N7UT91_DANRE	col4a1		8619.18	11343.9	10036.2	12384.9	11367.8	11728.4					11296.5		8917.92		16919.6	11688.6
A0A8N7UTE4	A0A8N7UTE4_DANRE	wu:fb95e10		342250	340316	329466	338224	357952	352842	364606	369132	377958	355105	382156	375779	446968	427857	272998	289061
A0A8N7UTJ9	A0A8N7UTJ9_DANRE	lgals3a		303839	292981	291617	295338	281749	278543	309424	306755	239605	258604	272254	283021	308324	291224	229936	239747
A0A8N7UUK6	A0A8N7UUK6_DANRE	iqsec3b		90931.3	89116.3	75540.5	78769	81190.5	86234	88444.7	81858.3	101947	84916.1	95805.1	89070.2	94339.1	91405.6	78483.4	77327.8
A0A8N7UUS4	A0A8N7UUS4_DANRE	si:dkey-229b18.3		17319.5				21988.9	27452.7	13639.4	21108.5		13681.7	19200.4	20830.3	18411.7	17636.6	16992	15288.9
A0A8N7UUX7	A0A8N7UUX7_DANRE	pard3bb		3626.79	6340.01	8458.49	9292.86	10009.1			7865.95	6939.46				7199.12			
A0A8N7UV06	A0A8N7UV06_DANRE	LOC557729		29549.5	37542.5	56342	58113.1	47372.2	38809.7	34763.5	45037.3	53071.4	47146.2	58394.4	44582.5	32064.6	36057.7	33202.8	52298.2
A0A8N7UVH3	A0A8N7UVH3_DANRE	kcnb2b		28690.6	29471.1	29151.3	19588.7	26721.6	23749.7	31008.2	31912.2	22712.3	23906.5	24027	31996.5	30486.4	30433.6	30946.6	23704.5
A0A8N7UVK1	A0A8N7UVK1_DANRE	ankrd33ba		32921.3	40993.9	31826.9	42424.1	40035.8	47538.3	38522.5	46962.3	36779.4	38428.1	49410.8	41066	35223.2	39327.2	38418.5	32217.2
A0A8N7UVM4	A0A8N7UVM4_DANRE	eef2l2		337226	319891	318703	325214	344914	336634	335725	363347	458492	410296	326715	342544	320383	292464	352908	348951
A0A8N7UVN7	A0A8N7UVN7_DANRE	ankrd33aa		15458.4	22034.8	15587.7	21878.8	18092.8	19060.6	20030.3	19177.8	8353.36	18201.8	17997.7		23343.2	24532.4	18969.7	
A0A8N7UVT3	A0A8N7UVT3_DANRE	osbpl11		7829.3	7182.06	10216.2	10953.4	12176.7	9313.59	13398.4	10540.1	8601.21	6582.55	13491.3	9861.43	13750.4	13941	8240.07	11562.3
A0A8N7UVW7	A0A8N7UVW7_DANRE	itgam.2		34881.5	33119	32919.8	35787.5	30592.6	30081.7	38368.5	29796.6	26695.5	27612.6	33001	32573.1	29042.9	31452.1	27672.9	28111.8
A0A8N7UVX0	A0A8N7UVX0_DANRE	ccar2		9517.41	13173.6	16011	13887.5	13419.1	13312.3	13403.5	15094.7	19511.5	16848.4	9036.41	10296.9	7732.83	9439.82	13450.6	16499.3
A0A8N7UW05	A0A8N7UW05_DANRE	lactbl1b		52044.6	45358	45850.7	47285.4	42117.4	45874.7	55053.2	47657.1	46440.4	51002.8	69676.9	55751.2	56482.2	62396.8	39392.5	41972
A0A8N7UW24	A0A8N7UW24_DANRE	rab31		7738.97	7251.56	8154.54		7494.83	7670.89	6449.29	5736.59		5410.18	7595.67	8315.14	6239.31	5217.81	6278.27	10250.1
A0A8N7UZ56	A0A8N7UZ56_DANRE	sona		32708.3	32835.6	40109.5	41884.6	37196.3	38605.9	30162.6	37112.8	32870	55732.6	21577.3	23325.6	29107.4	22441.3	68670.6	61051.5
A0A8N7UZS2	A0A8N7UZS2_DANRE	igf1ra		6202.47		7097.11	6679.25	3794.5	4826.14	3508.98	5625.23	4447.71	2701.68	6989.82	7925.9		4900.55	4447.08	4738.22
A0A8N7UZX0	A0A8N7UZX0_DANRE	iars1		163303	155470	151865	145271	141495	142862	149446	150603	150681	155589	160939	157150	167939	163330	138151	147232
A0A8N7UZX7	A0A8N7UZX7_DANRE	slc1a2b		1.07407e+06	1.0645e+06	988692	1.0349e+06	976910	981185	935785	973568	1.16228e+06	1.12542e+06	1.02093e+06	997042	879421	855707	983212	1.01928e+06
A0A8N7V0N1	A0A8N7V0N1_DANRE	serpina1l		336647	330458	398394	400039	201843	190754	222774	228150	341505	332774	298643	301788	240904	244272	421482	408555
A0AR23	A0AR23_DANRE	mib2		20328	21226	20503.3	19144	19290.1	24033.3	24336.4	19966.3		18454.6	21912.4	25832.7	23709.1	18830.9	25251.8	21340.6
A0AUP8	A0AUP8_DANRE	si:ch211-271b14.1		178503	189948	182744	188132	178641	181391	175779	195513	201650	158456	180416	167858	189900	202267	189875	206039
A0AUR2	A0AUR2_DANRE	srl			17999.2			46247	23296.4									104230	105837
A0AUR8	A0AUR8_DANRE	dars1		131989	131328	137946	148314	128959	133786	130680	134573	121825	137534	128603	130531	119274	119500	129285	131753
A0JMC9	A0JMC9_DANRE	adnp2b		21946.6	19745.5	21442.7	24486	23356.2	23366.4	27588.2		22467.4	24340.2	18313.3	20687.8	17573.7	23661.7		17752
A0JMD0	CLU_DANRE	cluh		21552.6	23213	22788.1	16091.6	10962.2	12027.3	22126.4	16282.9	19501.2	18365.7	28816.5	25445	29174.7	33379.7	15259.9	14961.9
A0JME0	A0JME0_DANRE	mrps28		10450.4		9713.68	11504.7	10770.4	9519.01	12925.9	13735.2	20455.8	9718.46	17947.2	14266	18290.4	15479.9	8781.25	10106.7
A0JME2	MCAF1_DANRE	atf7ip				10462.9	5490.33	13071.3		9148.16	10990.1		10746.7		6574.51	7494.11	8742.21	9311.95	8237.66
A0JME5	A0JME5_DANRE	phkg1a		27930.7	29617.2	10711.4	10578.2	15498	17019.5	17272.8	18353.1	12200.3	18091.6	35176.3	35166	39112.5	39655	12526	18029.1
A0JME6	ISOC2_DANRE	isoc2		27256	24655.8	33420.8	37648.4	23601.4	27154.7	27647.1	27018	20324.5	28499.3	28013.1	29277.3	26623.5	27784	27783.2	34312
A0JMH0	ASPH2_DANRE	asphd2		18528.2	13145.8	13387.9	15381.9	11772.5	11693.3	11081.2	13924.9		15701.3	15825.8	14631.3	9025.46	14423.1	14492.7	14369.8
A0JMH2	CB069_DANRE	zgc:153521				26258.6			35615.7	50405.9	46762.2				33824	48224.8	45990.9	38214.5	
A0JMI9	RRF2M_DANRE	gfm2		24403.5	25113.3	21905.2	16294	22841.2	21421.2	17232.6	19515.9	18085.4	24827.2	22880.9	24535.2	20320.7	24758.9	23167.3	20298.6
A0JMJ1	A0JMJ1_DANRE	scinla		5.24734e+06	5.47331e+06	3.48365e+06	3.50811e+06	4.02214e+06	4.22181e+06	6.57208e+06	6.78513e+06	5.54108e+06	5.28926e+06	3.0869e+06	3.03568e+06	2.69752e+06	2.78768e+06	1.32116e+07	1.42785e+07
A0JMK3	A0JMK3_DANRE	im:7138819		3621.42	4785.37	11609.9	14681.4	9053.14	8324.39	12299.7	9608.6			9203	6971.69	6609.12	6580.53	5871.82	3332.19
A0JMK5	MTMR2_DANRE	mtmr2		28107.8	27374.6	35625	32791.4	30074.5	27606.3	30651.6	30954.1	28476.7	25992.7	37218.8	29373.2	35911.6	30878.2	30147.7	29649.7
A0JMK6	SCG2B_DANRE	scg2b		50315.7	53891	41012.8	37435.9	48012.2	41522.6	44816.3	39188.5	32090.5	22438.1	35398.8	42115.3	47996.2	52123.5	44615	46868.9
A0JMK7	A0JMK7_DANRE	cd99		24190.9	21916	30505.6	29106.6	28971.8	42557	12249.1	12889	22764.9	21090.2		11873.3			76894.5	103802
A0JML7	A0JML7_DANRE	adpgk		128421	130881	106199	102519	124527	125765	144253	145288	108419	122612	125787	130663	171042	147172	106940	105800
A0JMN4	A0JMN4_DANRE	csk		16112.7	20680.1	19081.4	17134.2	19335.4	21555.3	20686.2	19814.4		19607.1	21733.8	18498.3	23482.9	24513.2	14990.9	10544.9
A0JMN8	A0JMN8_DANRE	osbpl9		16375	17157.2	15875.9	14930.7	18149	14893.6	17965.1	13345	20062.6	14324.4	16310.1	17978.7	21069.9	18694.9	10056.1	12072.8
A0JMP2	A0JMP2_DANRE	ppm1la		28694.2	34861.7		30586.3	28945.3	28312.3	28949.2	31158.7	27065.2	28618	29167.8		37269.4		23237.3	25891.8
A0JMQ0	BOP1_DANRE	bop1		21882.2	21734.8	22238.4	17894.8	13181.4	13367.3	19835.7	15000.4	27695.5	32942.5						12449.4
A0JPF7	A0JPF7_DANRE	vps37c		20255	20272.8	19314.4	19714.3	16384.4	17546.1	18119.4	17149.6	20610.7	12839.9	18216.5	18976.9	24925.1	22634.5	18192.7	14282.2
A0MTA1	APEX1_DANRE	apex1		142791	145462	167168	175279	188308	186376	215893	208732	188509	185816	194134	196154	147054	145658	190495	199117
A0PJR8	A0PJR8_DANRE	opn6a		15674	18358.3	15415.7	19642.1	16118.3	21455.8	17373	22198.8		25281.7	14598.7	19296.1	9943.27	11965.4	24644.2	24742.8
A0PJS3	A0PJS3_DANRE	fam98b		5031.52	3925	8344	8815.46	6941.79	9466.34	6451.69	7446.15	5777	17281.9	2800.47	4640.23	3395.33	2937.09	11905.5	8089.57
A0PJT0	RIPL1_DANRE	rilpl1					14530.5												
A1A5H6	CNOT1_DANRE	cnot1		93650.2	94945.5	93141.8	96855	100410	88922.3	102444	95544.1	102990	98296.8	108240	104891	115509	111322	86956.7	81081.5
A1A5H8	YES_DANRE	yes1		32285.5	34097.7	33904.9	33783.3	29117.8	31984.2	37818.9	34573.9		36459.4	35236.4	33564.2	38248.5	32101.2	35692.6	45606.5
A1A5T2	A1A5T2_DANRE	pisd		51398	60482.4			51470.4	40664	56252.9	48790.7	132607	65079.7		51734.9			42563.2	47777
A1A5T6	A1A5T6_DANRE	dido1		7563.5	9783.28	9128.9	8126.82	13128.1	8848.82	11276.1	14102.4		12925.1	9105.02	11028.4	10351.2	8875.14	10431.4	12083.2
A1A5V2	A1A5V2_DANRE	palm3		7055.47	9718.69	10817.3	13708.9	9834.51											
A1A5V7	TM41B_DANRE	tmem41b			6368.27	6598.37	6246.67	9384.62	6508.37			5510.6	2434.64	10128.9	9498.9	4812.94	7554.2	6651.1	5436.05
A1A5X1	A1A5X1_DANRE	mapkapk3		37654.9	43883.8	38713.8	40230.4	39122.7	41952.3	41990.6	40470.6	39136.9	41380	59397.6	65216.7	79741	67958.4	33837	32636.5
A1A5X6	A1A5X6_DANRE	phyhipla		36074.9	37347.1	34945.1	32598.8	37534.5	39656	35280.5	40258	36469.2	42563.2	32969.9	36119.4	33287.7	32585.2	40465.2	35313
A1A5X7	A1A5X7_DANRE	taf15		147939	153629	165022	163574	170406	169172	156601	166913	160845	157326	174362	172287	163556	161880	163789	155249
A1A5Y0	NELL2_DANRE	nell2a			13554.4	24186.6	19222.6	21667.4	21766.9	22368.9	20577.4			24942.4		20536.4	25443.4		
A1A5Y1	A1A5Y1_DANRE	mgst3b		148454	147036	144222	146378	143988	130722	175428	175095	112576	120110	141305	155895	147252	170942	71572.5	67329.2
A1A5Y8	A1A5Y8_DANRE	serpinf2b		17219.4	16122.4	33674.7	34545.5	18817.6	18881.4		20744.4				26376.3	24361	23404.1	34516.7	40772.2
A1A5Y9	A1A5Y9_DANRE	zgc:158423		23692.3	26502.9	19255	16270.3	25744.1	18501.7	27260.2	22776.1	21854	28407.9	21703.6	30234.3	32322.5	28340.3	24474.3	35648.1
A1A5Z2	A1A5Z2_DANRE	usp39		27346.1	27509.4	27929.6	27109.2	32493.7	31046.2	27530.4	26224.8	23490.7	25550.5	29248.2	32267.5	26177	28467.1	22924.2	22029.3
A1A5Z3	EFTS_DANRE	tsfm		16128.7	19706.5	22231.9	25005.4	21590.2	19237.1	14374.8	19334	28439.3	25506.3	23155.6	22084.6	15315.5	12471.7	24538.6	21188.2
A1IH00	GOGA2_DANRE	golga2		45872	42612.4	48085.7	39981.5	39186.2	33610.6	47752.4	45429.7	54777.5	46990.1	64251	53797.1	54062.2	43861.3	43783.4	39759.3
A1L1F1	NDUF3_DANRE	ndufaf3		39989	39417.8	33625.7	25793.4	34629.2	30608.8	30850.6	26503.3	21677.1	35567	40036.9	48652.9	28838.1	38772.4	32775.8	30212.5
A1L1F2	A1L1F2_DANRE	trim36		16585.2	15253.8	15930.7	15806.9	14412.9	13705.4	13607.4	14955.5	14229	11301	15118	13597.6	15280	15287.1	13204.7	13756.9
A1L1F4	PDS5A_DANRE	pds5a		48300.1	44995.8	47098.8	46466.1	49154.5	52242.7	48920.6	48786.4	48243.5	50425.9	52586.8	51330.6	57713.3	54662.9	45515.9	42826.4
A1L1M4	P4R2B_DANRE	ppp4r2b		9018.94	12110.7	9810.54	9539.49	11085.5	10320.9	9977.49	7612.12	16670.2	10200	11913.5	11258.2	12498.1	13853.5	11398.1	10213.9
A1L1N4	A1L1N4_DANRE	luc7l3		43166.8	45837.5	46361	53349.4	50299	56392.4	55247.5	53123.3	73420.4	50971.5	47168.1	44045.4	44363.4	48592.9	54665.7	57836.1
A1L1Q2	A1L1Q2_DANRE	wasf3b		15028.3	19050.1	24978.2	31152.9	18276.5	26575.7	17343.2	24907.5		32756.4	18854.1	15118.6	5160.55		25409.6	33040.3
A1L1Q3	A1L1Q3_DANRE	glcci1a		21459.5	19095.2	20568.5	19784.8	18668.4	19893.1	17673.5	19532.3	40672.3	25981.5	26128	28413.7	26700.6	27979.2	15992.3	10027.5
A1L1R1	A1L1R1_DANRE	zgc:158258		8252.68	8565	9655.76	9505.69	9396.78	9587.29	9294.67	8111.23	14681.3	11824.5	10865.7	10728	13716.8	13596.2	10081.2	12495.9
A1L1S0	A1L1S0_DANRE	lrrc15		25468.9	15867.6	29836.6	17097.8	29842.8	21600.2	28205.9	14801	25934		25874.2	25925.2	26571.7	30026.5	32586.6	33512
A1L1S8	A1L1S8_DANRE	mogs		27087.6	24468.3	28610.6	27210.3	27371.9	26846.8	29085	31415.8	41035.7	29497.5	29568	30119.5	37638.7	34225.3	25723.9	27823.7
A1L1T3	A1L1T3_DANRE	slc32a1		261597	296396	248308	250693	245420	282557	248849	294710	147031	254413	213085	238724	194074	200041	263763	298850
A1L1T4	A1L1T4_DANRE	megf6				4366.15	1249.89	5591.49	4444.61		1819.8		4008.25			3084.72		1891.66	3092.52
A1L1T5	A1L1T5_DANRE	grm6b		7119.18	4488.95	5175.47	5227.48	3796.67	6015.32	5107.27	4218.58	9222.78	3613.3	5702.34	7133.61	8972.56	9537.61	5845.03	3893.1
A1L1U1	A1L1U1_DANRE	strn		53070.7	49924.4	42520.1	45645.7	44341.5	39325.5	48700.5	47104.1	42383.5	38780.2	54953.1	52815.3	57876.1	58637.5	42586.5	39253.5
A1L1U3	A1L1U3_DANRE	g3bp2a		40055.3	34466	38204.7	38561	41738.2	39750.8	40910.6	39322.3	36945.2	44589.1	45641.6	39109.4	39786.6	42798	38446	44810.3
A1L1V1	A1L1V1_DANRE	fnta		91703.6	86082.4	88697.1	78776.8	81276.4	84637.9	89030.6	84632.7	88595.8	79059.1	101353	94706.8	93342.7	101204	85824.1	79154.4
A1L1W4	RD10A_DANRE	rdh10a		31995.6	25635	26610.5	27693.1	38629.4	38780.5	35737.4	31136.7	32353.2	39406.2	29320.9	28191.7	23860.4	27163.9	28987.2	28999.5
A1L1Y0	A1L1Y0_DANRE	dct		986852	980485	1.39505e+06	1.54516e+06	1.34355e+06	1.48741e+06	1.52537e+06	1.65525e+06	1.09844e+06	1.61292e+06	1.11085e+06	1.12401e+06	1.12815e+06	1.10603e+06	1.81304e+06	2.02554e+06
A1L223	A1L223_DANRE	cbx5		143261	142266	144584	147955	147835	150757	148632	145739	173289	156825	154128	149328	148169	149544	159621	154988
A1L228	A1L228_DANRE	rcor1		18258.6	17490.9	20686.2	14413.9	19609.4	18772.8	17279.5	19025.7	24302	21725	16492.9	23940.9	19344.1	18781.5	21566.2	22634.1
A1L243	MESD_DANRE	mesd		69707.9	68827.7	87554.8	84015.1	68806.5	66647.3	62146.7	62172.1	57392.3	62805.7	65569.8	64495.4	69661.6	67181.7	77273.1	77214.7
A1L244	SAC1B_DANRE	sacm1lb		12139.3	11395.8	9072.25	18063.6	13335.9	17636.2	16182.9	9427.71	16670.3	11404.7	14914.1	11070.7	15900.2	16300.1	12312.7	8508.55
A1L251	ENASE_DANRE	engase		43698.8	41446.2	39318.8	35689.4	37884.4	35262.3	44147	42220.8	44370	42536.4	43537.5	40281.5	40605.2	40689.8	38345.3	38160.5
A1L252	RANB9_DANRE	ranbp9		33190.7	26147.3	17258.5	23490.9	24815.1	28362.5	34240.7	31458	23617.9	19617.4	41642.2	39301	42362.5	40916.8	25037	21932.6
A1L257	A1L257_DANRE	sfxn3		525573	523562	458691	439386	464662	445071	445727	439178	517376	548638	556123	495238	560975	550432	434710	458455
A1L258	D2HDH_DANRE	d2hgdh		60461.2	59965.5	57091.5	58932.2	57615.9	49470.4	54068	46378.6	50574.9	52102	65313.9	56460.6	61971.2	61773.7	50708.1	53083.7
A1L271	GNB5A_DANRE	gnb5a		40530.9	40867.8	42126.3	40034.4	44169.9	37138.2	39658.3	42141.9	42640.9	42221	47096.2	43022.4	40208.7	41364.9	32423.6	44067.4
A1L273	A1L273_DANRE	tmed1b		107543	107340		90493	101052	120806	112339	129215	121737	100453	138542	122339	134561	121817	107297	
A1L284	A1L284_DANRE	pdk3b			6023.97		5670.25	4489.22		5538.88	4789.71		6843.67			10382.1	8036.68		
A1L293	A1L293_DANRE	ptpmt1		28541.3	25721.6	23395	22681.5	23955.3	18546.3	18441.5	17970.4	20469	20106.6	23733.3	32946.7	26119.9	37162	19121.2	16568.7
A1L2A2	A1L2A2_DANRE	csrp1b		42629.4	45627.2	36270.1		49775.3	39063.4	26671.9		36644.9	21223	52200.6	34125.8	59003.2		33756.4	32717.2
A1L2C0	A1L2C0_DANRE	bckdhb		131570	115497	106650	106700	107445	103079	106153	107288	86349.8	93565.5	90802.8	99330.2	107462	120330	97934.6	93418.1
A1L2C8	A1L2C8_DANRE	rd3		19801	23665.7	21427.2	25716	28042.7	30751	21467.2	26284.9	24147.8	26127.2	16619.6	23948.3	14599.8	17109.5	29571.2	23384.8
A1L2E0	A1L2E0_DANRE	tm6sf2b		35439.2	37276.2	39818.6	32688.7	42404.5	42542.1	35975.5	43333.2	45633.1	45727.5	37387.1	26907.4	54573.2	54627.4	20138.6	31657.9
A1L2F6	TM205_DANRE	tmem205		17988.3	22326.8	21679.9		24988.3	20589.2	24120.8	19715.8	19226.5		23037.1		21464.8	18336.4		
A1XQX0	NR1AA_DANRE	nrxn1a		15381.3	16434.2	13886.8	15053.3	13528.2	12901	14658	16152.4	18282.6	18156.4	14236.2	13649.1	15222.7	15003.6	14543.9	15100.8
A1XQX8	NR3AA_DANRE	nrxn3a		10849.9	10853.8	14809.4	15419.7	10249	12074.9	6371.99	8771.45	9256.93	9611.23	7266.79	10062.1	9181.45	10977.3	12637.8	15948.5
A1XQY1	NR3BA_DANRE	nrxn3b		64900.9	61914.4	50701.1	54311.8	59606	60353.4	61929.2	62774.1	55563.7	59513	56755.7	57193.4	66558.7	57728.9	62635.4	65611.2
A2A121	A2A121_DANRE	dclk2a		525184	554469	481546	443092	435490	448234	485088	486754	442857	444758	564435	569491	697184	710538	430520	439352
A2AR68	A2AR68_DANRE	gdi1		701245	692494	611604	589157	580248	617799	591768	616312	653624	712373	601332	599143	611622	617796	646113	706751
A2ATX5	A2ATX5_DANRE	inaa		2.32159e+06	2.47401e+06	1.87323e+06	1.97436e+06	2.05397e+06	2.20208e+06	2.09503e+06	2.39372e+06	2.14685e+06	2.96189e+06	2.1771e+06	2.26508e+06	2.144e+06	2.19788e+06	2.6263e+06	2.8546e+06
A2AWA1	A2AWA1_DANRE	ddx39aa		74656.7	75080	67107.7	77802.1	74925	85922.3	106561	98773.1	130984	105701	97615.1	92691.6	81172.6	103205	107045	136363
A2AWE1	A2AWE1_DANRE	prdx1		133298	132998	145964	146332	121341	119812	123443	127238	126371	126430	182561	189255	122205	126170	150594	148945
A2BE49	A2BE49_DANRE	ppm1f		27724.5	23999.5	21706.8	28702.4	21083.3	25924.9	20982.3	17328.3	21443.5	17855.6	15729.1	16198.4	12642.8	14879	33745.9	37486.5
A2BEG3	A2BEG3_DANRE	dgcr8		30962.1	19630.6	28492.3	29386.3	31589.7	26410.2	27803.3	19633.4		21240.8	32080.2	25241.1	20457.4	19237.3	33338.8	27242.1
A2BEP0	A2BEP0_DANRE	mrps31		5921.17		10079.9	11401.3	7661.13	9902.97	7870.16	10618.2	13241.7	9860.17	5549.58	7201.52	7466.85	5744.76	11065	11535
A2BEV1	A2BEV1_DANRE	mtif3				41573.1		36435.5	58026.9		22411.2		32615.3				29681.1	51372.1	39239.8
A2BEV4	A2BEV4_DANRE	tagln3a		313253	298321	307996	319161	307558	296928	313697	294262	320903	306640	343887	329144	363119	365835	290039	333913
A2BEV6	A2BEV6_DANRE	nexn		66140.2	62897	60729.6	55917.4	68260.3	65148.4	80239.9	67232.4	107334	77857.5	109776	88453.3	76861.9	75074.7	76988.1	86022
A2BF67	A2BF67_DANRE	ensab		38151.6	42027.2	39655.9	41385.2	38798.7	37792.7	44112.1	38931.7	26998.5	30458.3	43405.2	47867	39717.2	43091.9	30479.3	34814.3
A2BFG9	A2BFG9_DANRE	ubash3ba		30245.9		31756.7	43763.7	31909	41628.4	38755.3				35296.9	35280.1	37106.4	43116.8	38145.9	48901.9
A2BG37	A2BG37_DANRE	vamp5		27193.1	31970.7	23143	26051.1	30407	29895.2	33299.7	26732.6	41704.3	23212.4	20330.6	24474.8	31042.6	29991	38253.8	33843.9
A2BG43	GLTP_DANRE	gltp		34362.2	36194.1	26078.3	20704.6	27287.3	21756.1	31545.5	30779.4	28610	29657.6	31907.2	23767	30642.6	25293.6	22935.1	19652.6
A2BG80	A2BG80_DANRE	ppp2r2ab		68938.4	67342.3	57731.2	65911.7	61012.1	62079.1	61510.1	71250.1	48960.6	69106	70374.1	71703.6	63898.2	71598.4	60539.2	65354.3
A2BGB4	A2BGB4_DANRE	pafah1b2		78187.9	80699.6	73300.6	83389.9	62392.1	72612.1	88918.5	82078.5	64630.1	74265.9	96591.3	102629	95628.7	98239.4	89035.4	99687.2
A2BGD5	CACO1_DANRE	calcoco1		4776.96		6250.11	4801.62		6108.48	6361.97						8666.31		4257.74	
A2BGE0	A2BGE0_DANRE	stxbp1b		398528	385152	378485	375405	407274	388111	439679	428786	400572	392920	421300	408225	463803	448407	373936	372606
A2BGP9	A2BGP9_DANRE	fam151b		11716.4	11681.6	13797.9	16031.9	12022.4		16425	13252.2		11382.2	13892	14806.8	10239.8	15577.9	13538.4	16275.7
A2BGT3	A2BGT3_DANRE	dao.1		7377.51	12912.5	13351.2	16209.4		14494.2			35217.6	47258.6		10225.8	8790.36	7651.42	11983.8	24094.8
A2BGU8	SEPT3_DANRE	septin3		208779	212935	205593	198487	210331	207008	223427	217167	217647	211030	198985	187301	227246	214663	204587	197752
A2BGU9	SERHL_DANRE	serhl		2109.57	1680.81				2002.29									17401.5	5360.54
A2BGX6	A2BGX6_DANRE	myhc4																127051	165111
A2BHA3	A2BHA3_DANRE	ckma		43321.7	46892.7	31650.6	31645.1	32060.6	31584.8	13165	13680.5	42860.5	41143.2	41465.7	37990.6	22847.9	28760.9	156911	172129
A2BHB7	GATC_DANRE	gatc		53738.8	57079.8	47841.2	48581.1	44954.5	43613.2	41427.2	47314.5	81980.8	47837.2	54889.3	54703.6	59703.4	48003.9	45683.9	52261.8
A2BIA5	A2BIA5_DANRE	bloc1s2		45106.6	43648.7	39848.7	45700.8	43505.5	44927	46116.9	48244.9	27763.5	36995.3	49851.3	59710.8	39922.8	36020.9	34341.8	33251.2
A2BIC6	A2BIC6_DANRE	lap3		92112.8	88394.1	80476.7	82450.5	79047.5	80510.5	80000.2	82053.1	59197.4	77511.9	80432.7	76350.9	86594.8	92950.7	79997.8	76805.6
A2BIC9	A2BIC9_DANRE	f8a		45697.2	44481.8	51148.4	50126.3	44357.2	42518.7	48405.9	48985.3	51311.7	52824.5	46189.1	42346.7	54108	45668.9	47799.5	43954.6
A2BIE7	TAPT1_DANRE	tapt1		35709.6	38144.2	36062.4	45376.4	46647	40194	43138.1	35900.7	30228.3	39917.2	35743	38884.7	31799.1	49022.3	41955.1	38332.2
A2BIJ3	BSDC1_DANRE	bsdc1		19497.2	30824.6	27817	28772	28041.6	33892.1	20233.3	27234.7	33883.1	35349.3		19643.1			35041.6	42331.4
A2BIL7	BAZ1B_DANRE	baz1b		20269.3	22390.4	21262.9	21573.5	19314.7	21475.6	20959.9	22401.7	16147.1	19651.4	22921.9	22882.5	23891.9	22557.8	21009.6	24108
A2BIR0	A2BIR0_DANRE	sec14l8		55653.3	53632.9	50573.9	43059.9	46349.2	41746	50168.3	57772	51300.5	51877.1	44632.3	46187.7	43524.3	43592.1	49739.5	50290.5
A2BIR4	A2BIR4_DANRE	ube2l3b		163483	150507	130855	139053	126731	125596	146078	148959	93704.6	108548	157734	162761	189720	206132	119560	111221
A2BIR7	A2BIR7_DANRE	sdf2l1		31589.4	27550.8	27885.7	19526.2	21577.2	23072.9	31119.8	31437.6	29049.6	22745.2	36735.8	41696	40099.5	34503.7	24341.9	32297.2
A2CE93	A2CE93_DANRE	iqgap2		15117	11187.4	17902.5	17958.8	13158.3	14469.7	12053.4	12440.3	15386.2	10041	12378.9	18347.7	18310.9	15166.6	18835	15174.5
A2CEA9	A2CEA9_DANRE	bri3bp		23130.6	33209.8	36252.9	44833.5	33320.1	38394.1	26840.5	39379.2		41077.5	31567.5	27447.2	25716.7	18389.4	114807	162377
A2CEB4	A2CEB4_DANRE	golga3		18206.4	19314.9	16144.2	16169.2	16253.3	14303.7	20442.9	13806.4	19013.5	12201	18974.7	18025.1	17282.9	17594.2	17530.3	15817.2
A2CEI4	NUP88_DANRE	nup88		26777.5	28260	25236.9	24456.4	23317.4	26753.9	24528.5	26065.2	31700.7	36212.5	28457.6	27533.7	28022.7	30519	23197	32026.3
A2CEJ3	A2CEJ3_DANRE	ephb2b		37841.1	38881.2	37619.8	34299.2	45645.9	39019.6	42866.3	51551.4	39863	48158.7	40302.8	47837.7	27423.4	33961.1	45549.2	43244
A2CEM4	A2CEM4_DANRE	atl3		92513.1	94951.6	102645	103332	94206.4	103032	89454.5	92203.6	99998.4	104503	95600.4	97730	88859.1	82990.4	107707	104639
A2CEQ0	SCM2B_DANRE	slc25a25b		102377	105845	79448.2	78908	101547	84835	105816	106026	160671	134171	87098.3	90672.2	89003.8	84114.6	100680	131207
A2CEW3	A2CEW3_DANRE	fn1b		126840	127223	195010	205400	158049	165745	108328	112102	94443.8	93832.2	143495	150539	108523	109483	206344	211419
A2CF25	A2CF25_DANRE	sv2ca		14395.4	23382	18546	22209.7	21432.7	19211.8	22453.1	18108.6	15014.6	19663.7	12295.3	24217.1	24769.2	26066.1	19157.6	19402.3
A2CF31	A2CF31_DANRE	atxn2		32767.4	30597.7	34692.7	36678.4	32976	40023.7	33274.6	40145.5	42716.2	45165.2	28547.4	28163.9	29272.5	30162.7	44911.3	46351.5
A2CF49	A2CF49_DANRE	ptpa		45830.1	53594.8	52842	44610.4	44639	51645.7	49691.7	50164	62536.6	51290.1	43707.9	40066.5	48512.7	47059.3	53832.2	61758.5
A2CG95	A2CG95_DANRE	acadm		84775.9	75075.6	80785.3	77567.8	82963.5	80837.8	80209.6	74843.8	63920.8	68082.4	91725.9	79032.4	101384	112082	95763.9	107178
A2RRV1	A2RRV1_DANRE	fxn		36862.5	33825.5	21163.5	20760.3	29608.9	31231.4	24802.3	24724.4	14728.1	20431.7	22096.5	23752.7	28029	30535.7	16627.2	14011
A2RRV9	NARFL_DANRE	narfl		23857.9	21154.6	20248	19473	8994.41	18054.3	20175	20264.8		18990.2	20985.7	23339.4	22135.6	25803	20300.2	19504
A2RUX2	A2RUX2_DANRE	lancl2		38906.4	37552.4	36706.6	39280.8	41080.8	37779.6	36999.1	34024.1	32590.4	33760	37455.6	34595.7	34334.5	37339	34363.7	32502.3
A2RV23	A2RV23_DANRE	sv2ba		106458	92712.8	104726	108458	113009	127210	106876	108305	218934	194596	105975	92921.1	95947.7	103973	132357	154443
A2RV27	A2RV27_DANRE	coq7		79236.6	84310.8	87636.5	88614.4	64020.7	70403.9	76534.4	77062.5	66477.6	78146.4	65382.3	64307.7	59445.4	65600.6	111355	111359
A2RV29	ZN346_DANRE	znf346		96228.1	99818.3	129495	128126	132982	140380	115465	127108	134759	167970	124102	126301	119847	110959	174127	194454
A2THY5	A2THY5_DANRE	mtx1a		59478	58036.7	54980.5	59573.2	61881.3	60595.4	55733.5	64232.3	81283.9	79051.6	69068.8	62989.5	21652.6	22419.7	71052.3	68816.5
A2VCY4	A2VCY4_DANRE	zgc:158482		44611.1	38031.9	31334.8	22721.2	31843.3	34565.3	34804.6	32365.3	23439.9	26537	38608	49268.8	52798.1	86279.6	24879.9	34373.4
A2VD26	A2VD26_DANRE	spats2		8611.12	9609.84	9581.71	11403.4	8980.47	12995.3	7400.32	11221.9	17773.8	11113.3		8368.85			14878.5	12638
A2VD50	A2VD50_DANRE	dhx35		6995.05	6763.39	9907.72	8390.55	8703.39	6317.07	7220.07	8708.13	11200.4	15039.8	7815.87	7631.25	7418.79	7748.91	8407.97	9686.04
A3FKT8	A3FKT8_DANRE	icn2		51857.1	57677.2			19921.4	12984.4		15953.3							77522.9	79485.4
A3KDM2	A3KDM2_DANRE	rtf1		46792.8	43392	50097.4	47945.1	41194	46509.5	53774	48161.9	75480.6	34884.1	68118.2	70205	73265	53809.2	50569.6	39487.9
A3KDM3	A3KDM3_DANRE	ctr9		32259.9	34820.5	29200.5	30857.9	29314.9	29922.9	37503.6	38337.7	20930.2	22077.2	37658.4	28816.2	47237.3	49532.2	26840.9	30152.6
A3KMH5	A3KMH5_DANRE	hadhab		135191	136906	136986	134427	118438	125267	143492	150919	126995	136599	118322	117057	128689	134412	125399	129423
A3KMS4	A3KMS4_DANRE	vtg7				186638	215095	268552	312950	161267	154292			310173	329908	358171	350737	393035	485250
A3KMT0	A3KMT0_DANRE	CH73-131E21.2		30559.1	28507.5	37987.4	34983.1	34893.7	37269.7	30285.5	32961.8	34864	33665.2	31523.4	40208.5	31354.7	26413.5	38890.6	40236.8
A3KNG7	A3KNG7_DANRE	tinagl1		34365.7	28466.8	28950.4	28886.8	30553.5	35136.1	34418.7	30514.9	29584.9	29841	26234	32224.6	27464.4	29856	36673.8	32095.3
A3KNH4	A3KNH4_DANRE	plod3		10442.8	11040		10719.2		8918.47	5423.1	8309.31		3085.32	9888.66	5420.92			9982.16	7446.75
A3KNJ5	A3KNJ5_DANRE	pla2g12a		10897.5	13161.6	12725.9	13109.9	15948.4	12150.4	13445.2	12871.5	16198	13009.2	14464	14136.2	19873.6	17327.4		11933.6
A3KNK1	TACAN_DANRE	tmem120a		15191.5	8300.02		11281	9743.88		9713.26				16067.3	15095.8	9736.72	12227.9		
A3KNK2	A3KNK2_DANRE	wu:fk56e01		298768	311974	290665	306320	320739	334715	335324	357000	315366	299736	279413	265925	365536	345208	256694	241606
A3KNL0	A3KNL0_DANRE	rcc1l		24285.2	25566.4	17081.4	16313.8	21694.1	16498	22582.6	19495.3	22688.6	22266.5	21282	24429.2	20744.5	22073.5	21228.2	21812.4
A3KNL3	A3KNL3_DANRE	pcyt1ba		50120.8	38930.5	40643.4	40874.3	39005.9	36013.3	42131.6	41677.5	31161.1	41746.7	52163.9	48038.2	57027	52971.6	33505.5	33607.5
A3KNL5	ATF1A_DANRE	atp5if1a		56124.3	42516.3	40700.3	44541.1	49147.5	42630.9	38672.9	30959.8	83862.8	54880.9	48865.1	51324.7	45496.2	41080.7	37151.2	42187.6
A3KNL6	GGACC_DANRE	ggact.3		44731.8	43957.1	38520.8	39615.4	36953.6	36072	43432.5	39059.8	36739.4	34709.5	40554.8	44960.4	43598	43375.1	35441.2	38471.6
A3KNL9	A3KNL9_DANRE	nudt6		22126.1	28831.5	24162.1	27862.8	12642.9	27370.3	14505.9	24795.1	32787	43891.9			6660.37	12383.5	32201.3	47216.8
A3KNM1	A3KNM1_DANRE	asmt2		151408	149162	149466	143629	125841	121470	157265	160474	163762	152138	151179	172165	152882	144470	133266	150559
A3KNM6	A3KNM6_DANRE	tmem119b				11329.3	11882.7	13027.3					6297.46	6738.13	9244.11	4667.02		14310	10826.2
A3KNN5	A3KNN5_DANRE	psmd14		211521	198844	173166	184318	177222	161936	168175	175579	156332	146475	207411	183811	198524	215455	154429	143286
A3KNQ1	A3KNQ1_DANRE	hmg20a		4145.71	6013.56	5789.16	4688.68	2899.88	5789.64	6421.86			3073.75	4739.89	4799.76	4230.5	5545.63	5593.09	4778.67
A3KNR2	A3KNR2_DANRE	si:dkey-238c7.16		67074.7	64574.9	94562.5	97590.2	82978.9	88941	55286.9	57837.6	91957.5	81834.9	49890.7	55478.5	42245.9	49009	124186	138993
A3KNS2	CNPY3_DANRE	cnpy3		39659.2	38465.7	32947.2	30632.7	39436.4	33971.6	44301.6	37236.8	27783.3	26452.9	42158	41001.6	43471.1	46984.2	24730.6	26944.9
A3KNW4	A3KNW4_DANRE	s100v2		98714.3	102153	72997.3	71902.3	94984.3	87896.7	80766.1	68721.7	57166.6	55702.9	55086.2	69384.2	74079.5	75805.7	112436	106099
A3KNX0	A3KNX0_DANRE	znf362b		10597.2	9626.96	10977	9399.45	9085.43	10287	7017.93	11027.9	8862.43	7817.39	8275.49	9055.64	6649.92	4476.73	11146.2	10316.9
A3KNZ4	A3KNZ4_DANRE	dtnbp1b		20794.5	24127.3	20332.5	23593.7	18771.2	22791.6	29540.9	22101.7	25378	24772.3	31669.4	24197.7	22298	25219.1	18975.9	25353.9
A3KP00	A3KP00_DANRE	tmem54b						9678.76		7679.14	7001.29		10366.9	6439.68				10925.2	11091.3
A3KP44	A3KP44_DANRE	prdx4		64902.4	60885.1	57454.1	54890.1	71806.1	58825.2	72078.1	67965.2	42310.7	51272.8	57867.4	59585.6	70222.5	70795	41718	50393.1
A3KP48	F162B_DANRE	fam162b		143688	140331	133411	132683	151037	144981	133586	146623	162438	158340	143117	148187	145790	143300	133054	139880
A3KP51	A3KP51_DANRE	mrpl37		22128.2	24184.4	19665	15418.5	15272.4	17163.9	16223.3	16575.5	18713.2	17931.7	13579.8	13094.7	17692.5	9018.45	11668.8	
A3KP55	A3KP55_DANRE	atpaf2		15426	15663	11965	11816.5	12400.9	12814.8	14050.4	12926		13500	17483.8	19068.9	12865.6	13690	12097.8	12526.3
A3KP58	A3KP58_DANRE	marchf5		4930.11	13143	14343.8	12638.6	17608.4	13858.4	15114.2	16367.2	20577.6	21549.8	22150.7	16858.7	18230.5	21378	3906.59	
A3KP65	A3KP65_DANRE	mlycd		53618.2	54472.8	43645.7	41681.3	44483.7	44637.7	50707	43597.6	43717.9	39603	46955.6	48611.1	57149.5	59988.8	39516.6	34533.2
A3KP77	OXND1_DANRE	oxnad1		35713.4	46589.5	33733.3	36022.3	28010.9	35075.9	26305.7	35363.8	27540	32330.5	38925	33426.2	45220.6	39604.7	25253.2	28494
A3KP84	A3KP84_DANRE	bdh1		58467.2	54245.3	60529.6	60082	64932.8	64441.9	66615.6	69168.2	77100.9	70052.8	58012.3	58579.6	67964.2	63953.4	60387.6	55507.9
A3KP86	A3KP86_DANRE	hbae4		14150.2	13835.9	9732.47	13599	7879.42	7026.12	5685.74				17134.5	20441.2	12186.6	17470.8	16553.8	18564
A3KP93	A3KP93_DANRE	hint2		48717.2	46333.5	39598.4	35688.9	40434.3	33974.5	47474.9	49419.6	30999.9	44119.8	61674.5	54697.5	57518.5	58311.2	36688.1	36936.1
A3KP99	A3KP99_DANRE	mrps30		17536.5	14846.5	14547.5	11542.5	6816.73	11445.4	10405.5	8716.58	13962.2	7884.01	13848.8	14328.6		11693.7		3890.42
A3KPA0	JAM3B_DANRE	jam3b		60700.2	63638.4	70585.3	75332.5	68975.6	70852	62673.5	69440	52280.4	80719.3	57405.6	53371	57342.3	57379.7	81274.9	97329.7
A3KPA7	A3KPA7_DANRE	acyp1		68895	75401.6	87991.7	87096.7	83315	82661.1	82969.9	83905.4	87893.2	82137.2	85299.8	85738	74185.7	75384.5	97083.1	90685.1
A3KPG7	A3KPG7_DANRE	crp1		8896.48	15298.8	13392.2	19737.2	20661.8	25373.5	16398.6	21740.8	21990.6	26234.5		9938.54	7706.65	10166.5	14537.8	19412.4
A3KPH5;A3KPH6	A3KPH5_DANRE;A3KPH6_DANRE	crp6;crp7		94979.4	105921	157021	170300	105275	108048	111929	122309	145167	119264	66234.3	71100.1	60257.6	59149.3	170547	229955
A3KPI6	A3KPI6_DANRE	si:ch211-288g17.3		706909	698929	768964	780921	754986	746156	784487	753884	756688	790024	712744	703094	728375	720335	814330	825576
A3KPJ4	A3KPJ4_DANRE	ptprn2		79629.8	69728.5	51673.8	52600.9	58775.4	53442.3	61719.1	51674.9	50150.9	69005.6	61820.4	68715.1	65606.8	67380.9	51024.7	46876.1
A3KPK0	AGO3_DANRE	ago3		18439.1	15642.8	16161.2	11044.3	15131.1	14905.3	11308.4	11925.6		15595.9	20986	23669.9	16720.6	22657.2	13776.8	13298
A3KPL8	A3KPL8_DANRE	cfdp1		11601.7	13524.6	9111.34	9145	8339.32	8158.96	15706.6	11023.1	17069.4	14703.7	13023.4	14805.6	12994.5	11788.6	11674.2	13818.4
A3KPN8	TTC38_DANRE	ttc38		46440.3	41989.4	67505.6	62218	53293.6	53302.3	51910.6	54515.1	36430.9	46941.2	59537.9	54655.1	60131.3	62151.3	54863.3	59203.3
A3KPP3	MOG1_DANRE	rangrf		18819.7	21432.5	28326	29416.6	32010	24992.2	23398.6	33397.5		38326.8	26171	26318.1		19936.9	34659.1	33796.8
A3KPP4	S2535_DANRE	slc25a35		18253.2	18666.1	12384.1	25506.3	21583.4	20236	17627.1	20635.5	39095.7		22620.6	21549	19344.1	21752.9		
A3KPS8	A3KPS8_DANRE	ugt5c3		6441.91	7967.85	6601.16	8801.81	5349.47	4273.74	4987.79	4156.91	2105.28	4631.87	5248.45		7639	5643.13	4755.79	
A3KPW8	A3KPW8_DANRE	hpcal4		45357.6	45171.5	50944.3	52318.9	36347.7	53855.4	40710.6	53067	28936.9	58523.9	46944	43174.6	28435.2	36938	65642	41051.1
A3KPW9	BAG6_DANRE	Bag6		11140.1	14463.7	10521.2	11365.2	12715.6	14419.2	13044.4	17463.1	14820.4	13056.3	16233.1	12466.6	13076	11814.7	13772.3	13808.2
A3KPX0	A3KPX0_DANRE	si:ch211-215a10.4		47636.9	46999.9	45575.8	42922.4	33335.4	45050.6	33546.2	42444.6	32510.2	45131.5	40789.8	40368.7	45890.7	44676.2	31589.7	41121.5
A3KPX4	A3KPX4_DANRE	ppp1r10		5750.9	12231.4	12883.4	14486.2	30234.9	19345.5	26773.9	24498.1	16089.9	20614.9	22059.4	14550.9	28462	28235.2	20222.1	95111.7
A3KPZ2	A3KPZ2_DANRE	cratb		58749.9	59242.3	64988.8	73238.2	66217.2	66299.7	60347	61538.6	68531.4	68808.5	55986.4	49802.5	55549.8	59882.3	73456.1	69078.6
A3KQ03	A3KQ03_DANRE	mgat1b		5773.49			10833.5				8009.76	9565.91		9405.26			6824.54	11340	
A3KQ92	A3KQ92_DANRE	syt1b					26675.8									35015.8			
A3KQE0	A3KQE0_DANRE	si:dkey-29p10.4		13912.9	12001.6	11435.3	9264.08	15983.9	14912.1	15581.8	17150.5	9982.78	9192.49	17899.3	15945.8	15900.2	16555.4	10900.5	10465.9
A3KQK2	A3KQK2_DANRE	asns		39120.4	33101.9	27011.1	22515.1	33556.5	32607	39043.2	37588.6	39571	30335.5	28307.3	25358.7	32216.7	32645.7	37779.7	36551.1
A3KQN9	A3KQN9_DANRE	ints8		16152	13794	13574.2	26270.5	19023.4	14529.7	16273.2	23109		13374.2	23575.1		23119.3	16507.4	28673.7	16303.4
A3KQQ9	SCG3_DANRE	scg3		126813	128427	101230	108575	114334	120385	121530	119597	150667	124806	110740	125668	110366	108529	141685	156688
A3KQS1	A3KQS1_DANRE	prcc		39580.5	45090.3	44795	41764.7	49599.7	51902.9	43872.1	43239.5	27367.7	38699.8	33615.6	32469.9	32917.4	35832.6	52269.4	57673.8
A3KQS4	MINY1_DANRE	mindy1		30071.3	26824	34112.2	30007.6	32937.6	29359.4	35621.8	33000.7	34459.2	32201.7	40190	42088.1	34350.3	27093.5	39682.7	31883.7
A3KQV2	BROX_DANRE	brox		21640.7	17881.3	25663.7	24951.7	22840	19758.9	19541.4	18721.5	28432.2	21198.5	17368.3	21814.7	18466.6	22513.5	22068.7	21465.5
A3KQX1	A3KQX1_DANRE	cndp2		113254	111207	112939	117879	117754	118006	96731.8	105545	109724	109544	93338.5	101468	108629	116838	130488	147565
A3QJU3	COQ8B_DANRE	coq8b		48098.7	51931.9	63223.6	68978	58047.7	64281.1	47200.8	56641.5	75758.5	84275.5	35081.5	40896.1	15173	15162.3	100702	85453.5
A3QJY9	A3QJY9_DANRE	pex11a		13054.5	12053.7	8407.93	12545.7						7419.07		6943.25	7560.18	5203.44	8138.03	4284.15
A3QK15	AACS_DANRE	aacs		16087.9	21932.8	19778.7	16351.3	22457.8	23780.1	22400.1	24001.7	30834.1	22558.3	23290.5	28485.2	29123.8	29711.9	21131.6	22405.2
A3QK16	ERLN2_DANRE	erlin2		80364.2	80100.2	91738.7	92299.7	90250.7	98608.8	103000	100646	120103	129620	80731.9	80901.1	95646.3	89451.8	113373	145550
A3QK31	A3QK31_DANRE	slc17a7a		29142.1	24482.8	23804.4	25448.4	29492.5	33297.1	26151.2	25790.4	61587.6	58764.7	27289.8	29147.8	27603.6	26630	37364.8	47002.7
A4FUK2	A4FUK2_DANRE	si:dkey-51e6.1		32792.3	31872.8	30411.4	31611.4	32582.1	35554.4	39762.8	39500.1	44146.4	33559.7	30610	33807.1	34960.9	36015.8	40176.4	33149.3
A4FUK3	A4FUK3_DANRE	si:dkeyp-55f12.3		86477	90021.4	116916	107278	95879.9	104676	101609	103709	85755.9	106016	98014.1	106761	119371	115820	104834	91398.9
A4FUL3	A4FUL3_DANRE	rbx1		121138	143616	163583	147454	149522	130271	145465	144961	78862.8	143511	173869	170741	183911	149450	131585	149037
A4FUL9	A4FUL9_DANRE	qng1		80265	72764.1	76059.2	70666.3	82716.9	71534.5	97701	107468	101440	82861.5	85482	61493.2	77012.7	77030	95879.1	90408.2
A4FUN5	A4FUN5_DANRE	isy1		25885.3	29619.1	37676.5	41465.9	29377.1	28847.1	34143	30692.8		38675.4	27260.8	29351.9	21351.4		41485.4	
A4FUN8	A4FUN8_DANRE	rhol		103624	99118	131456	132189	155052	161260	209178	213982	150693	198154	156286	165386	155361	141096	139087	141568
A4FUP0	A4FUP0_DANRE	sult2st3		31757.8	28485	25830.6	16268.2	14156.4	14939.6	16566.4	18931.8		23662.4	22401.8	19742.2		20358.5	20599.8	23797.9
A4FVI4	A4FVI4_DANRE	napaa		42128.7	39540.1	38609	38356.7	38340.3	35508.2	38887.5	38623.7	48409.7	47151.6	51493.5	45254.7	59466	47626.2	40893.8	36669.4
A4FVJ5	A4FVJ5_DANRE	gna13b		30209.3	37666.1	35066.6	41981.6	38401.8	34116.9	36011.3	38952.6	29244.8	34001.5	28447	27654.5	34596.2	37539.8	34826.7	31962.6
A4FVK4	A4FVK4_DANRE	rab8a		63640.3	67504.8	84540.2	73922.5	73170.6	69748.6	73866.3	57439.5	117312	79078.8	84626.2	82479.9	80090.7	72061.3	70626.9	84198.3
A4FVK9	A4FVK9_DANRE	mrps18c		24844.7	26081	36695.3	31708.7	27348.8	27161.8	38820.7	42229.2	28830.2	24254.8	45434.8	49195.8	43470	44539.7	27764.8	15215.5
A4IFX9	A4IFX9_DANRE	zcchc8		22568.2	23838.2	28414.3	13987.1	27824.2	21400	22307.1	17200	20340.7	27778	27588.3	26106.4	20039.7		23103.2	19799.8
A4IG17	A4IG17_DANRE	pnisr																18908.9	26830
A4IG19	A4IG19_DANRE	pygb		125282	121499	134675	133091	121151	116686	139294	138059	102869	102048	129116	132297	139030	136492	110867	102377
A4IG22	A4IG22_DANRE	slc7a4		28758.9	28984.3	25032.2	19500.2	23798.1	29917.3	33648.7	25547.4	119210	32574.6	40236.3	35934.1	26990.8	38687.5	27961.8	30767.3
A4IG41	A4IG41_DANRE	mtif2		7793.33			5650.59	6963.45	6708.45	9313.95	5629.02		8688.96	16181.1	14497.9	7212.02		5967.41	5296.57
A4IG42	TCAF_DANRE	tcaf		46563.1	42633.7	30758.5	31292.6	17618.2	17142.9	29580.5	26479.5	28126.1	22705.8	24922.8	24743.3	23851.3	25095.1	33736.9	33625.1
A4IG47	A4IG47_DANRE	dnajc10			23543.6		22550.2				17380.3		22289.8		17540.3		18645.5	25344.8	
A4IG53	COMTB_DANRE	comtb		130033	127444	125361	119576	135889	138268	158282	153785	130409	125781	161972	157201	181233	179251	137067	124608
A4IG62	SUV3_DANRE	supv3l1		30936.6	22055	33030.9	36786.8	23117.1	26822.8	23452.4	24117.6	26182.4	39135.5	35598.4	32037.2	36246.5	37065.4	31152.7	34197.3
A4IG64	A4IG64_DANRE	exoc8		28295.6	23985.6	25842.8	20796.4	20196.7	20572.8	22878.6	19240.3	21041.5	17672.9	28442.3	27754.9	31456.6	24999.6	22215.7	23690.2
A4IG65	A4IG65_DANRE	klc2		122565	111926	131879	110914	113068	115006	118388	102852	108393	108829	133879	130145	159435	130932	103211	108489
A4IG66	TM201_DANRE	tmem201																12329.5	
A4IG84	A4IG84_DANRE	cldc1		9076.3	9709.86		10099.8	8724.03		9017.81					9433.63	7566.06		7613.65	8986.08
A4IG87	A4IG87_DANRE	serpina10a		35106.2	42626.6	40701.4	44277.6	42581	39317.1	32311.1	40885.7	31463.6	39894.8	36593.4	33451.7	35994.3	37014.5	67502.9	65905.4
A4IGC1	A4IGC1_DANRE	nptna		103369	96875.5	93572.2	91072.3	93676.1	93965.3	97504.3	93939.6	125920	105219	88536.1	94917.3	92382.2	93349.4	94770.8	95676.2
A4IGC2	A4IGC2_DANRE	gsnb		6344.15	4986.87													7758.32	
A4IGC3	RIPL2_DANRE	rilpl2		25504.9	25615.9	25003.9	25298	26754.7	20633.6	18198.6	20782.4	23933.8	27072	18798.6	20749.5	20487.5	22202.3	30833.9	22556.4
A4IGF3	ATP23_DANRE	atp23		36712.3	31641.5	23350	21309	31232.4	30862	26698.4	31031.9	38141	29151.3	31111.9	27152	31926.9	33257.8	28510.7	25469.1
A4IGG5	A4IGG5_DANRE	zgc:162999		47196.6	56529.8	58782.8	55788.2	45197	51524	45860.3	56338.7	26284.3	60711.6	42029	54651.9	32359.7	46548.9	55956.8	60117.2
A4IGG9;Q7SXR2	A4IGG9_DANRE;Q7SXR2_DANRE	dnajb12a;dnajb12b		19984.6	15429.2	12145.9	14131.2	16298.8	18272.7	18756.3	13798.1			15933.1	15552.6	11688.1	12848	11540.8	8775.51
A4IGH4	WDR4_DANRE	wdr4		12595	12163.7	12588.1	12275	12191.5	11184.3	14143.1	14953.2	11967.3	12105.8	11727.1	10593	14040.9	9948.91	12004.8	11529.8
A4IGH8	A4IGH8_DANRE	gga3a		7769.63	7887.65	11904.2	5300.35	8073.51	6284.46	10066.9	6435.7		4184.76	11505.9	8323.12	7485.99	12977.9	7390.79	7046.69
A4JYI9	A4JYI9_DANRE	si:ch211-66e2.3				16578.2	18858.5	11224.5	15078.3				10845.5					30690.1	42688.1
A4JYK9	A4JYK9_DANRE	iglon5		79930	70388.2	59858.1	60553.8	58641.8	62510.8	63336.5	68002.1	71870.1	63438.1	78966.3	77871.9	79555.4	73910.6	63585.3	62095
A4JYM0	A4JYM0_DANRE	si:dkey-222p3.1		19746	19312	9422.47	11744.6	18013.3	18020.2	14037.2	22703.7		10496.3	20455.7	22856.4	16918.5	14620.6	19461.6	22944.6
A4JYP9	A4JYP9_DANRE	wu:fu71h07		69545.5	73677.5	84864.3	88411.7	86193.4	80653.2	73624.2	75923	77948	84566.5	80290.1	84903.4	81912.1	88696.2	81974.9	78820.5
A4JYS5	A4JYS5_DANRE	zgc:165604		27774.7	28044.2	33399.5	41940.6	27393.3	31048.5	32795.8	32558.7	88140.2	38412.4	34532.1	34989.8	41580.2	32664.9	30829.8	34699.2
A4QN62	A4QN62_DANRE	gxylt2		17705.9	16311.3	11285.9	14044.1	12731.9	13003.8	11534.8	10270.6		14830	15313.9	9964.13	14039.5	17334.1	12637.8	11723
A4QNR8	LENG8_DANRE	leng8			32831.6	52852.7	48556		38364.6		42065.8	34519.1	4757.11			6842.21	8099.73		50552.5
A4QNW7	PHIPL_DANRE	phyhipl		8162.96	12266.7	9183.07	9720.57		10366.2		10934		14900.5	16653	10724.6	19267	9889.01	25327.3	44855.3
A4QNX2	S247B_DANRE	slc25a47b		8622.64	7455.89	7772.45	6779.25	5258.97	7238.53	3382.44	2618.82	9442.82	6629.38	7013.03	5098.5	4952.08	5049.89		
A4QNZ7	P33MX_DANRE	p33monox		67139.8	69161.6	62795	68763.9	61902.6	65874.4	61207.8	55787.1	78910.7	76880.6	69517	68963.4	79637.9	72956.4	65119	62825.1
A4QP04	A4QP04_DANRE	mpst		228074	212819	227846	231296	226642	238202	217339	228561	220485	249209	216512	217829	205247	222552	230614	223948
A4QP06	A4QP06_DANRE	prpf3		38001.5	37087	43007.7	43623.6	38700.2	37888.3	39594.7	40076.3	31505.8	36349	42126.4	43039	43808	44117.1	39054.9	38328.7
A4QP32	A4QP32_DANRE	mfge8a		42736.1	47150.1	44437.4	52668.4	35230.6	39878.4	57335.7	56100.6	26355.2	33832.1	43555.1	49709.8	43218.7	39200.4	35558.3	36166.1
A4QP33	A4QP33_DANRE	ppp2r5cb		62544.9	63544.5	62394.1	56405.7	59170.8	56429	59393.2	55325.7	79040.1	60118.6	73343	63885.1	70017.6	63320.1	67818.6	50103.9
A4QP67	A4QP67_DANRE	hnrnpd		169686	191519	165647	178191	176825	206348	179890	203255	184280	220617	178528	176615	190630	200362	249747	297392
A4QP73	TTC19_DANRE	ttc19		38372.9	42604.8	29485.3	31740.7	32343.3	29335.7	30039.9	32474	30824.9	35228.1	31501.7	32560.3	34816.7	37115.3	26243.8	26680.1
A4QP76	A4QP76_DANRE	ppp1r14d		9238.01	8768.59	8836.58	7446.82	9242.78	8673.72	9367.8	9023.2	9934.19	6117.71	8658.51	5637.66	10487.8	9477.3	8292.81	5991.9
A4QP86	A4QP86_DANRE	bbs1		181642	179213	173692	181553	216410	222512	226839	227518	218712	216332	205495	204605	223052	224007	197815	185955
A4QP88	A4QP88_DANRE	khsrp		143295	145936	147007	149135	133929	139804	142864	149560	126103	163641	155527	149064	166522	159345	187468	213847
A4QPA0	A4QPA0_DANRE	me3		161686	163648	163252	162900	115261	117082	138727	141347	107509	123629	121722	115261	120751	114623	144365	156755
A4UQV6	A4UQV6_DANRE	slc8a4a		134806	138361	119168	112887	130255	129670	138548	139692	160435	132180	141134	123400	147040	137966	107887	130716
A4VAK4	A4VAK4_DANRE	hspb1		751413	734157	1.32752e+06	1.4286e+06	720736	764201	743412	764065	657519	642791	732277	755986	682995	670184	1.07861e+06	1.1337e+06
A4VCF2	A4VCF2_DANRE	nrbp1		63690.5	60855.1	50162.3	48160.2	47561.2	49177.3	55242.4	48920.6	41210.8	43799.3	53581.6	50559.8	69668.2	67019	44770.6	42431.9
A4VCG2	A4VCG2_DANRE	crabp2b			16070.8	15872	16919.1	12256.9	14125.3		11013.2		21026.7					38743.4	50871.5
A4VCH0	SAC1A_DANRE	sacm1la		82131.7	87419.1	80672.6	81186.3	73658.9	76593.9	75430.8	88982.9	76464.4	89086.6	73882.8	76115.1	63032.4	70809.1	87549.1	82956.4
A4VCH4	VP35L_DANRE	vps35l		20093.2	23090.1	15883.3	22038.6	28707.4	22290.4	22872.3	17481.8	14580.1	18598.8	24500	22520.2	22093.5	25228.1	17370.8	18909.3
A5A4L9	A5A4L9_DANRE	supt16h		57461.8	57712.7	63968.5	62955.4	59625	62213	64285.9	67388.3	47730.1	61185.5	58228.4	58976.7	56181.2	53023.5	61839.5	58157.7
A5A5E1	A5A5E1_DANRE	cyfip2		80991.5	79133	71201.4	76151.7	76335.3	77307.9	78627.5	81187.1	83129.2	76552.6	76188	82554.8	85977.7	86811.3	77494.3	69294.7
A5D6R3	PLD3A_DANRE	plcd3a		12467.2	12340.7	11599.2	10622.9	13090.8	12282	9981.75	15018	18290.4	12825.2	22703.4	15391.5	16928.7	15810.6	10124.5	12894.9
A5D6S0	A5D6S0_DANRE	sin3aa					17359.3	17322	20763	17536.2	25072.2		23630.5	16572.2	10445.6	16585.1		22159	
A5D6S3	A5D6S3_DANRE	mmut		194469	190635	156281	159705	210106	203779	193578	186486	213309	217241	189585	187984	204052	203693	237192	251770
A5D6S6	A5D6S6_DANRE	polr2l		45916.6	39247.3	53899.3	51271.7	55324	45420.5	55810.1	50086.5	39405.5	32859.7	41929.9	48121.9	52165.1	53304.2	38406.4	57602
A5D6T0	A5D6T0_DANRE	vps16		29448.8	28028.8	30159.4	31655.8	40767.1	34409.3	30048.6	30292.2	53806.4	43904.3	36032.4	32721.7	37744	37081.1	38003.8	55000.8
A5D6U4	A5D6U4_DANRE	golim4a		30984.4	32739.1	34306.8	35133.3	33985.5	29713.6	27625	24892	43757.3	21260.2	38136.3	40722.8	34421.7	39772.2	33345	32006.4
A5D8S8	HEXI1_DANRE	hexim1		12983.1	13229.4	19157.7	18622.9	15330.8	22310.9	13488.1	21885	26476.5	31676.5		19397.5			35721.8	29566.8
A5HAK0	RNSL3_DANRE	rnasel3		13066.2	10629.2	8304.98	13217.2	13041.5	9766.17	10444.4	12704.2			17524.9	17390.3	9633.08	15713.3	15555.6	12293.2
A5HAK1	A5HAK1_DANRE	rnasel2		17302.2	19294.2	24345.1	21093.8	16614	12917.9	17388.1	19306.1		13344.3	15487.1	13076.5	9437.05	11861.3	28188.1	25559.2
A5PF33	A5PF33_DANRE	tbl1xr1a		54237.4	54830.7	58953.8	58579.8	61677.2	60464.1	59818.4	61235.4	61345.4	60907.7	60205.2	62978	60854.2	60617.9	61866.6	63837.3
A5PF58	A5PF58_DANRE	ppp1r8a		12177.2	11384.9	11890.7	12008.3	16762.5	11373.8	13340.7	15430.1		8857.36	15857.8	11987	14410.7	18196.5	10158.9	7196.03
A5PF61	LEG1A_DANRE	leg1a		74618.1	72148.6	54267.8	51082.7	32799.9	31356.7	37635.1	40134.1	32826.1	40854.2	53397.2	54672	47652.5	49227.2	57451.1	58427.7
A5PKS5	A5PKS5_DANRE	pts		29229.2	33533.6	58662.3	52564.5	31919.6	34096.1	40454.7	42690.8	31434.8	40654.3	19300.2	19049.8	33035	33560.9	48915.9	48918.3
A5PL48	A5PL48_DANRE	ppwd1		27469.8	24156.5	30677.3	20830.5	26150.6	22930.7	25037.4	27730.7	24291.6	23467.3	29896	27980.8	28964.2	29942.3	24414.4	21917.2
A5PL98	SDHB_DANRE	sdhb		458497	494348	504765	487002	508330	525630	469518	493911	495608	549164	449159	440902	472140	454867	522802	512888
A5PLA1	A5PLA1_DANRE	rab39ba		13212.8	12244.9	16497.6	11250	12768.2	14974.7	9143.8	25598.4	16186	20943	12933.2	14529.1	7459.03	9853.71	31743.5	37126
A5PLC1	A5PLC1_DANRE	poglut3		13186.1	13045.8	13358.7	12913.3	11045.2	12161.7	8849.71	8608.89	12044	8191.11	12532.8	13148.8	10375.6	12736.6	13122.6	12553.5
A5PLC4	A5PLC4_DANRE	tdh2		56240.6	58207.4	40402.1	41044	38243	45619.4	42303.3	34070.8	53945.4	37660.7	44461	46008	51033.2	51837.9	32430.2	28760.7
A5PLC6	A5PLC6_DANRE	bag1		109059	115191	111276	110771	115526	109738	114814	114099	116668	103369	115128	121920	125275	126856	104496	112099
A5PLC7	A5PLC7_DANRE	rab8b		34208.2	36383.1	51120.7	51009	35437.7	41202.9	42883.5	42462.1	54139.7	33442.9	40779.4	40646.8	47971.1	45637.9	40139.9	36488.5
A5PLC8	PTMAB_DANRE	ptmab		617412	683249	794150	837005	813464	834117	784204	775938	598269	696759	767454	828972	747497	718942	892730	909903
A5PLD2	A5PLD2_DANRE	slc38a3a		130339	122984	115088	107799	116815	118661	110331	103963	147852	146258	134058	133440	120117	120635	122093	130672
A5PLF9	A5PLF9_DANRE	mrps22		25736.2	26762.6	32728	30885.9	26499	31605.2	35374.5	32805.9	35963.9	31816.1	38375.6	36371	41357.5	37104.9	33629	29557.4
A5PLG0	LYRM7_DANRE	LYRM7		35120.1	30690.2	21614.2	21984.6	28258.4	22895.9	25265.3	19606.9	37994.2	25190.4	27541.9	30503.6	30172.3	27148.8	15607.1	22722.3
A5PLH1	A5PLH1_DANRE	dap3		9402.43	12672.3	17362.1	17385.2	15178.1	11853.8	19458.3	18561.7	5582.66	10073	17764.8	17043.6	25157.4	20977.2	12484	11033.1
A5PLI6	A5PLI6_DANRE	coq9		206484	205280	187530	190615	167486	164033	193757	202240	203067	166570	147749	166056	169837	182419	191139	193192
A5PLJ7	A5PLJ7_DANRE	oxsr1a		84115.2	85644.1	98102.6	95090.9	88468.6	90983.7	84759.8	81466.2	105165	123684	77018.4	76436.4	64697.4	65947.1	103579	116701
A5PLK2	LHPP_DANRE	lhpp		24541.5	25494.5	25614.2	25306.5	26329.5	24295	27240.8	23042.5	24168.1	19828.8	45554.4	47243.3	25506	22135.4	20682.3	23697.5
A5PM68	A5PM68_DANRE	ptbp2b		20275.9	19300.7	23968.9	24819.7	24125.7	23222.4	24602	24203.5	17738.8	23653.5	18291.6	20961.4	21935.5	24837.9	23498.2	26412.9
A5PMC4	A5PMC4_DANRE	lman2		61495.3	60798.8	61189.7	51052.5	54968.6	63953.7	70242.7	66581.5	44549.3	59366.3	56491.1	40222.7	53653.3	52733.5	78777.4	93053.8
A5PMF1	A5PMF1_DANRE	ak5		10487.8	8004.58	15472.3	12740.2	18714.4	16932.8	15714.2	11465.4	21206.4	19546.5				3252.4	13627	22445.6
A5PMF7	NXNL1_DANRE	nxnl1		44942.3	38845.9		40483.8	44015.6	43401.5	53131.4	54910.7			42561.4	51521	58401.3	61512.3		
A5PMF8	A5PMF8_DANRE	si:ch211-114l13.9				8841.91	11732	24864.9	26767.2	7981.64	11936.4		9490.15	17532.7	18894.7	44114.5	45008.3	8220.21	
A5PMG8	A5PMG8_DANRE	sort1b		9840.71	6614.14	5115.43	7200.75	7739.62	9289.74	6452.48	7695.9		7137.84	10576.6	10102.9	7025.96	7638.15	9000.87	7076.7
A5PMI3	A5PMI3_DANRE	nsun2		12698.8	14896.7	14839	12415.8	17106.8	15674.5	17007.5	15160	19461.4	20257.1	16544.8	16728	11999.5	11932.9	19019.4	18318.9
A5PMJ7	A5PMJ7_DANRE	stx12		19904.7	23177.1	27912.7	26068.9	27570.3	22798.8	23990.7	27611.6	31712.7	30634.2	27229.2	31628.7	23492.8	29709.4	30805.5	37065.7
A5PMU4	ANS1B_DANRE	anks1b		30400.8	33043.3	35570.7	37066.4	32264.1	33235.6	29827.3	35347.8	27992.7	43374	25562.7	29216	27777.6	27637.4	41465.5	42402.1
A5PMV7	A5PMV7_DANRE	ppp2r1ba		586378	605568	546919	554660	522485	533360	536118	552579	553842	561187	542253	544934	591954	574479	579406	604371
A5PMY1	A5PMY1_DANRE	rims3		14407.1	11566.3	12097.3	12946.6	13789.5	4469.36	11034.2	14125.2	17851	15213.3	16739.9	13328.1	17397.8	17301.6	11473	6948.07
A5PMY5	A5PMY5_DANRE	stam		91984.4	106120	108995	101510	104926	108656	105933	116071	128747	123153	119652	115119	110236	102605	111318	130103
A5PMY8	A5PMY8_DANRE	clul1		14221.4	11298.1	9424.13	10378.4	14079.8	15151.7	13814.4	10802.8		14068.6	13368.6	12990.7	12903.2	10916.1	9243.33	9432.21
A5PMZ3	A5PMZ3_DANRE	scinlb		188219	190224	115230	122480	114856	113662	127228	123831	128483	118712	116452	119745	108789	104660	246891	246676
A5PN22	A5PN22_DANRE	wdr44		40137.6	23777.4	50950.4	45277.4	54582.3	40202	36742.3	37082.6	61572.2	47714.2	47976.1	56729.2	40432.6	47239.4	32165.6	43593
A5PN39	A5PN39_DANRE	cryz		65440.1	66647.7	74722.4	77622.6	77702.2	83277.1	69344.2	66588.8	54661.4	85826.7	67556.5	63245.9	74124.9	72543.1	95994.1	104795
A5PN43	TM175_DANRE	tmem175				3198.96	2496.58			2168.32									3890.7
A5PN55	A5PN55_DANRE	me2		231276	233580	211292	229105	257588	268800	274629	279185	304846	352717	214551	211772	221980	239168	286314	330929
A5PN62	A5PN62_DANRE	ddah2		53807.5	58682.9	67184.2	68572.8	62600.3	75287.5	54385.8	57616.6	97741.3	98447.6	67045.9	66732.6	46559.1	53447.8	99341.7	130632
A5WUL3	MED22_DANRE	med22		49203.1	49113.3	39730.8	35624.8	46810.8		63063	39383.7		53092					42976.3	
A5WUM0	A5WUM0_DANRE	prkaa1		44538.8	44171.4	41843.4	46737.6	40748.7	42133.6	37946	38970.6	35264	40456	39939.4	43406.2	40708.9	42014	44260.3	39422.4
A5WUM7	A5WUM7_DANRE	dhrs11a		29860.7	29551	26123.6	23605.5	27237.9	26612.6	33852.3	30490.6	26669.7	28172.5	30419.3	27386.6	27606.6	25810.8	25485.3	21593.3
A5WUN7	CAM1B_DANRE	camsap1b		63056	63840.8	55266.6	58382.2	28217.2	29451	34146.6	32730	43348.8	40926.1	35870.6	37359.2	44294.4	42917.6	36588.8	45706.6
A5WUN8	A5WUN8_DANRE	plppr5a		11463.6	8888.47	6671.69	6128.17	14713.8	14188.3	14965.6	15598.7	11030.8	15744	10628	10760.8	11512.4	10810	9694.59	10960.7
A5WUY2	A5WUY2_DANRE	dguok		54690.6	56971.7	45578.5	41434.9	47339.4	55503.6	48172.4	40563.1	42616.9	52744.1	41266.2	38933	58377.6	55345.3	53192.8	41504
A5WUY4	A5WUY4_DANRE	smarca1		22874	16164.2	26836	25149.4	17918	18841	19528.4	21823.8		17392	23541.9	25122.1	29688.3	22112.3	23049	18397.3
A5WVN8	A5WVN8_DANRE	si:dkey-238o13.4		220386	209698	184207	188019	163872	191866	164908	168342	303696	267287	180111	177108	187615	204987	240937	265804
A5WVU0	A5WVU0_DANRE	tbl1xr1b		15922.1	12862.8	11474.8	13737.9	14748.5	15596.4	12628.5	13048.6	29116.4	20942.3	15159.1	21844.9	15152.8	16776.7	16621.4	16026.9
A5WVX0	ITPA_DANRE	itpa		51289.8	42142.2	30503	32872.7	30733.3	31230.4	26776.2	23374.6	20716.5	25121.9	33003.7	31472.5	28533.6	25100.5	26437.5	22004
A5WVX8	A5WVX8_DANRE	metap2a		14316.5	10495.9		6247.82	11957.3	10772.1	12563.2	9236.47		8568.5	16572.8	14140.2	15199.5	14446.7	9297.61	5581.45
A5WW21	RASEF_DANRE	rasef															5345.92		
A5WW31	A5WW31_DANRE	s100u		35233.3	29341.6	20344.8	25891.3	24083	24005.7	29140.9	22801.9	22075.9	18295.3	18176.7	22251.7	21877.4	22145.8	34299.1	35375
A5WWB0	UBP46_DANRE	usp46				12877.2	11544.7		11639.4				4346.09		9440.59	11206.4		15001	18782.2
A5WWC6	HSDL1_DANRE	hsdl1		45707.4	41119.9	31351.6	28354.7	36864.1	30969.4	38110		45585.8	50013.3	37812.3	36484.2	37679.9	38276.6	49056.4	49136.5
A5WWI5	A5WWI5_DANRE	ahsg2		237099	222516	160017	147736	97555	91049.2	102622	96809.9	143237	109964	171496	152436	171297	155675	138932	135783
A5WWJ4	A5WWJ4_DANRE	matn1		203519	226137													492790	536324
A6H8Q3	A6H8Q3_DANRE	mybphb																41713	44888.9
A6NA21	A6NA21_DANRE	cavin1b		43728.9	36971.8	28376.1	25797.9	37290.3	35169.9	25157.3	17551	28729.4	24824	41363.8	43237.8	33240.4	31243.4	47715.8	54401.9
A7BJ43	A7BJ43_DANRE	mapkapk2b		44698.2	46896.2	25748	32800.8	30654.4	31678.3	45476.7	44574	28869.8	39582.2	58220.8	62347.1	60881.8	62765.5	27852.9	27168.6
A7E288	A7E288_DANRE	syngr3b		30317	29407.9	22764.7	26956.9	17962.2	33585.6	30933.9	30297.6	18986.9	42741.6	34247.2	27892.1	47282.4	34351.2	34013.7	34165.6
A7E2K4	A7E2K4_DANRE	rplp2l		73359.7	73145.5	77577.5	74201.5	85241.9	87231.5	60672.2	66192.8	70428.4	61659.8	62163.9	62678.9	58398.8	50421.6	83779.3	98625
A7E2L8	A7E2L8_DANRE	lsm5				10039.2	6179.95	9794.79	11907	8607.39	13583	10841.5	21146.7	7377.55	2922.21			8417.09	9386.21
A7E2M3	EMC10_DANRE	emc10		29186.2	28139.1	29335.6	24454.9	31407.3	28762.5	30152	26646.5	39737.5	31542.1	28646.3	25160.5	30427.2	29001.8	31243.4	35561.5
A7E2Q2	A7E2Q2_DANRE	ambp		30534.4	30545.7	35450.3	34300.7	38221.3	37058.8	31536.6	28522.4	32727.7	33122.3	36666.1	35664.7	30748.8	31609.9	32318.3	30034.3
A7LCJ6	A7LCJ6_DANRE	pum2		17902.9	17458.2	17866.6	16207.1	13693	14979.9	13737.6	17561.1	19640.5	15745	16491.6	13188.2	14341.2	17213.4	18040.5	
A7MBL8	PKN2_DANRE	pkn2		9584.98	11040.6	10413.9	14699	8777.64	9490.81	6683.93	8485.08	7660.35	7838.21	12935.3	13362.2	12874.6	13107	7860.8	8607.05
A7MBU4	A7MBU4_DANRE	rmdn1		35357	32471.3	27840.2	28876.3	31185.8	27494.2	27318.6	26887.4	35198.4	33415.7	35248.5	31853.1	33855.4	32241	30612.4	29268.7
A7MBU9	A7MBU9_DANRE	cmbl		87120.6	76610.9	81592.5	90952.3	107588	85270.8	99238.8	88875.3	97065.2	85293.5	97619.8	94420	111525	111415	83279.9	78088.2
A7MBX1	A7MBX1_DANRE	capns1b		120249	122166	116342	111446	113225	116237	126123	121124	103411	99560.2	113442	110153	111296	105141	140760	154019
A7MBY0	A7MBY0_DANRE	nt5dc1		38508.4	35849.7	28472.4	25456.7	33737.7	31018.4	28308.7	31940.9	37112.8	38109.1	40887.4	43321.9	37260.7	32319.2	33519.5	38052.2
A7MBY2	A7MBY2_DANRE	alyref		373637	368569	319122	320204	337318	325242	428958	418506	382169	376944	351123	350044	378330	364644	346350	312842
A7MC00	A7MC00_DANRE	mapre2		50566.2	50220.3	47609.3	47457.5	47662.1	48051.4	50799.7	48705	50662.8	42904	43346.2	41749.8	45063.6	46861.5	46666	52236.4
A7MCL7	A7MCL7_DANRE	cst14a.2		463479	457410	449199	448406	572433	558660	557833	522395	546901	501533	497468	485497	471596	471354	505557	538373
A7MCR1	A7MCR1_DANRE	uqcrfs1		97088.4	100061	73870.2	69238	82546.1	82666.8	88171.3	89002.5	95169.8	88429.5	84495.1	79907.8	74935.4	71568.5	74404.7	76460.2
A7MD59	A7MD59_DANRE	hmox2a		33256.4	31292.4	25893.1	21356.2	30584.2	22500.3	28809.7	29694.9	26083.2	23735.3	23594.1	22399.1	33150.8	31353.9	26523.1	25757.5
A7MD61	A7MD61_DANRE	si:dkey-260j18.2		7867.96		8898.01	9918.37	9007.25	7567.07	8229.27	7517.42	6824.65			8819.8		7032.94	10704.8	10921.7
A7MD67	A7MD67_DANRE	coro1b		115330	117437	129775	124725	131345	128046	139566	139273	138778	125939	124910	114847	123081	122689	106014	114408
A7YE96	IT70A_DANRE	ift70a		9685.9	7703.67	10102.7	9845.51	7125.37	6706.02	9093.53	8753.91	15322.4	8637.63	9980.3	12665.7	10314.4	9131.25	9874.99	6780.34
A7YT47	A7YT47_DANRE	hadhaa		61496.7	62337.4	64270.4	64723.4	58033	54509.3	62256.8	65148.9	54777.3	58395.4	52895.9	53939.2	60125.2	60000.6	63212	66077.6
A7YT51	A7YT51_DANRE	sf3b2		88053.6	87333	91007.9	92639.3	93119.1	84946.1	92231.4	93790.7	107518	99364.8	106339	92516.9	99804.8	107854	94801.8	100763
A7YT77	A7YT77_DANRE	qdpra		71197.4	81344.5	87270.6	83174.5	94643.9	96582.8	91412.4	99024.6	75979.3	101972	81328.5	98667.2	58897.6	61825	131151	138634
A7YT82	NMT2_DANRE	nmt2		110700	108594	106426	103799	98456.4	97082.1	102649	102818	70871.5	91813.2	107577	105004	116928	103802	90041.2	89723.8
A7YY99	A7YY99_DANRE	atp5mea		304385	314642	330575	359737	285074	286899	284035	283668	361548	460204	194601	209659	215384	223088	392168	488887
A7YYE9	A7YYE9_DANRE	srp68		34112.2	43431.3	50365.5	62522	54820.7	67505.7	55026.4	61605.9	56290	60951.9	45128.1	51163.3	22913.9	24512.7	63404.7	68278.4
A8CYR1	A8CYR1_DANRE	brd2a		16224.3	17813.3	22339.9	21391.7	19731.3	18704.6	18323.3	19693.4	21522.1	17862.9	21176.6	22491.2	21518.2	22399	22117.8	22070.4
A8DZA0	A8DZA0_DANRE	rbm25b		37694.3	33422.8	38780	35637.7	34467.1	30907.9	36237.4	34773.7	36758.4	29410.2	39258.8	35694.6	41777.3	38835.3	33313.9	31049
A8DZH1	A8DZH1_DANRE	fxyd3		23739.3	21877.9	22638	22981.2	21740.4	25045.2	23360.5	24952.4		27654.3	18194.6	22944.2	11251.5	16996.5	35827	41534.1
A8E4Z0	A8E4Z0_DANRE	fars2		36037	34411.3	39319.1	39638.9	33200.8	30720.7	32834	32777.1	45010.5	38591.8	33641.1	31340.2	42089.7	38215.9	28663.2	31529.8
A8E5B7	A8E5B7_DANRE	ndufb5		389409	383231	320394	315894	312938	308972	292738	285186	388587	458839	293553	280720	449048	454725	245416	263851
A8E5C6	A8E5C6_DANRE	tmem199		21423.9	21989.3	22322.8	23501.7	26329.8	18217.2	25633.2	25421.9	21568.7	20853.9	25784	29984	30507.4	29247	25934.1	27274
A8E5J9	A8E5J9_DANRE	ckmt2b		3.60372e+06	3.67735e+06	3.7526e+06	3.79972e+06	3.7185e+06	3.95111e+06	3.1225e+06	3.23185e+06	4.02707e+06	3.73537e+06	3.51604e+06	3.3176e+06	3.49043e+06	3.45233e+06	3.43326e+06	3.84079e+06
A8E5K6	A8E5K6_DANRE	cnot8		24953.7	20855.1	23540.4	21395.8	20047	18597.3	21158.6	22351.1	13598.2	16016.8	19156.6	30530.6	33325.7	27606.6	17792.6	14887.8
A8E5L0	A8E5L0_DANRE	ckmb		57542.9	58771.7	37254.8	28023.1	37571.1	39566.9	9801.35	16714.2	35397.5	36447.9	50710.6	54660.3	30926.2	30433.2	191605	201364
A8E5P4	A8E5P4_DANRE	zgc:174895		10575.2	7102.59	20004.6	22337.1	30826.9	33759.7	32441.8	46877.5	36288.1	54310.7	17909.6	16962.8	18776.3	16087.8	57324.5	64976.2
A8E7C5	SAC2_DANRE	inpp5f		45262.7	36932.7	39044.1	34476.6	34030.5	34712.4	42008.3	40116.8	48235	38220.9	42206.3	39514.6	44428.3	46617.4	40960.6	36142.6
A8E7D3	COX14_DANRE	si:dkey-222f2.8		8038.63				12328.6				22277.8	18167.5					15771.2	
A8E7G5	SFXN4_DANRE	sfxn4		29929	31445.2	37827	38320.3	42461.2	42648.3	38469	43586.1	74793.7	61418.3	43350.8	35681.3	43157.2	41692.5	32707.5	31890.2
A8E7N5	A8E7N5_DANRE	vps45		50194.1	47151.4	40748.9	44440.5	39281.4	40190.2	50953.9	43250	52437.3	48150.5	49827.7	45527.4	47701.9	50037	40999.9	32579.4
A8E7N8	A8E7N8_DANRE	psmb4		119595	106630	124789	111104	112855	116602	103708	112019	130826	122093	124825	123190	121309	110718	122781	113544
A8E7S3	A8E7S3_DANRE	sdr16c5a		11919.6	12592.6	11406.9	9461.31	10370	10576	9930.25	13697.2	14485.5	13437.7	13324.9	9882.83	12208.9	13188.1	11676.6	8233.4
A8E7S8	A8E7S8_DANRE	morf4l1		53264.6	59676.7	53970.1	54493.9	52756.2	51414.4	60159.5	61124.1	52646.3	46214.2	66305.1	66110	73092.7	72039.4	54332.2	47346.1
A8HAJ8	A8HAJ8_DANRE	c8b		35714.7	31617.5	36913.5	40624.7	25371.1	27933.7	29037	27278	30054.7	25346.4	34771.6	32957.2	28774.2	26730.3	38431.1	46098.6
A8HAL3	A8HAL3_DANRE	plekhg7		48395.5	50534.3	51886.9	47592.1	47420.9	42832.3	50833.9	49850.5	45454.1	47761.8	51347	55529.3	50998.8	46033.8	48771.5	45578.3
A8KB34	ACY2_DANRE	aspa		8650.46	4861.63	8915.14	4877.13	10581.7	8202.32	7332.48	8173.73	11987.9	6993.04	7566.61	7609.91	13846.5	9327.59	8170.49	6235.88
A8KB36	A8KB36_DANRE	prune2		66617.3	66980.9	64953.5	67314.2	61468.4	63972.7	60035.8	57792.8	88304.4	82647.4	74548.5	77940.2	65018.3	56386.5	65273	59582.2
A8KB57	A8KB57_DANRE	rpz5		138925	126554	113140	120328	110400	108456	126096	113959	100585	100110	150479	148386	144349	142814	106389	103113
A8KB78	A8KB78_DANRE	rps23		28865.2	33994	38682.6	39772.1	32140.2	30155.5	44259.6	38730.3	79536.8	42037.2	53835.1	52566.5	48682.2	41785.1	44274.5	43915.2
A8KB87	COA3_DANRE	coa3a		87100.1	71935.2	96965.5	98868.4	94064.4	95731.5	100765	91892.2	109334	111113	88617.6	86711.7	106501	106974	64706.7	60334.5
A8KBA0	A8KBA0_DANRE	vat1l		22900.7	21573.4	19317	16528.4	18279.3	19136.4	19452.3	18435.7	25490	26755.1	14038.5	31777.8	16105.9	18625.7	17046.4	15168.9
A8KBJ9	A8KBJ9_DANRE	fbxo6.3		20614.2	25692.1	26473.2	37914.3	19033.9	33265.2	14201.3	22502.6	17186.7	37474	8130.4	13249.7	8822.55	10858.9	52481.9	44543
A8KBR8	A8KBR8_DANRE	gstm.2		101205	104989	107708	104450	88592.2	85470.3	94523.4	102057	51365.3	43003.6	103843	106180			108164	105287
A8KBX3	A8KBX3_DANRE	fn3krp		50388.5	43693.3	49198.5	48562.3	48977	48407.1	52331.6	52825	34391.4	45303.2	56064.4	59280.7	59548.8	63859.7	39778.6	36000.4
A8KBY8	A8KBY8_DANRE	anxa6		71623.7	74114.8	74440.1	68673.5	38121.7	36665.8	39656.2	38387.6	62718.5	63135.6	85974.7	82735.3	88341.7	87269.4	65353.7	66762.3
A8KC22	A8KC22_DANRE	hnrnpl2		234974	245334	274918	278702	266880	295375	278988	298076	255441	312876	233317	231246	250444	240334	335757	349133
A8KC60	A8KC60_DANRE	tars1		70950.6	71365.6	74569.4	72401.1	83245.7	86449.9	74583.5	78195.5	95901.1	84200.9	77510.9	73902	75473.9	74774.1	87544.2	94704.2
A8WFR0	LAMP5_DANRE	lamp5		41673.6	37433	39943.7	37960.2	43249.2	36102.9	37113.6	35501.8	59205.3	49963.1	30438.9	37953.9	35584.7	24888.5	36391.5	44661.1
A8WFS1	A8WFS1_DANRE	eftud2		115550	112709	106117	103068	110755	105499	119895	113923	107637	110108	125167	118007	123417	124777	107114	110926
A8WFT4	A8WFT4_DANRE	scly		136220	129974	92461.7	95638.7	110422	110954	125987	122298	117002	118535	132968	133027	145672	150698	119670	119187
A8WFT8	A8WFT8_DANRE	rapgef4b		21781.6	20710.7	11218.9	12422.7	9952.77	8685.34	13280.7	8979.14	7865.55	6691.06	12966.9	15570.2	25455.9	29293.4	12962.2	9671.38
A8WFU6	A8WFU6_DANRE	serpinh1a		53420.4	51488.7	50797.8	57248.3	47060.4	44368.8	50195.6	51122.7	37768.2	38756	50194.9	50735.6	53194.4	48289.7	49855.1	49419.4
A8WFV1	A8WFV1_DANRE	trap1		95804.9	99637.8	77304.8	83468.9	85371.7	82393.8	81143.4	86166.8	91910.8	97325.7	87072.4	85021	93347.2	95280.7	86257.9	107191
A8WFY2	A8WFY2_DANRE	lrrc47		40644.6	39488.6	44110.6	44809.7	39017.5	38840.5	37052.2	37723.9	33603	39101.7	38018.9	35380.7	44424.6	44702.8	41480.9	39212.2
A8WFZ2	A8WFZ2_DANRE	nup62l		29144.6	28953.8	33663.4	32137.4	32707.1	34729.9	30581.4	29479.2	38646.1	31373.1	29036.7	33727.8	37601.1	31382.1	35070	36199.7
A8WG75	A8WG75_DANRE	pdia5		37832.4	38477.6	40433.1	43786	36310.4	38761.3	36510.5	38037.4	37441.4	36219.5	40187.5	35490.8	33579.1	33437.4	36023.5	38446.9
A8WG92	A8WG92_DANRE	acp6		43543.5	43975.9	31790.1	34455.2	41919.1	34192.3	37598	37348.9	46557.5	44997.9	38234.4	43492.3	46040.5	49632.3	34697.3	30023.9
A8WGA6	A8WGA6_DANRE	tnnt3b		19929.8				13923.8	13389.2									46157.8	50765.9
A8WGC1	A8WGC1_DANRE	ugt2b6		58451.4	64849.1	79453	86104.4	90366.3	95894.6	83602	99160	75071.1	67884	58052.9	55577.7	68510.9	65045.4	83393.7	97227.8
A8WGC6	A8WGC6_DANRE	atp5f1b		5.9109e+06	6.09816e+06	5.76787e+06	6.0503e+06	5.83161e+06	6.23693e+06	5.49608e+06	5.50144e+06	7.71787e+06	8.03569e+06	5.38523e+06	5.29009e+06	5.50091e+06	5.55387e+06	7.17268e+06	8.69798e+06
A8WGP7	A8WGP7_DANRE	ugdh		15824	10659.4	12819.1	9467.31	8467.37	11222.3	12383.2	9716.22	6891.13	6872.15	11411.9	14818.2	21736.7	18071	12134.1	10241.5
A8WGS0	A8WGS0_DANRE	cyb5a		32110.5	36417.1	46277.2	52829.5	45042.4	54201.8	40187.6	44943.5	44670.2	47646.5	33964	32468.1	32684.9	32098.9	80012.7	86935.9
A8WHN3	A8WHN3_DANRE	timm17b		13898.2	14994.7	14018.9	13497.7	18281	15582.4	17125.9	14690.9	14536.7	21379.7	9216.35		11313.4	12643.2	11433.8	11756.5
A8WHR3	YJU2_DANRE	yju2		35800.1	25042.8	20183.2		29193.8	34199.8	27998.3			24805.6	29936.4	22504.9	33600.4	33234.6	22967.6	19518.7
A8WHU6	A8WHU6_DANRE	scel		6387.46	7431.4											4354.4		11786	10310.5
A8WHV3	A8WHV3_DANRE	rab3c		86474.5	103722	116599	125070	109543	136260	84384.2	97735.4	155910	180708	106701	113728	86040.6	84992.3	144302	145218
A8WHV7	A8WHV7_DANRE	kgd4		58249.7	66198.4	50017.7	49940.3	63202	70754.7	70349	72823.3	83297.7	71394.4	46954.2	45397.1	72599.7	66429.3	59166.4	56460.7
A8WI00	A8WI00_DANRE	stam2		54330	48285	86801.6	64324.7	44191.3	57066	72077.5	50388.3	73856.2	65367.2	52648.4	86618.1	65397.7	61454.2	76415	77871.5
A8Y5U1	RIMC1_DANRE	rimoc1		13090.6	15108.6	16414.4	16629.5	18625.4	18763.4	15339.3	16347	24400.3	20364.8	11410.9	15276.9	17513.4	14951.4	24710.1	24884.1
A9C3P0	MLEC_DANRE	mlec		38057.4	37753.6	34097.1	30814.1	36482.6	32777.5	39649	35432.2	21057.6	25024	32825.1	34352.4	37758	34593.8	26448.6	24841
A9C3P2	A9C3P2_DANRE	ankrd39		12890.9	12846.7	12113.9	10118.6	14725.8	10709	15309.6	10979.2				18355.2	12276.3	11242	9938.62	9280.48
A9C3R5	A9C3R5_DANRE	ndufaf2		19684.3	17210.7	23271.7	23790.1	21655.3	22204.3	18959.2	19412	37998	20737.7	20063.6	23051.6	17364.3	18248.3	19099.4	15969.4
A9C3S0	A9C3S0_DANRE	si:ch211-198n5.11		20116.9	16212.5	16479.1	19959		34174.3		30095.6							59011.5	66934.1
A9C3T0	A9C3T0_DANRE	prkar2aa		276616	273814	252361	258726	277451	286678	270563	283133	225893	279113	233818	256954	263626	266853	301934	316038
A9JR75	A9JR75_DANRE	ppfia1		40074.1	39601.6	28630.7	27606.4	28363	31903.5	29535.4	26733.4	28642	34035.9	34949.6	33492.9	49942.6	53194.3	29859.2	26815.4
A9JR90	A9JR90_DANRE	abhd16a		35823.9	39990.5	30699.6	38856	34202.2	21469.7	38319.8	39803.3	41928.1	39498.8	45183.4	39874.2	40949.9	38431.4	41388.2	43384
A9JR93	A9JR93_DANRE	rbp1.2		38895	34974.1	31289.4	24598.7	40177.2	38783.6	40432.1	41506.6	22677.5	30947.3	35219.3	35833.9	22293.4	31733.6	34980	30887.3
A9JRB9	A9JRB9_DANRE	phospho2		58018.6	65151.6	43678	45736.1	46767.8	65225	54700.6	62853.6	41817.8	76361.8	44217.8	49078.8	32950.1	31593.9	71742	69872.7
A9JRC7	PP4CB_DANRE	ppp4cb		38062.1	35732.1	37916.6	38767.4	33600.3	31020.8	38913	33170.6	31444.6	41534.6	53623.9	53812.9	53200	52169.4	33642.1	33027.3
A9JRE2	MTNA_DANRE	mri1		102746	104660	119133	119411	113471	118468	118286	118532	132201	123283	95424.2	96840.9	96336	83195.9	133318	136071
A9JRG9	A9JRG9_DANRE	afg3l2		111625	111759	97988	96988.9	91741.7	93279.1	92693.3	89105.5	108444	97852.1	106285	102830	110671	111876	91330.5	91686.2
A9JRS9	A9JRS9_DANRE	ap3m1			57781.3				92328.5		51835.2		14499	29566.6		34086.9	31384.4		29154
A9JRU2	A9JRU2_DANRE	pdp1		30200.5	29770.5	30086.2	32590.5	28292.1	29813.9	23437.4	26915.4	23082.4	32221	31284.1	29598.2	26526.7	23900.3	33080.7	30758.6
A9JRY8	A9JRY8_DANRE	rac3b		64886.6	68912.8	68189.5	69862.5	57164.6	63121.1	57195	72276	65444.2	72147.5	63689.5	66027	54953.8	53031.8	72677.1	75205
A9JRZ0	SMUF2_DANRE	smurf2		11761.6	13795.4	12410.3	8178.62	8327.62	8043.47	8694.94	8481.71	19623	9012.12	13101.8	11043.2	16247.3	10652.4	9137.33	6489.24
A9JSU9	A9JSU9_DANRE	ca4a		138420	138888	198008	215725	115746	125873	69974.9	63688.9	136512	94140.8	102658	97847.4	62076.3	64677.3	198593	244237
A9JSV4	A9JSV4_DANRE	tbc1d13		20266.2	14758.8	17683.5	15281.3	12274.4	16242	23532	17773.5	11933.4	13170.2	16909.7	27735	20752.5	21438.8	15592.1	13137.6
A9JSW0	A9JSW0_DANRE	fkbp2		113535	115408	120824	129774	129661	129036	138741	124806	171702	160190	129074	116698	114676	120392	145578	174583
A9JT16	A9JT16_DANRE	pfdn5		14739.6	15866	17133.5	17317.3	18506.5	16276.4	12409.3	15299.2	24699.7	20558.1	17099.5	17518	13743	11826.5	20175.8	20419.5
A9JT54	A9JT54_DANRE	snx15		19771.3	16982.3	16634.7	15675.3	20893.8	19213.1	21023.5	18684.8	19160.8	21676.9	19800.9	14779.7	17717.6	17771.1	15705.6	17651.1
A9JTC8	A9JTC8_DANRE	gnai3		92951.7	100251	77915.1	75196.3	106560	98678.6	103073	110082	77500.6	98797.9	73942.2	70403.9	62298.6	52049	83643.4	72850.4
A9JTH6	A9JTH6_DANRE	prkd4					14637.2		11943.8		10111.8	19834.4					12913.8	17518.5	14773.9
A9LDD9	A9LDD9_DANRE	shmt2		226690	237085	240367	257671	228269	240504	226547	254256	267866	273971	202423	225261	213506	196988	255827	277577
A9YT50	A9YT50_DANRE	eif2ak2		3265.7	5390.42	4826.53	2492.68	5248.37	3094.94	5891.62	4191.84		3096.24		8383.23	5972.09			5243.9
B0BLX4	B0BLX4_DANRE	fbxo2		290379	319429	336680	328369	312823	323354	298828	288225	322549	306021	332217	298887	266271	265165	406286	389493
B0BLY0	B0BLY0_DANRE	exoc5		15017.1	19304.1	17706.5	19766.6	16352.7	14946.2	9053.91	15675.8		18530.7	13901.2	15673.2	12863.2	12722	21682.7	13511.4
B0EXP6;B0EXP7	B0EXP6_DANRE;B0EXP7_DANRE	tgfbr1a;tgfbr1b		14864.1	14127	18687.3	18253.5	14498.9	15822.8	14785.3	19166.6		16897.9	20587.7	15289.1	9147.69	14178.1	15224.1	16354.4
B0F6R1	B0F6R1_DANRE	cadm1b		197260	200258	212955	202435	194895	183059	209146	212387	179977	193628	252697	240022	210332	201815	195872	196466
B0JYH6	B0JYH6_DANRE	nectin1b		469848	476923	468126	446280	475124	460560	490454	481366	625798	600705	523833	538935	492258	499277	551999	549106
B0JZC0	B0JZC0_DANRE	si:ch73-142c19.1		15980.2	17461.7	17048.2	13694.1	18249	14880	16960.5	15557.4	13952.7	14410.1	16499.5	15423.2	14281.6	17000.8	14232.7	12534.5
B0JZL7	B0JZL7_DANRE	enpp1		24266.9	22124.9	20458.1	20667.5	21229.1	25371.4	18725.1	20340.3	21793.4	23654.1	25577.9	28658.4	24669.5	20309.8	22304.3	21115.3
B0R024	B0R024_DANRE	ap1g2		7714.09			6047.07	6346.74	7199.3	6385.84	6403.91	7807.8	7198.49	7706.94	7516.31	6918.33	9859.25		
B0R034	DOC11_DANRE	dock11		12360.1	11663.2	19070	14074.8	16458.2	15343.7	9670.02	13251.9	24819.3	14299.2	11874.6	14261.2	9325.9	11480.4	17909.2	12759.1
B0R0B1	ZNG1_DANRE	zng1		10422.8	14325	13806.2	13735.7	14404.3	17650.4	11702.6	13151.1	22785.6	18556.9	13551.5	13897.6	20526.1	16514.2	22316.9	16312.4
B0R0D7	COR1C_DANRE	coro1ca		105127	113014	112004	109484	101592	105405	106055	114210	88800.6	99040.1	100485	102563	99605.2	101168	129858	138951
B0R0I6	CHD8_DANRE	chd8		5348.83	10199.2	6645.22		9854.09	6642.49	9504.61	7756.4			12748		11877	11748.2	5940.75	
B0R0L1	B0R0L1_DANRE	rrp8		6305.8		6206.91	9211.43		7222.97	7150.91				7879.77			8101.17	7852.36	
B0R0T1	VWA8_DANRE	vwa8		11580.5	21705.6	11721.6	12754.7	15945.9	12457.7	19754.7	20871.1	21390.8	18262.2	17207.9	20810.8	32407.4	22271.8		
B0R0V8	B0R0V8_DANRE	atp6v1h		361150	345532	299982	291928	328485	322526	343997	336509	476521	475576	363905	363588	339899	331588	318093	311610
B0R159	B0R159_DANRE	bckdk		7837.62	8900.45	7359.98	8442.17	8738.86	7053.04	7454.94	7697.06	12142.9	12302.3	5984.58	7722.16	9893.76	11458.7	17126.2	23776.7
B0R168	B0R168_DANRE	rem2		19189.3	27803	28974.9	22829.9	25627	19667.3	28616.3	26457.2	21897.7	17188.9	21866.3	27540.2	30212.8	25495.4	27665.6	26294.3
B0R1D0	B0R1D0_DANRE	psmc4		208172	203432	189328	195829	196491	192034	207993	194357	209537	196118	228343	230118	226591	225000	210535	208946
B0R1E9	B0R1E9_DANRE	mgst1.2				17036.1	19196.3	21242.2	32896.8		23339.5		48011.1	27658.5	25499.5		26793.5	95171.8	181419
B0S522	B0S522_DANRE	rbm45		46296.9	41967.1	44388.5	45611.6	48560.9	50505.3	46372.9	47132.4	54290.9	55862.5	50379.6	51365.8	51263.2	48627.2	44674.5	48867.9
B0S585	B0S585_DANRE	mapre1a		17433	18209.1	17590.1	15119.9	21874.3	23628.5	16422.6	18063.6	20224	16638.9	24199.8	25214.6	27457.6	21909	16768.2	16967
B0S5B9	B0S5B9_DANRE	sypa		133927	128118	122356	125930	198254	228781	177351	183367	242920	274822	90766.1	75622	115616	112778	161827	215486
B0S5C4	B0S5C4_DANRE	acsl3b		64666.9	62601.3	49179	54493.4	67685.2	59031.2	64575.1	63934	77400.3	73664.9	57371	53044.2	63445.2	58737.8	53848.6	53380.6
B0S5D8	B0S5D8_DANRE	zc3h13		28651	32266.3	41277.1	52112.4	36589.6		47952.4	35797.3	43221.9	35091.2	60661.6	38057.8	38927.4	38455.9	31269.8	36988.1
B0S5N4	PLXA3_DANRE	plxna3		20487		26919.4	13524.9	23589.3	18140.3	18538.5	11164.1		21856.4	36020.3	23244.5	25540.4		22240.2	17509.2
B0S5Q2	B0S5Q2_DANRE	sdhc		29088.8	25702.5	15710.7	15939.5	16889.1	15671.3	24419	30598	12364.6	9502.92	15096.2	11504.1	21051.4	23160	6394.37	5918.52
B0S5X0	B0S5X0_DANRE	epyc		19303	14710.8			5599.55	5754.08		6340.24		7563.03	7313.44		7332.59	7784.01	23002.8	19390.3
B0S631	B0S631_DANRE	si:dkeyp-73d8.6		12533.7	12291.8	12133.1	7098.57	15418.9	18763	16003.3	15447.6			16279.6	8849.61	13031.3	8329.96	13609.6	11346.4
B0S641	B0S641_DANRE	pofut2		21178.6	24826.5	21638.9	18629.4	30537.5	27027	25898	35147.6		21892.8	19058.2	20369.5	31417.6	20840.1	19488.1	27878.5
B0S6A6	B0S6A6_DANRE	gfra2a		19053.4	17846.1	19515.8	20059	16186.1	19312.4	18830.1	15475.5		15276.3	17918.8	16609.4	22175.6	19908.1	17777.2	
B0S6B4	B0S6B4_DANRE	map1sb		9622.9	9288.4	8273.77	7128	5950.06	5333.38	5743.76	6839.46		6293.04	9508.2	11297.5	8993.49	9918.82	5650.73	5910.74
B0S6B9	B0S6B9_DANRE	nrd1a		40477.9	41698.7	38223.6	36184.2	36098.6	38334.2	45345.6	43967.6	43052.8	41192.9	52318.8	46353.9	47990.9	47087.3	37765.5	37809.3
B0S6H6	B0S6H6_DANRE	sypb		191583	216395	205464	207663	250386	268367	231936	242830	283475	305069	151523	160974	124559	154190	241938	279547
B0S6J3	SRGP2_DANRE	srgap2		25469.1	27011.2	30471.3	30661.5	32460.6	31356.3	16676.3	33365.3	42719.5	28704.9	28534.9	38586.1	27978		42038.6	59133
B0S6K7	B0S6K7_DANRE	renbp		23702.5	22381.5	27111.4	21570	29224.8	32566	26500.8	26161.8	33358.7	36274	19471.8	24580.1	25669.8	21134.5	22693.6	21635
B0S6R1	NCKP1_DANRE	nckap1		129351	129435	121745	117278	108900	104338	111454	110720	91476.8	106131	124918	119252	130735	122667	104922	102428
B0S6V7	B0S6V7_DANRE	pik3r1		22449.9	21225.2	21231.2	24020.6	22622.4	22918.7	23854.2	24355.1	22635.3	21427.2	23779.3	22264.2	20794.2	22050.4	22710	27706.3
B0S730	B0S730_DANRE	slc25a6		126004	131664	75531.8	61230.7	71545.8	60497.4	70293.6	67032.8	81598.6	77677.6	69550.9	61731	114905	103628	74927.6	87472.5
B0S737	B0S737_DANRE	inpp4aa		9030.29	10184.9	7164.13	6771.36	8337.08	5587.31	6500.05	4991.85	3267.58	7578.8	8862.99	9090.83	12701.3	9523.46	4648.98	6663.87
B0S754	B0S754_DANRE	snrnp200		76782.8	75688.9	69631.2	71747.5	74654.1	74879.1	75498.3	77995.8	65322.6	72662.1	81418.7	81187.8	81726.3	77849.4	77192.9	79420.6
B0S768	B0S768_DANRE	mphosph8		15765.9	17371.6	17423.7	22366.7	16732.2	17952.3	19149.2	19170.3	18230.9	17057.2	17620	20656.4	15537.1	16804.6	17399.4	21042.7
B0S784	B0S784_DANRE	zgc:101744		79013.1	86639.3	73793.9	115466	100749	21279.5	80490.6	59546.7	127030	37670.6	32577.9	79557.6	70316	73383.3	115626	90609.2
B0S7C3	B0S7C3_DANRE	ubtfl		28968.3	31919	25693.2	24220.6	32187.7	30128.4	30389.5	36546.7	16103.2	25843.5	27810.7	24215.1	25567	28196.8	28992.8	23615.1
B0S7J7	B0S7J7_DANRE	nrip2		120967	124573	108870	107697	110035	113429	115058	115230	107101	119073	107411	109136	116230	108878	116389	115527
B0S8L0	B0S8L0_DANRE	nfu1		63686.9	59844.3	66870.7	61903.4	64959.7	65277.5	57525.7	59902.1	87544.4	79294.3	71148.3	67658.3	46970.4	51335.1	71512.3	86284.9
B0UXI4	B0UXI4_DANRE	syn1		127652	139206	91335	99661.5	112039	119741	114238	110602	156642	193383	120961	120170	116220	117479	137072	141573
B0UXL9	B0UXL9_DANRE	agfg1b		48969.6	48247.9	50000.2	33429.3	50053.2	41129.2	43485.1	49311.8	56095.3	48071.4	54652.5	52954.7	53877	56641.8	47876.9	46089.8
B0UXN0	B0UXN0_DANRE	qsox1		24981.7	25955.8	53984.9	52653.3	49482.9	45962.4	47890.9	44083.2	24342.8	26872.8	56155.8	60957.3	40287.2	37363.1	61156.7	54851.5
B0UXP9	IMDH2_DANRE	impdh2		36284.4	38276.9	25966.8	29041.2	23273.4	24162.3	24867.8	21659.6	12604.5	23400.3	42476.6	46293.3	36271.3	39481.5	32772.7	37943.9
B0UY57	B0UY57_DANRE	rif1		39374.8	34434.9	26302.6	50741.3	41741.9	50362	39180.6	32665.4		31444.8	22970	35160.9	33717.9	34976.2	45123.2	37364.4
B0UYE9	B0UYE9_DANRE	gripap1		80908.3	76199.4	69171.8	68812.7	72628.8	69241	75541.2	70002.8	79308.5	70406.2	92132.5	88766.5	82387.8	78844.6	73578	70441.9
B0UYF2	S7A14_DANRE	slc7a14a		50349.6	52673.9	44453.5	42267.5	43937.8	44007.3	44046.7	47402.2	46004.9	49218.8	54189.9	45511.8	48327.9	50712.7	36959.1	49306.8
B0UYH7	B0UYH7_DANRE	glmna		30988.4	34703.2	31477.6	34379.1	34156.4	34785.3	41171.7	41608.1	46253.8	40466	31854.3	34622.4	31538.7	33497.8	36731.8	36802.3
B0UYN4	B0UYN4_DANRE	zgc:162944		241310	262596	327842	363000	333301	392837	272805	297451	393089	408233	242495	257214	252349	240963	535789	603557
B0UYS0	B0UYS0_DANRE	krt15		138915	129430	34979.4	34604.4	40681.5	44245.9	57264.5	60444.9	55982.5	50965.4	38338.4	33134.8	43936.4	47412.7	167366	165310
B0UYU2	B0UYU2_DANRE	bend5		8653.6	9831.9	9513.53	8691.1	6087.91	6456.33	8622.92	6334.75	12878.7	11077	9204.26	8962.99	7357.35	7740.04	6162.07	6505.21
B0V1J6	B0V1J6_DANRE	hscb		87354	107916	101663	119000	70888.5	91136	86372.1	84443.4	98340.2	134093	82170.4	96584.6	41249.1	52439.1	115717	116354
B0V1K6	B0V1K6_DANRE	prpf4ba		22412.3	20069.2	16788.2	19927.5	18370.2	17101.5	20071.3	23643.5	16126.4	17822.1	16281.4	19513.8	19207.9	23533.5	16857.4	15690
B0V210	B0V210_DANRE	vangl1		11160.2	13464.4	11958.6	13077.9	10908.2	12014.8	14699	12928.3	7684.74	12615.3	12125.4	14316	12833.7	14759.7	12052.9	12309.9
B0V234	B0V234_DANRE	fhl2b		86023	83855.9	52622.6	53091.9	66092.9	68806.2	82768.5	86401.8	57902.5	70644.7	84275.9	86222.9	69924.1	70417	116841	112138
B0V2R5	B0V2R5_DANRE	slc35a3a		14285.8	13188.9	10074.5	9159.15	9331.26	9593.47	10573.7	7816.82	21412.9	8046.35	18123.1	17316.7	15194.8	12616.7	6388.18	7649.26
B0V2S5	B0V2S5_DANRE	rnf11b		5822.79	5804.65	7363.45	8383.17	6255.75	7766.79	6601.96	6476.27	6328.14	8805.84			6208.09	7054.58	10121.5	5716.18
B0V3F8	PRKRA_DANRE	prkra		109642	116680	112048	113361	101446	103325	105362	110510	87493.5	98882.4	100874	95705.8	113360	102355	110727	112462
B0V3R7	B0V3R7_DANRE	serpind1		32312.6	28378.2	32767.6	26930.4	20845.3	20042.2	19844.2	22418.5	23228.7	21692.5	34137	31984.6	28040.1	28922.6	20361.1	17567.9
B0VEQ2	B0VEQ2_DANRE	tspan7		15839.7	18939.4	18624.3	16058.9	25944.8	26626.9	21949.6	21149.2	10619	15830.6	18425.2	18277.6	15787.2	12427.9	22394.6	21497.4
B1B5D9	B1B5D9_DANRE	smpd3		18510	17190.1	20215	19428.7	19209.3	20884.2	20648.6	23131.3	15923.8	19623.1	14984.8	16831.9	18247.8	17725.9	18579.1	17597
B1H1H9	B1H1H9_DANRE	pus7		48652.3	50203	51202.5	51423.7	59888.3	51967.5	60234.8	57033.6	57070.2	52216.7	52759.7	50311.9	57957.8	60897.3	53375.6	53759.6
B1H1I1	B1H1I1_DANRE	cbln13				24906.7	24052.4	12083.1	15128.1	14090.6	11749.1					20978.3	14537.9	21558.6	17622.2
B1H1J7	B1H1J7_DANRE	camk1da		25281	24591.5	18474.8	18239.2	14366.8	16355	13294.7	16681.4	19276.3	24631.5	24798.4	24935.7	25285.4	30163.8	19902.5	15799.6
B1H1M1	B1H1M1_DANRE	rap1gapa		22306.2	20044.3	10913.9	14619.7	15507.3	11169.1	16363.4	13586.1	27155.7	29395.7	12162.1	16084	11714.5	15967.6	16805.6	13761.3
B1H1M2	B1H1M2_DANRE	aqr		35584.8	37362.1	39023.2	42338.7	37470.5	38213.4	43641.1	39844	46518	40722.9	44003.6	42084.7	49315.1	45240.9	38910.1	39350.3
B1H1M3	B1H1M3_DANRE	plpbp		76455.3	85378.6	101966	105617	87555.4	106026	77641.4	86793.1	110880	127986	66684	66169.2	68429.8	69009.3	138011	149863
B1NA68	B1NA68_DANRE	map2k4a		59286.1	55174	50030.9	51243	55688.5	57107.6	55024.4	57447.6	59570.9	63257	55045.5	61114.4	52384.2	48700.3	57292.7	56662.5
B1WB51	B1WB51_DANRE	hypk		39167.9	30681.9	39090.8	40632.6	40902.3	36424.2	42652.7	37052	37929.4	35050	39449.1	38933.8	26127.2	26719.9	44151.8	44284
B1WB53	B1WB53_DANRE	dclk1b		14582.1	10753.9	17040.5	16765.3	16379.2	19335	13398.3	17629.3	11333.4	16526.3	7668.18	15711.3	14004	13999.3	16096.2	13983.4
B2CZB8	B2CZB8_DANRE	atp2b2		186494	159014	124815	123917	135099	131393	164114	159117	169779	166447	151520	141193	158691	169663	134687	151346
B2CZC7	B2CZC7_DANRE	slc8a4b		17170.1	16191.7	10840	10606.7	13452	11442.2	13660.9	10967.8	25812.9	15581.1	13406.6	15379.8	14442.5	16541.4	13833.3	12535.1
B2LT49	B2LT49_DANRE	fscn2a		148753	143224	130325	126638	155631	160175	171337	169288	143048	153352	161318	166493	158390	159770	127871	140368
B2LT50	B2LT50_DANRE	fscn2b		11899.9	11692.9	10809.3	9026.25	10663.6	10163.7	11513	9258.65	6898.8	9487.19	10547.6	10863.4	11560.5	12871.5	9719.07	10088.4
B2XCM0	B2XCM0_DANRE	appl2		45565.2	42158.5	47513.4	51880.4	41419.9	41517.9	39702.5	42819.3	53819.6	47106	37079.7	43569.5	39347.6	40678.3	51318.6	57255.9
B2XY80	B2XY80_DANRE	cacnb2b		9047.21	10046.9		12636.3	10630.5	14855.6	10428.7	11374.4	19806.2	18796.6					17284.7	22280.1
B2ZGJ1	CLAT_DANRE	chat		265313	236725	249374	270229	203784	227057	181982	223121	337670	313291	204136	268928	190990	161095	324619	436366
B2ZZ14	B2ZZ14_DANRE	map1b		137428	141148	102972	107098	112794	111178	114963	119476	135109	144323	109122	109787	114224	114537	132827	136331
B3DFN3	B3DFN3_DANRE	lmnb2		571886	565929	569975	558409	563013	549875	581488	566050	523865	533557	622280	594601	649663	607401	676809	702939
B3DFP2	UQCC3_DANRE	uqcc3		29012.1	42906.1	42152.1	43633.4	28415.6	43784.4	34135.2	48596.9		39418	31204.3	28496	15433.1	26270.2	55418	56865.8
B3DFP9	B3DFP9_DANRE	apoa2		1.46654e+06	1.44899e+06	844118	830508	589656	606764	661823	657198	805740	868537	853752	836111	868257	850803	1.06655e+06	1.2759e+06
B3DFS8	B3DFS8_DANRE	apoc4		16640.2	12760.4	33048.1	35157.8	20046.9	24422.6	26445.2	32376.6		9382.75	59830.5	74342.3	25135	21973.1	84693.7	98001
B3DFT1	B3DFT1_DANRE	nrn1lb		23571.7	11119.9	18991.9	22762.8	27171.9	21804.7	16980.5	23153.1		32548.4	26450.1	25530.1	12949.8	11075.7	37892.7	36386
B3DFU8	B3DFU8_DANRE	ddx19a		13510.6	9369.46	18376.5	14132.1	10418.9	16230.1	12025.3	10709.3	26971.1	21248.8	9098.36		7470.44	5718.14	19469.7	19716.3
B3DFW4	B3DFW4_DANRE	npc2.2				6644.79	9885.58	14204	18809.4	5639.55	4709.18		3743.19	18662.2	17217.7	8219.83	9113.11	1940.15	
B3DG31	B3DG31_DANRE	psma2b		372210	369158	373560	372470	373416	380065	353030	354052	386597	384365	340983	343811	378957	365605	395446	385752
B3DGI9	B3DGI9_DANRE	timm8b		49013.4	41946.2	40130.1	45963.3	43181.1	43888.4	44721.1	48783.8	53984.6	62863.6	53338.6	45227.6	43130.8	50473.5	52213.3	70822.4
B3DGL3	B3DGL3_DANRE	LOC796916		59683.6	57768	51681.7	52985.1	53424.5	53603.5	52038.4	55538.4	51995.7	52582.3	54745.9	63234.7	65266.5	66648.1	55817.3	57544.2
B3DGQ8	B3DGQ8_DANRE	wu:fk54g04		104882	103270	85612.2	100765	109879	111365	124300	124512	68727.9	79006.7	75607.5	75104.1	93892.4	84991.4	60144.3	47018.6
B3DH26	B3DH26_DANRE	fstl5		48383.8	47179.9	35544.4	35443.5	39063.9	38484.8	42121.6	38066.1	40354.8	40824	46220.7	44867.7	51816	45246.4	43918.8	46313.8
B3DHE5	B3DHE5_DANRE	zgc:194224		6860.54	6785.64	9811.72	10903.2	5796.83	6541.61	5851.94	6192.81	2558.35	4697.86	8171.12	7273.53	8826.81	10337.4	5777.45	6344.75
B3DHF2	B3DHF2_DANRE	gucy2f		42204.4	49131.3	48358.2	46781.7	48801.1	57441.2	52362.1	59686.2	30078.3	45645.5	35000.7	37141	45119.2	46779.3	48780.6	52999.8
B3DHG0	B3DHG0_DANRE	trub1		18801.3	21603.2	21208.5	19464.8	18547.1	14107.2	17895.8	14517.7	18767.8	22923.9	23059.2	25387.1	20670.4	23754.2	21920.6	20036.4
B3DHU2	TMM65_DANRE	tmem65		156221	147058	123631	127699	135681	137255	137033	130211	177986	167992	160712	158794	152996	159845	126531	156830
B3DHW7	B3DHW7_DANRE	si:dkey-98f17.5		8068.66	4568.42	72880.3	13139.4	17346.6	14257.5	15133	12082.6	39854.4	21274		18362.7			36218.6	30989.8
B3DHX4	B3DHX4_DANRE	lratb.2		22701.3	20611.9	56694.4	63051.5	40449.7	38583.8	26959.8	30476.6	38923.2	40594.2	29305	27781.2	28634.6	30379.9	50227.4	49304.8
B3DI21	B3DI21_DANRE	pdxp		40695.7	51583	57169.9	60426	46118	45903	44286.1	56471.9	32523.8	45890.7	31483.6	36463.9	35675.5	41252.6	59585.6	62581.4
B3DIC7	B3DIC7_DANRE	tapbp.2			6284.08		2726.01	13174.9	12857.2	10950.8	8038.65		10480.4	5549.75		12749.3	12311.3		
B3DID0	B3DID0_DANRE	faf2		51651	52720	50418.5	50715.3	53297.3	52519.6	45390.5	46890	57657.2	63379.3	48153.4	53800.2	45580.9	49278.9	56848.4	66219.6
B3DIP4	B3DIP4_DANRE	LOC792613		25852.9	23963.5	18924	20572.8	23220.8	17880.6	21044.1	16985.2	31330.7	19759.9	28887.9	29916.3	31046.6	34375.3	12712.3	15726.8
B3DIS2	B3DIS2_DANRE	zgc:194209		20725.1	17542	19649.7	24526.7	31422	33857	32405.5	34984	25624.3	31200.4	21282.2	31485.6	28377.4	19659	14903.6	24539.9
B3DIT4	B3DIT4_DANRE	vars2		16199	11675.9	10715	13390	10859	15036.4	13395	12982	12906.9	13093.3	15272.1	11670.6	10804.7		10731.1	
B3DIU1	B3DIU1_DANRE	cul3b		10727.9	13584.4	14939.7	11902.5	10166.2	12921.4	13925.8	9398.08		14948.9	16362.6	19400.6	13592.5	14622.1	8218.68	16697.7
B3DIU9	B3DIU9_DANRE	tubgcp4		13372.9	12536.2	12217.5	11259.3	12935.1	13249.8	14372.4	11444.3		8812.18	15127.9	11003.8	14555	11161.5	11782.2	9334.21
B3DIW4	B3DIW4_DANRE	atf7b		22980.1	15632	24356.7	22731.6	18370.9	20904.7	26747.7	18545.1	32569.8	22729.7	26455.9	28872.2	27128.7	30908.3	31536.8	22855.7
B3DIW6	B3DIW6_DANRE	epn1b		122410	122642	104391	92391.8	109555	105018	110501	112074	96796.4	126658	126200	130171	115642	118013	96084.9	104157
B3DJ34	B3DJ34_DANRE	pip4k2aa		147268	143603	142516	139424	134486	129393	129492	134237	103116	128599	147294	144602	121635	144023	116030	131468
B3DJ51	B3DJ51_DANRE	gpr176		25544	33053.9	28134.2	31839.3	33921.4	26870.3	34104.7	27935	26507.3	27068.8	35008.6	39688.6	37507.4	35675.4	26867.2	30928.2
B3DJ80	B3DJ80_DANRE	plbd1a		36723.3	36108.2	30183.7	32303.4	44397.4	59234.7	36546.6	46848.9	25931.6	31399.5	38616.4	35982	33114.3	39747.9	31459.9	29736.7
B3DJ94	B3DJ94_DANRE	gpc4			24547.7	22470.1	33185.4	21016.8	35154.2	21820.9	22623.3		29174		23541.3			58060.7	70836.4
B3DJA6	B3DJA6_DANRE	cox7b		368855	354753	332573	310170	382238	374823	341959	367692	399017	472050	415034	400685	342954	357980	312536	339125
B3DJC9	B3DJC9_DANRE	col9a1a					4602.06	6218.3										35935.3	42193.1
B3DJD4	B3DJD4_DANRE	slco1c1		2281.9	2221.55	1416.29	3096.98	2725.63		2612.56	441.051		1091.91	833.693		2169.82	4134.97		
B3DJF3	B3DJF3_DANRE	papss1		64278	66816.8	61245.4	58653.6	63050.5	62175.4	69135.9	68032.8	50663.5	55765.7	62820.8	60766.7	70569.7	67936.3	60336.2	60247.8
B3DJJ8	B3DJJ8_DANRE	czib		36044	28681.5	13192.3	13671.5	27247.2	22086.1	23960.2	23208.7	30790.5	30471.1	39394.5	33090.1	33580	32675.8	22053	22941.9
B3DJR5	B3DJR5_DANRE	tle2a		17652.4	18453.4	19983.9	20237.8	18416.5	20387.1	20999.9	23689		19822.8	25608.6	23955.1	21135.5	23022.2	24266	20595.8
B3DJT0	SART3_DANRE	sart3		88084.5	76497.9	93895.4	95129.5	105431	104086	92748.8	90064.3	77576.2	87022.2	103899	107027	93516.9	100986	96154.2	99252.4
B3DJW5	B3DJW5_DANRE	th		76982.1	74137.1	48855.3	49033.2	46627.6	48104.3	51270.5	49691.4	70090.1	69309.2	58816.4	60069.6	51541.3	57085.2	48696.2	49715.9
B3DK73	B3DK73_DANRE	si:dkey-222f8.3		69446.2	67445.1	85063.1	89323.6	56392.2	60941	62988.4	74830.9	27475.2	57335.6	52282.7	59916.1	38772	44506.1	86977.3	100385
B3DKC5	B3DKC5_DANRE	lmna		86389.8	82489.3	73205.6	71116.2	63013	59045.6	55163.7	54034.9	56900.2	55803.4	78804.9	74821	58462.7	58945.9	101601	109990
B3DKC6	B3DKC6_DANRE	myl12.2		11979.5	10169.4	14015.2	13317.3	20473.4	15124.7	13522.4	12651.2	12846.9	10533.9	8527.25	9748.28	10744.4	12335.6	20535.3	19717.1
B3DKE3	B3DKE3_DANRE	zgc:195277		12428.8	14700.6	12510.2	15014	11965.4	15097.2	17595.9	17433.9	23992.9	23948.2	24340.9	19642.3	21268.1	26016.6	17084.5	19294.6
B3DKL0	B3DKL0_DANRE	atic		117462	123313	146853	154071	117080	124310	148633	161629	102601	122829	127877	127445	109043	109228	167600	182690
B3DLH3	B3DLH3_DANRE	prkab2		21989	17423.3	15805.5	10691.9		14924.6	14598.2	17535.7		12187	17228		11958.5	12334.2	17148.5	13846.1
B5DDE8	B5DDE8_DANRE	rps8b		124730	115866	115957	115464	131182	132304	142108	127461	156462	155045	132112	135150	136109	123080	140397	159950
B5DE31	YBOX1_DANRE	ybx1		198772	195090	210921	213284	237812	227901	218780	218525	193684	209828	211198	227144	212719	221106	209820	234966
B5MF72	B5MF72_DANRE	camk1db		57822.1	58407.3	58145.9	54387	57529.5	58688.4	68098.7	63958.6	71140.6	68154	79661.5	79560.7	104904	99424.3	50150.8	50174.5
B6EUL7	B6EUL7_DANRE	caskb		73295.8	73596.6	58818.8	61571.4	69061	65427.1	80207.3	71115.2	62402	60365.4	77364.1	70239.1	88670.7	82144	61121.1	51886.1
B6IDE7	B6IDE7_DANRE	frem2b		29712.4	26978.7	31077.2	32344.1	25518.6	26813.5	22341.7	20880.5	23803	15255	18138.8	20359.1	18798.4	22874.8	25265.1	15928.9
B6VCA1	B6VCA1_DANRE	pcsk1		5383.36	3575.79		3438.69		5480.8	4293.53	5064.32	4345.77	4654.03	4528.54	3177.33	4909.89	6112.14	5718.46	6288.73
B6ZK76	IRL1A_DANRE	il1rapl1a		18230.2	16331.9	14250.7	17745.3	16429.4	12092	14106.6	15954	17919.1	15077.8	14285.4				17847.2	18864.1
B7ZC77	CTNA2_DANRE	Ctnna2		72749.4	73236.3	73011.7	75675.5	74297	64336.1	76373.1	73675.8	94966.7	94333.9	79526.1	80854.7	68757.5	70241.4	82019.8	88469.3
B7ZD40	B7ZD40_DANRE	sar1ab		21280.3	22030	23346.9	22997.7	25461.3	23982.1	30672.4	33865.4	26651	22454.6	20101.1	21444.7	30370.9	25746.6	20524.5	21177.1
B7ZD88	B7ZD88_DANRE	wdr35		13022	12176.5	16502.4	18649.2	13908.2	15797.2	14140.5	14902.4	16223.5	12083.8	15596.2	19358.6	17945	15046.9	16750.7	16130.8
B7ZD93	B7ZD93_DANRE	mtres1		46733.3	38560.5	49367.9	39658.9	44839.9	39346.2	39482.2	40963.4	33788.5	34742.7	41060.1	52766.8	50942.1	44645.2	30686.6	26247.8
B7ZDB5	B7ZDB5_DANRE	bgnb		89954.6	85130	53548.2	66474	57227.1	55808.9	54977.5	51879.7	45380.4	44556.4	48855.3	44538.1	36218.3	49476.1	137069	136915
B7ZV20	B7ZV20_DANRE	tmcc2		10198.3	7768.73	8012.91	9750.58	9578.46	9479.22	9549.58	10868.3	10241.7	8456.01	6513.08	8727.71	8012.34		12600.7	12907.9
B7ZVA6	B7ZVA6_DANRE	cox19		23898.3	27460.2	18270.1	22727.6	24765.8	22268.8	26692	25859.6	40825	35071	14844.4	19291.5	21802.4	13471.6	33768.8	37777.1
B7ZVE8	B7ZVE8_DANRE	pgm2l1		50309	44202.4	39132.3	44991.7	42898.1	39374.3	40462.8	40185.2	43089.5	44839	55087.6	56312.1	46864.3	44363.2	37511.4	36177.3
B8A483	B8A483_DANRE	phf3		19802.7	24684.2	17812.3	16374.3	17682.4	19106.7	24431	22053.9	11409	17340.7	21892.1	25258.9	20819.1	25625	22511	18654.5
B8A4C9	B8A4C9_DANRE	cst3		443778	431865	330396	306192	415783	380534	542892	515078	289944	323913	431902	434387	464363	442176	325624	322983
B8A4D7	B8A4D7_DANRE	rrbp1a		21436	21853	23706.3	22550.6	22740.6	27258.1	21756.4	23937.8	27362.5	24333.7	25974.2	27168.2	27061.3	22229.4	22865.5	25679.4
B8A4H3	B8A4H3_DANRE	knop1		8529.39	10916.5		12302.5	18827	15385.2	21795.3	24502.3		14093	14529.4	16140				
B8A4H5	B8A4H5_DANRE	exosc1		13408.3	12174	14343.9	12736.9	10889.5	11001.6	15756.3	11839.2	7505.84	7421.83	6935.29	11928.1	19722.4	19394.4	9793.55	8401.37
B8A4H6	B8A4H6_DANRE	pgam1b		1.2514e+06	1.22358e+06	941861	939659	1.17211e+06	1.14144e+06	1.42779e+06	1.35824e+06	1.25828e+06	1.11781e+06	960811	1.01518e+06	1.04927e+06	1.07734e+06	875932	911658
B8A4Q2	B8A4Q2_DANRE	pdxkb		171139	162596	134818	140539	131292	120692	140429	131556	112574	119823	162537	173562	179882	163629	115757	112612
B8A4R1	B8A4R1_DANRE	rcbtb1		31084	7492.68	23227.2	9288.82	10662.9	7908.31	21175	7990.06	29882	5934.88	10126.5		11590.3	11552	20880.8	
B8A4S3	B8A4S3_DANRE	slkb		37267.1	37392.5	39148.3	37163.4	33520.8	36683.6	38984.7	36028	27813.7	32222	40046.3	39574.8	41527.2	36741.5	32031.1	33335.3
B8A4T6	B8A4T6_DANRE	col9a1b		35136	33729.3	30744.9	31453.8	39561.8	44883.5	31344	29161.6	35511.5	36370.3	33468.5	34781.4	30599.7	31589.5	32128.2	34574
B8A4V2	B8A4V2_DANRE	anxa11a		118786	111582	119385	116354	114376	110264	115261	114015	115650	107717	132311	121700	128948	131212	139643	149538
B8A514	B8A514_DANRE	gdap1l1		19556.4	16286.3	14477.3	12037.8	15293.1	17621.2	21368.7	13354.5	26215.2	18299.2	25987.2	30566.4	20776.7	18875	10690.1	14215.5
B8A516	B8A516_DANRE	tuba1b		3.93786e+06	4.29832e+06	4.52758e+06	4.77835e+06	4.08534e+06	4.50497e+06	3.56942e+06	4.11171e+06	4.93461e+06	5.38655e+06	3.8528e+06	3.75889e+06	3.51688e+06	3.44849e+06	6.58938e+06	6.77966e+06
B8A552	B8A552_DANRE	smarca5		73458.9	70006.2	62260	58042.3	71499.7	70529.5	76329.1	67915.4	58998.8	67139.2	83539.2	78661.6	84173.8	89217.4	62619.5	66602.2
B8A565	B8A565_DANRE	c9		109359	117179	198751	210674	110705	110336	115781	120148	88343.4	100625	164270	158272	100100	107900	207691	231746
B8A568	B8A568_DANRE	myhz1.1		23396.9	21541.2			172308	169025					13988.7				571005	575253
B8A5G9	TRM5_DANRE	trmt5		9754.87		8707.21	9093.05	12360.8	8887	12217	8306.51	9811.09	8245.44	7611.84			15439.4	8544.62	10145.9
B8A5I7	SSBP_DANRE	ssbp1		296002	296656	331089	347972	350754	346886	368225	357336	248667	305929	391055	401217	386658	378616	304431	319143
B8A5J2	B8A5J2_DANRE	coa6		61340.2	57819	52082.7	55969.9	51296.5	52318.3	48029.1	51280.4	72747.4	93018.5	40352.5	84142.1	95564.4	75332	59059.4	64388.8
B8A5L1	B8A5L1_DANRE	ecpas		32337.2	31905.6	31386.4	31334.7	28653.4	32197.1	29777.3	30248.6	25754.9	28623.8	32290.8	33172.8	31619.7	27903.4	26841.3	31811.8
B8A5L6	B8A5L6_DANRE	fga		203635	207620	324130	319768	304723	323792	244993	234388	188838	176996	292896	299917	283893	294450	452020	491901
B8A5M1	B8A5M1_DANRE	trim2b		49983.4	44980	43714	39717.3	42550.2	31438.7	37981.4	37063.6	33695.8	29826.5	45047.6	45378.1	49883.6	39435.3	31324.7	35376.3
B8A5M2	B8A5M2_DANRE	eslec		3408.83	6410.51	10549.6	10724.1	24486	28484.4	6749.85			7591.49	23433	25731.3	18684.4	20338.8	12492.3	15861.9
B8A5U4	B8A5U4_DANRE	toe1		12880.5	13822.7	15776.1	12550.6	11590.6	15884.4	15563.8	14666.3		11848.8	15133.5	14149	11948.5	15540.9	16502.8	17056.1
B8A5W4	DHRSX_DANRE	dhrsx		24654.7	22351.5	33028.4	24735.9	24244	18033.4	24856.9	23142.9		14137.1	24014.7	28651.4	24406.2	23062.3	33557.8	25619.1
B8A651	B8A651_DANRE	stx3a		204662	206491	226157	238550	199964	239581	231773	243945	297035	288174	290399	262244	258519	237497	307959	346395
B8A688	B8A688_DANRE	si:ch211-198a12.6		86666.9	82230.5	72344.9	76026.6	84342.4	90754.4	100990	91250	87783.7	87569.1	87041.3	87539.8	94990	95474	78594.5	78130.1
B8A6A1	B8A6A1_DANRE	eif4e1c		82871.8	78171.6	76530.3	68943	82047.9	73406.6	84973.3	71321.7	71531.8	65514.9	101317	91630.7	110248	104392	53554.7	63081.2
B8A6A3	B8A6A3_DANRE	zgc:110319		57166.1	57964.2	49160.1	51359.7	51149.7	49174.2	45860	50335.4	89785.8	64665.7	53354.1	58431	44079.8	45445.5	67702	75931
B8A6D3	B8A6D3_DANRE	l2hgdh		19808.4	20675.3	18832.4	17141.3	17407.7		21443.8	20573		12979.7	12661.2	21217.6			19205.4	15734.1
B8A6G0	B8A6G0_DANRE	capn1a		107637	102986	107802	102879	96297.4	97107.7	103576	103931	128126	115214	123080	121190	108246	106524	108620	111495
B8JHR3	B8JHR3_DANRE	gtf2f2a		40517.7	43918.9	43106.8	41866	52064.9	50392.7	46489.1	47009.7	46452.6	42498.5	46073.2	41595.5	38923.5	45251.4	45576.6	41129
B8JHR9	B8JHR9_DANRE	kpnb3		52016	49402	53819.9	49640.6	58021.4	54597.8	51895.5	56473.2	63276.3	68551.9	52247.9	48224.6	49046.4	42949.7	54329	56483.6
B8JHY6	B8JHY6_DANRE	cnga1a		121852	123877	115622	110849	122373	116757	126924	131684	94572.8	99423.7	113410	112647	157877	165067	89002.1	92886.1
B8JIC5	B8JIC5_DANRE	homer1b		21473.3	21341.3	20687.3	18295.6	14460.5	16304.1	19047.9	17813	15883.9	19588.4	15982.8	17672.5	17631.1	19109.5	23323.6	24933.1
B8JIQ1	B8JIQ1_DANRE	gsk3bb		3828.08		4108.64	5906.01	4540.57	5967.29	1917.63	3345.81	2905.26	5881.33	1954.7	1930.73			10714.5	11243
B8JIS5	B8JIS5_DANRE	gstm.3		27272	31867.1	18393.5	17893.4	20869.3	20244.1	20763.8	19811.7	16094.6	12893.7	29233.2	28628	26116	20298.4	30567	29298.7
B8JIY2	B8JIY2_DANRE	nolc1		23871.7	23949.8	31770.5	30793.3	27258.7	31684.3	24504.7	29031.4	22424.8	39940.8	19338.5	20066.6	22917	17517	31837.4	34497.3
B8JJ08	B8JJ08_DANRE	rorcb		7428.98	9245.59	9365.59	7418.11	8349.41	9425.33	5488.24	9853.03		3082.55		5664.35		4278.6	12249.6	12078.7
B8JJJ1	B8JJJ1_DANRE	suds3		15090.4	12198.3	16041.5	14736.4	16702.7	17004.7	16516	9247.77	19645.2	17227.5	18342.3	8962.84	14542.4	11126.2	19114.1	21327.5
B8JJQ4	B8JJQ4_DANRE	paox		16459.2	20986.7	19779.3	17807.3	20458.7	17384.8	22787.1	21727.8	18752.2	15464.2	21135.3	15854.4	24666.6	18371.7	19304.5	20756.5
B8JK90	B8JK90_DANRE	si:dkey-191g9.5		241868	245964	226555	232290	261399	266034	247938	244905	217995	233119	260785	243188	283298	295279	242835	246085
B8JKI0	B8JKI0_DANRE	pcnp		40378.5	57024.1	71303.6	77315.1	45382.5	67498.1	41499.4	80725.1	30326.9	97259.7	45827.7	50026	18958.1	22915.5	117181	136220
B8JKQ1	B8JKQ1_DANRE	esf1					46774.2			54205.2	48337.5			53247.2			67045.7		45447.6
B8JKY8	B8JKY8_DANRE	ggcta		8195.46	10294	12866.7	11485.7	10957.4	13970.5	9402.27	10182.5	9480.15	10399.3	8278.33	9455.06	7361.85	5116.1	11644.5	13638.1
B8JL43	B8JL43_DANRE	tfa		1.06345e+06	1.07677e+06	2.1015e+06	2.15694e+06	1.29498e+06	1.33503e+06	1.38791e+06	1.4262e+06	895180	815544	2.11708e+06	2.06507e+06	1.51966e+06	1.50725e+06	2.75815e+06	3.04919e+06
B8JLC8	B8JLC8_DANRE	rab1aa		50200.5	43461.7	53365.6	54944.1	65450.4	66855.5	43690.2	54371.6	98607.7	82138.7	53427.3	50565.4	55181.8	57606.2	68953.4	84250.9
B8JLJ3	B8JLJ3_DANRE	ywhaz		310406	306683	251285	272893	273452	287772	302662	301896	284039	349751	265675	259935	298664	297339	376370	433796
B8JLJ8	B8JLJ8_DANRE	hnrpkl		243876	247323	224148	231684	236896	263838	264929	272538	218709	304994	227267	238325	234650	263253	270438	303342
B8JLL1	B8JLL1_DANRE	umps		65625.6	64536	63508	61466.3	59914.7	55671.4	70075.1	64717.5	66906.2	57316.3	66062.8	67596.3	77294.4	74717.2	54954.8	50763.7
B8JLQ0	LYRM4_DANRE	lyrm4		51471.8	52188.3	36563.5	40740.7	39718	37055.3	39798.5	44918.3	43798.3	49555	34392.6	41017.3	46531.3	42866.1	36772.8	35065.6
B8JLR6	B8JLR6_DANRE	si:ch211-251b21.1		41818.3	44018.6	65377.2	74375	92604.3	102668	69656.3	74111.1	67686.6	63648.5	49955.3	54324.7	67688.6	62566.6	74511.6	76069.9
B8JLW8	B8JLW8_DANRE	gmps		37381.2	32544.7	36551.1	32569	33654.9	34671.1	37102.8	38072.1	32065	31853.4	41908.7	39397.3	57767.7	47427.6	45376	42938.4
B8JM36	B8JM36_DANRE	mrpl16			8390.74	6461.48	7700.65	9882.23	7306.66	11552.1			10045.7	12376.2	8180.24	13342.3	13525.3		5041.78
B8JMB1	B8JMB1_DANRE	sema6ca		13022.7	10819.1	13605.8	14321.9	17695.8	9101.34	14544.6	13926.1	12429.5	12215.6	12468.7	15169.3	14894.2	15034.6	12306	10361.4
B8JMG6	B8JMG6_DANRE	si:ch1073-287p18.1		10644.5	11694.8	12824.9	14509.8		10727.9	12233.6	10680.9		13557	9875.6	10824.8	13866.3	13267.8		
B8JMH0	CAF17_DANRE	iba57		49132.1	48308.7	54218.2	54686.3	47752.2	45600.8	49431	50230.8	60154.4	44261.1	54013.9	48803.1	46390.6	44360.9	45200.1	35887.8
B8JMZ3	B8JMZ3_DANRE	dpy30		39356.8	36937.1	37282.6	32371.5	38247.7	37441.8	37595.1	32641.6	46879.7	49200.5	54804.2	39615.1	40894.3	45341.6	39504.2	31944.3
B8X730	B8X730_DANRE	cd40		2394.58	3301.51	2000.41	4038.47	6060.1	4433.62		3637.76					3720.21	4533.25	4412.02	3477.28
B8XY56	RNT2_DANRE	rnaset2		69536.6	70060.7	47493.2	53440.4	71186.2	68981.7	57050.2	63181.9	33829.8	37416.5	86501.3	89868.5	117731	123160	36349.3	33583.7
B9UZF4	B9UZF4_DANRE	zwi		49938.6	51028.4	65218.2	84075.9	39774.4	59753	27667.5	45466.5	94659.9	113039	9579.33	12624.2	11954.3	21344.4	80843.1	108204
B9VEN1	B9VEN1_DANRE	rpz2							10692.4		12598.8		5642.08	17924.9	13032.3			8005.58	3588.75
C0H5W1	C0H5W1_DANRE	col28a1a		345914	393902	346032	302003	418092	372339	383247	332587	217248	260177	332794	272906	325373	299765	342846	323016
C0HM54	SCG2A_DANRE	Scg2a		9530.15	10722.5	12920.9	11622.8	9288.08	11250.8	10065.7	12748.8		13372.2	11505.3	12046.2	13365.5	9479.11	17485.5	14193.1
C0SQ73	C0SQ73_DANRE	plxdc2b		8108.94	8130.64	6728.8	9465.08	7834.9	6838.95	7355.18	8887.87	7230.94	6578.96	6643.91	5863.51	9571.55	10722.6	7796	10561
C1IHU9	C1IHU9_DANRE	itln3		12128.1	17326.8	19147	19913.5	15429.5	12807		17323.5	22520.4	10269.9	27720.6	26772.9	12224.3		24935.1	28232.2
C3PTE8	C3PTE8_DANRE	arrb1		65182.2		18734.8	21444.5	168414	173847		535257	94157.8	155418	67279.7	90766.4			56097.4	54576.5
C5H5I1	C5H5I1_DANRE	plxnb2a.1		21909.4	33119.6	31093.4	36771.3	29030.1	31967.5	24272.5	29394.2	48404.8	36576.4	25631.4	31533.3	20233.4	31379.9	39974	37903.7
C5J7W8	SMG1_DANRE	smg1		5042.35	6087.93	3671.6	6814.91	3614.18		4637.67	5541.89	6239.84	5123.56			3254.49	5085.31	4315.01	3847.9
C7S6G4	C7S6G4_DANRE	f3a		23248.2	23505.8	40459.7	35187.9	35964.7	28373.7	20159.5	27676	25816.1	27513	44457.5	40987.7	44284.7	37532.8	29360.9	33975.6
D0EVW9	D0EVW9_DANRE	nlgn2b		37272.1	37160.4	33242	30142	36313.1	36123.3	31510.7	31575.5	53153.4	43135	42024.9	36279.5	34285	34596.1	40006.7	33671.4
D2CRG0	D2CRG0_DANRE	thfp5				19310.5	14282.1		9564.32	21811.5	13010.4	39777.1	26361.2	20307.5	29993.1		21484.5		
D2K289	D2K289_DANRE	cplx3a		98184.3	83965.6	79890	74116.1	105602	98571.6	103670	100090	117763	112791	133002	114810	116893	115497	87424.6	85391.8
D2K290	D2K290_DANRE	cplx3b		772198	805876	803402	804935	747061	749977	727212	783412	848144	928080	820223	792083	874630	792554	959346	877381
D2K292	D2K292_DANRE	cplx4b		169462	152650	166252	160813	179181	166438	173041	162927	84146.9	192075	162981	172528	190845	197304	175768	165814
D2K293	D2K293_DANRE	cplx4c		61090.4	60431.4	62994.7	65403	61687.2	63287	61640.1	63198.1	57992.8	68887.4	63661	63554.9	75080.1	76151.6	57772	58930.8
D2KMS9	D2KMS9_DANRE	znf574		15782.5	12284.1	18001.3	14650.8	19007.5	18006	16586.8	16346.5	16365.5	7569.5	17720.7	13789.6	15250.3	14097.5	19323.6	16321.5
D3X469	D3X469_DANRE	pals1b		37724.1	38710	46522.7	49396.3	44138.1	48384.4	41475.7	50525.1	47376.4	59463.4	28665.6	38395	31226.1	34812.2	64329.8	69076.1
D3XD60	D3XD60_DANRE	ugt1b1		98212.2	96055.5	101713	95080	104432	100439	110604	102386	64342.8	68825.7	99879.4	106770	126661	126909	83255.6	82126
D3XD67;D3XD69;D3XD61;D3XD65	D3XD61_DANRE;D3XD65_DANRE;D3XD67_DANRE;D3XD69_DANRE	ugt1b2;ugt1b4;ugt1b5;ugt1b7		31895	47050.2	70500.2	86290.2	71110.6	94247.6	46531.6	66298.2	96184.7	110095	42808.7	44518	29718.4	33861.6	122984	139840
D3XDB4	D3XDB4_DANRE	ugt5g2		55873.6	55779.7	49920.7	45926.8	46641.4	49046.1	62297.1	60005.5	47446.2	51838.9	49889.5	47492.8	72690.1	75118.1	40475.4	41886.8
D4P8S0	D4P8S0_DANRE	syt7b		19038.2	22052.1	23488.5	25116.1	20729.4	32983.3	18130.2	23720.5	55252.4	48493	14825.5	15530	11021.4	10709.5	50674.3	65322.4
D5FS19	D5FS19_DANRE	fgd4a		6323.16	5673.37	2274.87	5047.5	5125.85			3255.67	5827.17	4113.8	4573.61		3365.82		3981.24	3871.96
D7RVR8	D7RVR8_DANRE	slc1a2a		19268.4	17819.2	13230.8	10274.5	21229.6	20308.7	18226.4	17248.6	18543.3	21163.6	20494.1	22203.2	26880.2	30134.3	20832.1	29856.8
D7RVS1	D7RVS1_DANRE	slc1a4		2629.08	1965.24	4393.39			3672.33	3107.31	4097.48		4509.74		3491.61		3903.14	4600.5	
D7RVS2	D7RVS2_DANRE	slc1a5		29864.1	24013	25509.1	27546.2	31245.9	36613.7	26017.3	31392.3	26935.4	30495.4	29238.8	32194	23467.9	25772	35188.7	28940.8
D7RVS8	D7RVS8_DANRE	slc1a9		11971.3	12959.5	12103.8	12687.3	15635.1	18489.4	11348.2	13746.5	21640.4	24992.3	15559	14349.6	14113	25432.3	24269.3	24068.8
D9IL79	D9IL79_DANRE	akt3a		28391.2	28411.7	26595.9	26270.1	23490.8	23293.9	30811.3	32180	26318.8	26814.5	32569.2	30954.9	38476.4	39522.7	22952	26257.8
E0AE56	E0AE56_DANRE	lrp2a		20075.5	21623.6	24203.4	24824.2	22570.9	21682.6	23751.9	21728.9	16169	20621.1	26502.2	22612.3	22866.5	22940.9	18897.6	21278
E2FHP4	E2FHP4_DANRE	cfh		139762	135376	273115	270568	194941	204473	215721	228624	115986	112530	267793	264408	203077	194658	321602	341035
E3NZ06	E3NZ06_DANRE	aldh1l1		33234.2	29530.9	20729.3	20713.1	33414.9	32848.5	31257	33978.8	39636.1	30592.7	38532.7	34379.2	41737.8	40056.5	37398.3	38109.5
E7EXC4	E7EXC4_DANRE	serpinb14		93360	88544	58826	54974.9	94504.7	94720.6	69400.5	67768.7	80864.3	95656	78446.8	80042.7	73246	77817.5	88600.5	96857.9
E7EXE9	E7EXE9_DANRE	rbbp6		17145.4	17987.9	16248.6	18578.2	18037.4	18678	20952.2	16732.2	18694.6	17811.2	22408.2	22034.2	20761.6	24248.2	15913.2	17284.7
E7EXH4	E7EXH4_DANRE	bbs4		64313.6	59421.3	73233.3	69208.5	102934	101731	104992	105083	82624	91093.7	91114.5	85252.3	102439	101483	78549.5	93168.1
E7EXI6	E7EXI6_DANRE	phf12a		5018.02	6809.98	7984.69	8457.91		8419.3	8194.8	11365.2		9971.98	7905.2	10013.4	6817.61	6329.43	7524.05	9481.07
E7EXJ6	E7EXJ6_DANRE	nup188		14616.4	14794.8	14916		15798	9854.9	18151.1			17940.7			11570.4	10852	19132.3	25214.5
E7EXT3	E7EXT3_DANRE	pygmb		1.01642e+06	1.04087e+06	1.1077e+06	1.09081e+06	1.03786e+06	1.05603e+06	1.10398e+06	1.10384e+06	1.24193e+06	1.15515e+06	1.00814e+06	971562	959876	958377	1.22337e+06	1.42205e+06
E7EXT6	E7EXT6_DANRE	akt3b		41571.4	39558.2	37247.6	40380	38430.6	37388.7	45361.6	39754.2	31618.1	34790.1	45195.7	49451	50912.3	48265.5	38208.9	30671.9
E7EXU6	E7EXU6_DANRE	slc7a8a		16801.5	15620.7	18555.2	26059.6	16525.2	24766.8	9484.32	16945.5	14985.5	21783.2	14600.5	14719.2		12258.1	18887.6	19824.8
E7EXW2	E7EXW2_DANRE	pign		19082.6	14668.5	12372.5	10865.1	17974.4	16859.2	19332.6	21208.5	13675.1	18088.1	26500.8	23112.4	20368.4	15771.1	9414.71	8071.96
E7EY10	E7EY10_DANRE	cacng3b		26348.7	24743	20246.5	19656.8	24539.5	27155.7	21526	28385		32807.1	22326.7	17850.8	17300.1	16859.6	22800.8	26996.3
E7EY13	E7EY13_DANRE	chdh		25495	24874.1	19580.3	17179.1	25922.6	25506.5	30484.4	29586.2	23361.5	23711.5	29489.6	35906.1	37425.6	38227.9	20973.5	17578.9
E7EY34	E7EY34_DANRE	akt1s1		25497.1	27745.1	30803.9	30172.2	22043	27695.2	24047.9	23799.8		19107	11670.4	14070.3	12732.6	17024.4	35441.8	31452
E7EY38	E7EY38_DANRE	mon1bb		24058.7	18553	26234.4	29481.5	25181.5	27561.6	22177.6	20987.9	24935.2	22207.7	26636.1	25230.9	19604.7	15002.9	23703.7	27626.3
E7EY42	PTSS2_DANRE	ptdss2		34602.8	30611.2	28548.2	36404.6	25898.2	31647.5	20987.4	31386.8		28874.2	22560	24559.4	20153.2	27772.9	38336.9	44737
E7EY65	E7EY65_DANRE	mta3		45584.5	44499.1	30538.2	31891	41009.2	39146.8	35621	44399.1	32722.4	38565.1	47128.7	42598.1	51973.7	54030.6	32289.3	32255.7
E7EYC1	E7EYC1_DANRE	tfcp2		29366.2	33035.6	30517.9	30015.3	28610	35568.2	27671.2	30140	44099.2	30300.6	31626.9	32550.1	24391.8	28616.4	33835.3	33321.6
E7EYQ0	E7EYQ0_DANRE	serbp1b		118795	117306	107214	100874	136531	130768	133905	119238	144357	160785	146699	146649	133157	132033	110487	117668
E7EYT5	E7EYT5_DANRE	rgs9bp		199185	184840	198664	190425	211886	203957	244406	229659	147960	155671	158616	170930	196524	190508	147513	135829
E7EYW2	E7EYW2_DANRE	epn2		42332.9	41700.8	42234.3	42979.7	45380	39055.4	37497.2		50110.7	42951.4	49930.6	43542.3	56757.6	40485.6	25229.6	47711.1
E7EYZ3	E7EYZ3_DANRE	ogfr		19605.3	15631.2		13497.9	13849.8	11665.3		9547.07		13047.2		17512.6		14957.8		
E7EZ02	E7EZ02_DANRE	lsm8		159006	143267	135707	137839	116588	106925	140736	134335	80914.5	97333.2	162127	166744	181938	178280	121222	116261
E7EZ05	E7EZ05_DANRE	ogdhb		42898	45641	47174.7	51077.6	44996.5	47568.2	41855.5	44654.2	53590.9	52413.9	44067.1	43498.1	43870.4	47604.1	46764.8	46819.8
E7EZ90	E7EZ90_DANRE	thop1		84945.4	76959.3	81408.6	82368.8	88280.4	88704.2	101092	98847.4	83920.8	73109.3	81855.3	82180.8	96477.8	99270.9	63780.3	67387.3
E7EZ94	E7EZ94_DANRE	gstt1a			9094.12	9724.86		21301	22020.5	24212.1	19562.4	30483.8	20771.4	19775.4	16643.3	19644.9	16160.1	19981.1	27874.6
E7EZD1	E7EZD1_DANRE	nbeaa		41756	40095.3	38612.1	41387.7	41586.7	39438.6	36067.4	40096	34041.8	40065.3	41387	40364.8	38240.1	38909.5	33889	35366.4
E7EZD6	E7EZD6_DANRE	usp4		12959	13679.3	9325.29	15110.2	13512.5	18197.9	14102.7	15023.9		18510.9	16160.2	16230.7	13448.2	16302.8	14609	10764.2
E7EZE2	E7EZE2_DANRE	stt3b		79693.9	64969.7	50900.5	42899.7	66375	59386.6	64902.6	74095.9	61805.4	72893.7	77718.7	71218.5	78124.3	71507.5	54125.2	50743.2
E7EZE5	E7EZE5_DANRE	iqsec1b		44540.2	44957.6	41586.3	39679	40788	37460.6	44472.5	39827	40544	44425.4	50275.4	48577.1	46419.5	46616.9	40306.3	35861.3
E7EZE6	E7EZE6_DANRE	lsm3		5684.4	5127.34	9704.17	7678.79	7873.09	6329.54	5172.76	6086.43	9947.64	10242.8	3685.55		7356.47	5791.29	6549.52	15614.1
E7EZL0	E7EZL0_DANRE	lmtk2			23569.7	17446.3			13776	21035.1	12742.2	24208.2	15313.7	14051.7		16890.6	12865.6	20710.2	11170.9
E7EZP9	E7EZP9_DANRE	fhl3a		169681	176245	134592	133956	137685	123093	231372	224279	131722	137481	181999	167091	195173	196298	210143	217021
E7EZQ7	E7EZQ7_DANRE	nacad		34841	32917	30594.7	31955.3	31794.7	30869.3	31756.3	34002.8	45915.5	35496.5	36635.4	38636	33382.8	35381.6	34674.1	31600.4
E7EZV6	E7EZV6_DANRE	sun1b		40871	36102.8	37354.8	38633.7	42778.6	40856.3	40847.2	40843.2	46906.9	39714.4	42960.7	40346.3	37733.1	34257.9	38069.3	42715.4
E7F006	E7F006_DANRE	pitpnm3		10610.5	11315.8	10221.5	11934.4	11686.8	9226.88	12215.6	9409.28	8807.21	13882.1	15126.4	11686.3	11677.6	10982.6	9720.84	12290.7
E7F049	E7F049_DANRE	ktn1		160367	160801	154011	152313	154638	161282	155592	158436	163893	181467	173478	181617	183482	179753	175704	182906
E7F078	E7F078_DANRE	fam171a2a		4053.27	5400.13	3331.75	3466.58	3105.93	4179.77	2998.55	3329.61	6742.96	3115.15	5952.81	4628.8	8334.21	5028.45	2908.85	
E7F079	E7F079_DANRE	hmox2b		40806.4	40596.7	30538.4	32159.4	39702.7	39594.6	40067.1	38078.1	45645.4	45203	38101.1	41835.1	37262.1	39705.5	35239.8	40013
E7F0A1	E7F0A1_DANRE	pfn1		260507	274506	309799	316608	403039	372081	258024	278100	156234	203440	278076	326108	354259	362555	326137	331527
E7F0D3	E7F0D3_DANRE	stx12l		23935	29385.1	36286.5	44248.9	36713.4	40414.1	35707	40155.8	45399.4	53006.4	33699.9	29682.6	33485.6	29402.6	57894.8	74239.3
E7F0E2	E7F0E2_DANRE	gnpda2		43757	39440.1	38750.4	37048.2	36122.5	36354.9	42994.4	35008.4	49780.6	42347.2	42322.3	43186.1	35152.7	40824.1	46248.8	48071.1
E7F0E8	E7F0E8_DANRE	xpo1a		57275.2	57486.2	55611.3	57847.7	55707.5	57241.9	57406.7	50196.9	60622.4	54881.4	57129.7	53604.7	52135.9	61072.4	55343.4	52949.1
E7F0M9	E7F0M9_DANRE	tmlhe		244079	235053	155243	136169	197888	195846	166241	186868	175329	206016	269145	254566	277513	282020	202265	193859
E7F0T8	E7F0T8_DANRE	si:ch211-11k18.4		34971.2	34628.6	29480.3	32672.3	32156.5	26700.8	30466.5	32914.4	29986.4	32938	41229.7	36630.7	33257.7	37355	27776.1	25740.4
E7F0X5	E7F0X5_DANRE	ifi44g		26982.9	35272.3	28186.3	34863.9	29742.4	30549.5			30191	30294.5	34219.3	29988.8	35411.6	26182.8	22837.5	29494.8
E7F0X6	E7F0X6_DANRE	smc1a		25463.9	29324.7	17515.4	20799.8	16987.3	21557.6	18538.6	19063.9	18197.4	14654.2	19491.7	16721.6	21056.6	16715.5		
E7F123	E7F123_DANRE	anpepa		34526.1	39203.4	29954	29670.6	28097.7	30582.6	38544.6	41396.1	28724.3	25784.1	39955.1	39791.1	33503.4	32289.5	49507.1	50554.1
E7F125	E7F125_DANRE	ifi44a1				3877.74	3443.72	18389.8	14708.5	1989.48			7319.71	4206.56	6913.8	6288.53	6497.38		
E7F132	E7F132_DANRE	hint3		22257.5	25223.5	22378.8	27091.5	20824.9	21246.8	24535.9	24781	37912.2	25853.1	27119.6	21626.6	23496.6		22103.9	18393
E7F147	E7F147_DANRE	ponzr1		2297.38						2443.93			3783.25					8043.78	10327.9
E7F164	E7F164_DANRE	rps6ka2		163059	146385	127847	125213	110997	98271	119680	118448	132124	116325	142492	137678	137588	145698	98477.7	88649.6
E7F184	E7F184_DANRE	sun2		28856.7	22876.8	30161.4	26576.5	40953.5	36190.4	35993.1	34686.7	29689	24823.1	42992.2	46668	43902.1	42061	40352.3	38013.2
E7F1B1	E7F1B1_DANRE	si:ch211-145b13.6		19722.6	16202.1	23149	14789.6	14636.7	10633.4		8075.39	8875.44	5066.08	16534.2	12185.6	6784.57	12163.6	13891.3	13483.6
E7F1E2	E7F1E2_DANRE	tstd3		73220.6	88092.2	80444.9	83204.9	66032.9	57016.4	70626.6	78474.6	30226.5	41095.7	66263.6	62362.6	94871	91013	64457.2	59313.1
E7F1E3	E7F1E3_DANRE	abcb4		19722.3	20243.2	30211.9	30536	16605.1	20495.6	15691.3	15182.5	18076.4	21414.7	13342.8	14765	22459.3	18963.7	34431	27267.9
E7F1F5	E7F1F5_DANRE	gngt2b		2.42512e+06	2.59348e+06	2.9782e+06	3.05846e+06	3.25184e+06	3.4805e+06	3.10502e+06	3.43892e+06	2.36366e+06	3.11002e+06	2.23319e+06	2.33454e+06	2.53542e+06	2.68646e+06	3.18703e+06	3.53643e+06
E7F1G6	E7F1G6_DANRE	b2ml		21262.7	28089.5			22782.7	22512.3				21988.8		14106.9	14590.9	14025.2		
E7F1G8	E7F1G8_DANRE	ddx61		59231.7	55009.1	64129.1	61320.9	44336.6	40030.2	41204	44705.6	30453.9	44582.3	45316.3	48956.3	44327.9	43892	57069.1	64409.2
E7F1H9	YTHD2_DANRE	ythdf2		76159.4	75323.5	71645.2	64061.5	67316.3	63288.3	74501.1	72652.2	64999	57698.6	78435.4	79747.1	75117.5	77030.1	58073.6	59185.1
E7F1I2	E7F1I2_DANRE	arl6ip6		7218.96	11940.5			9825.82						10333.8	13901.4	11210.7		77824.8	102886
E7F1X7	E7F1X7_DANRE	srrm1		73926	79342.3	73452.1	71185.6	64333.3	66027.2	73663.8	77398.4	47024.3	59182.1	87613.6	78222.4	84726.9	88687.3	62370.5	51434.3
E7F242	E7F242_DANRE	zfyve1		5984.47	6352.06	8573.18	7194.8	6355.4	4420.18	5994.57	6007.84		5221.91	6608.46	6679.85	8275.84	8028.79	5172.96	
E7F258	E7F258_DANRE	hpgd					14195.2	9122.3	16287.2		13180.9	15168			7912.39			28880.7	31598.9
E7F290	E7F290_DANRE	si:ch211-222l21.1		12533.1	12449.7	21274.1	27462.8	15453.7	18534.3	20855.5	18236.6		18138.9	21260.6	26208.6	29275.5	26997.9	21692.4	18339.3
E7F2B6	E7F2B6_DANRE	parga		25440.1	28946.8	20044.1	20262	23224.5	24057.1	23705.9	26309.3	35672.4	31291.4	30715.4	30537.5	33362	29286.8	25559.5	27766.8
E7F2B8	E7F2B8_DANRE	slc25a18		80904.5	55638.7	78317.3	65608.8	52925.9	63668.1	53110.6	58342.7	64026.4	70582.8	51206.7	64405.6	85767	112186	46556.6	58825.9
E7F2L3	E7F2L3_DANRE	map3k5			11544.1	17818.3	19056.4	14110.4	15434.3	16107.6	12111.2				13909.4	13510.1	12219.8	29360.5	33881.7
E7F2M5	E7F2M5_DANRE	cd59a		1.53506e+06	1.58117e+06	1.86079e+06	2.04531e+06	1.22737e+06	1.5689e+06	1.01861e+06	1.30888e+06	2.02524e+06	2.21175e+06	645243	771374	556682	624945	2.30971e+06	2.5971e+06
E7F2R1	E7F2R1_DANRE	skic3		67462.6	50894.3	56558.1	43092.3	66502.1	50727.8	56879	54769.2		71653.1	86353.9	78350.2	81926.3	83613.8	43813.5	61287
E7F2S4	E7F2S4_DANRE	spg7		188495	154205	147678	135065	163150	156827	146129	132619	185650	241008	152797	123222	189571	192116	134243	151538
E7F2T5	E7F2T5_DANRE	coa4					2855.79	3122.85	6880.3		1943.29							7349.28	7261.32
E7F2T9	E7F2T9_DANRE	ankrd33ab		8413.33	9381.63	6096.9	6929.28		9781.16		10221.5		8457.74	6463.49	6602.57	7673.53		11474.9	8806.97
E7F2W1	E7F2W1_DANRE	aadac		27695.3	28938	24349.3	23632.8	32570	34893.7	35714.5	36820.9	48916	30885.4	30524.2	29379.8	36690.7	35867.9	26203	25494.9
E7F2X0	E7F2X0_DANRE	clip1a		37934	33374.2	36984.3	38617.9	43138	42546.9	40413.8	41452.2	36453.2	34864.5	44962.8	41793	48959.8	47538.7	42621.9	44001.3
E7F2X3	E7F2X3_DANRE	ints4		13651.4	12143.9	13176.1	12194.5	13116.4	13129.8	11497.4	12691.7		13460.4	15669.1	15121.6	19508.6	13392.1	11523.1	12330.4
E7F350	E7F350_DANRE	dis3l2		9423.04	12391.9	12238.7	12086.9	11127.4	10891.2	10044.3	10643.8	8224.2	8299.73	8758.79	9644.15	9107.12	9468.05	10078.1	10476.4
E7F354	E7F354_DANRE	ywhag2		943555	866622	791417	752192	874165	782802	859753	802071	1.23261e+06	1.12106e+06	956126	864686	957782	924877	832367	921880
E7F368	E7F368_DANRE	prkcea		42317.7	41661.7	36673.1	37343.9	36746.9	37827.1	38136.4	41912.8	39131.8	44347.9	46836.2	45933.2	42212.2	43819.1	39623.4	42773
E7F3A4;E9QDC9;Q6AXK6	E7F3A4_DANRE;E9QDC9_DANRE;Q6AXK6_DANRE	ypel1;ypel2a;ypel2b		17370.5		17079.4	13156.5		15567.1	20576.7	16349.7			23738.5		21649.8	19490.3		
E7F3D6	E7F3D6_DANRE	scyl1		6555.8		5049.43		2979.33	3565.9	5030.65	3035.83	1047.7	1920.56		4783.23		5252.52	4851.7	2133.45
E7F3G3	E7F3G3_DANRE	wfdc2		23715.2	23694.3	14433.7	15765.1	22457.9	22659.1	16930.4	16024.2	18296.6	21375.2	19858.4	19363.1	21706.4	18730	22156.1	25857.6
E7F3G8	E7F3G8_DANRE	cyp27a2		18002	14452.6	21943.4	23047.7	19987.4	21733.3	15423.4	17263.2	23810.5	25159.5	21480.1	25402.2	8731.35	16100.6	37098.5	46744
E7F3I6	CLP1_DANRE	clp1		5747.8	5405.93	6120.19	9518.28	8520.28	9164.88	4704.87	10219.5	6540.36	7864.63		5095.78		3995.68	5949.55	11115.1
E7F3I8	E7F3I8_DANRE	dhx15		99688.9	96363.7	95534.6	92459.4	93062	89179.8	99887.9	93172.3	92205.7	86988.5	97901.2	105877	105896	105099	87366.9	85397.9
E7F3J0	E7F3J0_DANRE	ppp1r9ba		33097.1	32107.4	32255.4	30798.9	32679.6	29776.4	35396.1	33277.7	23360	28741.5	36081.3	39547.5	32939	38459.2	28691.9	27053.9
E7F3J2	E7F3J2_DANRE	hnrnpua		99834.8	108434	110965	109109	105483	117010	109384	115162	124670	128716	96203	101198	96391.5	101940	117584	136624
E7F3T1	E7F3T1_DANRE	slc4a1ap		12150.7	12563.6	14505.3	17368	16792.3	13187.9	14617.2	12786.5	19983.1	12833.4	13731.6	12604.9	12845.4	13313	13684.1	13748.1
E7F3T7	E7F3T7_DANRE	grk6		27842.7	16734.2	18705.2	21475.3	14358.4	20077.6	30726.4	19706.2	12218.3	9790.11	29878.5	27320.6	24292.5	21531.3	9455.15	12086
E7F3U3	E7F3U3_DANRE	pdk1		113017	102331	100148	99931.6	77947.7	64814.9	97941.6	90065.8	78211.7	74157.4	114144	105874	109590	111205	68391.5	64699
E7F429	E7F429_DANRE	si:dkeyp-121d4.3		23713.7	20174.2	26826.6	32477.4	23160.8	26336.1	29920.3	26975.5	27641.9	29229.1	11445.9	18262.7	43318.4	29612.7	28365.6	28428.5
E7F498	E7F498_DANRE	tmem179bb		46705.2	46569.6	61438.9	67145.3	55448	52791.5	44879	49606.2		31900.3	75968.4	70469.7	50771.8	57884.2	78639.1	83021.4
E7F4G2	E7F4G2_DANRE	sbf2		26768.2	17602.3	26767.3	23245.3	22904.8	15382.7	28542.4	20781.5	22837.1	27071.2	22384.8	18797.8	25681.6	32819.7	18152.9	14904.7
E7F4I7	E7F4I7_DANRE	aipl1		100243	92221.5	102153	100769	127396	116802	147776	141355	121390	127935	165116	163613	141142	146712	122183	119827
E7F4J8	E7F4J8_DANRE	tbl2		18529.5	21693.2	15940.8	14338.3	13774.4	21460.5	26881.2	23387.2	34423.6	20475.7	23028.2	15571.1	26003.1	19886.1	18761.4	17549.4
E7F4J9	E7F4J9_DANRE	cux1a		23820.3	37510.9	28071.9	31316.3	29608	29678.6	36449.3	31584.5	23568.4	26292.8	31379.2	31483.2	33239	31407.4	27377	21739.8
E7F4T6	E7F4T6_DANRE	timm21		23547.8	19505.4	22412.6	23938.8		16273.3	8680.86	14546		32845.6					22475.5	
E7F4U8	E7F4U8_DANRE	scaf4a		38547.7	42711.1	45329.1	47647	43094.3	43655.5	42253.4	43127.8	32675.6	41048.9	49098.9	45571.5	42542.6	42218.3	51144.2	44575.7
E7F542	E7F542_DANRE	rp1l1b		149994	155707	131081	128782	149515	152124	147207	143713	116214	117108	116958	106013	122923	122457	92998.7	92830.5
E7F571	E7F571_DANRE	ppp1r9ala		13949.4	16713.3	16691.6		13328.5	14960.5	13733.4	14676.8		11123.6			14947.9	15496.9	14883.7	18704.8
E7F590	VPS41_DANRE	vps41		174792	134455	185074	146589	169157		135147	186168		205195	146416			151361	163387	170695
E7F5A4	E7F5A4_DANRE	si:dkey-261m9.12		220731	199669	331769	331710	256812	265003	296917	288049	213899	166277	271081	244574	402967	381892	238431	241551
E7F5H1	E7F5H1_DANRE	chchd5		22221.1	18351.9	11179.9	13025	18090.1	19047.2	17518.9	10365.2	22147.9	22412.1	14129.7	19793.9	22684.9	19376	19798.9	17388
E7F5I9	E7F5I9_DANRE	pde6b		662726	641404	569535	543177	657175	632525	778889	769735	593979	637208	690807	676306	818043	830069	497000	509882
E7F5L8	E7F5L8_DANRE	mphosph10		8240.57		5946.81	7552.7	5962.16	6392.29	6390.77	6421.34	5016.71	4526.95		9476.08	10043.2	9973.58	6233.03	3431.12
E7F5M2	E7F5M2_DANRE	tmem260		335054	269406	324671	284542	311457	308216	280324	243068	135160	240743	379994	341749	373731	359954	304021	293750
E7F5V3	E7F5V3_DANRE	fasn		83616.5	80498.6	71553.1	70417.6	82411.4	83847.3	89151.8	86910	95337.6	96342.9	84643.4	79117.9	80671.1	75221.4	68341.1	70114.6
E7F5W0	E7F5W0_DANRE	gba2		12539.1	13600.1	18670.2	24611.6	15523.4	11742.1	17154.5	14142.9	27587.7	18489.7	24444.7	18595.3	26506.8	23462	12175	10772.9
E7F624	E7F624_DANRE	map6a		97358.1	97802.1	80406.8	85863	84491.3	82712.3	77171	81398	89114.9	97414.9	87651.9	91066.8	85537.1	89331.7	80200.5	77181.5
E7F635	E7F635_DANRE	gabra2a		6971.39	10578.5	11628	12681.4	6621.34	10060.8	8465.73	8032.26		5468.84			13405.9	6828.42	7658.09	16943.4
E7F638	E7F638_DANRE	msnb		279384	271567	311569	311016	292822	296606	301319	306857	281445	280803	292817	286538	342528	342604	227136	242575
E7F661	E7F661_DANRE	btbd8		38192.7	35670.5	32760.7	35728.4	44241.1	39061.2	43113.5	39649.8	48418.7	43357.8	47925	40764.4	53608.4	47851	35840.8	44951.9
E7F6A5	E7F6A5_DANRE	mrpl47		11871.3	13519.5	16386.3	12990.9	11350.9	8023.6	9912.82	9516		6422.68		11331.1	10658	9194.9	9098.08	
E7F6B2	E7F6B2_DANRE	samd11		31412.1	35241.8	32755.8	30038.6	33118.1	36532.6	38143.9	42383.7	31256.2	29324.8	31868.5	34086.5	37603.1	39301	31578.1	32815.8
E7F6D0	E7F6D0_DANRE	si:ch73-22o12.1		67289.3	65511.4	71047.4	63936.9	73202	77817.8	69612	64845.5	97088.2	84689.9	66365.6	73809.3	81681.1	68950.4	63527.9	86512.6
E7F6D6	E7F6D6_DANRE	afg3l1		40598.3	37789.5	31728.4	29484.9	36365.5	37883.7	36324.6	33311.4	32570.9	40904.1	37541.1	37442.1	36786.8	37547.2	34654.3	32898.8
E7F6E2	E7F6E2_DANRE	rbm12bb		35218.7	42160.4	39844.1	45318.7	41511.3	47690.1	40446.3	48027.4	30640.8	43420.6	38619.2	36474.5	32398.6	30998.9	49528.5	49824.6
E7F6F7	ABCB7_DANRE	abcb7		16108.5	16103.8	17447	18583.7	15832	14518.6	14553	16550.7	17032.8	21029.4	15562.4	18719.1	27877.9	23412.2	13840.3	14745.3
E7F6H3	E7F6H3_DANRE	ctif		31092.2	25401.3	24977	23511.2	25288	21121.3	23904.4	26639	16276.1	20484.7	37301.7	32253.9	34573.5	35585.8	18463.1	17859.2
E7F6H7	DCI2A_DANRE	dync1i2a		79924.3	77654.2	81574.7	72441.6	75132	65875.7	79101.4	70890.4	58747.6	64757.2	87772.7	92845.5	86983.3	82598	70977.1	70778.9
E7F6L6	E7F6L6_DANRE	tanc1a		4899.68	4805.88	5441.59	7354.7	4374.08	5504.94	6842.46	6915.12	6801.42	7129.73	5167.85	6181.61	6539.95	4658.5	7091	6974.25
E7F6P6	E7F6P6_DANRE	prune		4683.18			4773.86		4984.96		3569.53			4605.96			5993.67	7929.83	
E7F6X2	E7F6X2_DANRE	vkorc1		39365.4	38425.3	43026.6	37270.9	33346.8	42355.7	36569.9	49175	44277.4	59158.8	19418.4	27777	21015.1	20166.4	54060.3	58044.7
E7F6Z2	E7F6Z2_DANRE	sv2a		647820	635485	510886	465300	520542	530335	533370	537082	656739	699962	656991	619103	620210	591470	532496	536606
E7F6Z6	E7F6Z6_DANRE	oplah		140159	138595	135185	137243	113775	124504	107113	107212	142857	142162	145518	137976	97271.7	103678	159853	182738
E7F700	E7F700_DANRE	herc4		25055.3	31626.8	29759.6	34638.4	23251.4	24748.6	28355.2	28274.2	25913	26634.1	27662.6	28063.2	28743.3	23690.7	26744.4	25157.1
E7F715	E7F715_DANRE	sec24b		25224	22472.3	24781.5	24434.5	28351.1	27301.9	22180.7	25514.8	39388.1	36450.4	26671.2	21543.3	24268	23819.1	29694.5	30451.6
E7F723	E7F723_DANRE	mast2		6215.18	5112.01	5452.74	5072.94	7858.29	3539.71	7230.74	4447.88	7426.05	6725.87	4158.79	5385.49	4193.71	3493.61	6438.87	5792.4
E7F725	E7F725_DANRE	cpne7		31455.3	30027.5	23762.2	23814.8	27284.9	27553.2	29859	25969.5	31075.3	27245.9	27761.7	32765.2	32997.4	31864	26862.7	25495.1
E7F7E2	E7F7E2_DANRE	spata20		89815.4	87202.2	82942.5	79801	85305.3	84997.7	83025.9	81709	61991.5	83274.9	94123.5	87161.8	104863	102353	75012	77724.8
E7F7E9	E7F7E9_DANRE	grm2b					6920.97	6519.46					5577.29						
E7F7G6	E7F7G6_DANRE	cdc42ep4b		10979.6	14788.7	14631.7	16283.1	11920.5	14197.3	6438.06	15658.3		18988.4	7449.24	9640.13		6014.99	19952.5	25451.3
E7F7J1	E7F7J1_DANRE	fdx1		87996.2	92904	98160.7	94322.3	56036.2	58878	64051.6	67997.6	78225.8	66323.1	72863.8	72723.4	77034.9	81252.8	88384.4	81267.4
E7F7J7	E7F7J7_DANRE	gpnmb		35779.1	36316.9	38849.7	43121.1	38981.9	42848.7	40647.6	41875.8	37192.1	42565.5	28460.7	26707.8	31957	36881.9	55542.6	61700.1
E7F7K1	E7F7K1_DANRE	kctd12b		14315.6	13413.8	12692.7	12813.4	17636.4	14146.9	19650.8	13038.2	15182.1	16292.8	19578.8	19401	18384.5	24313.6	12657.8	11478.6
E7F7T1	E7F7T1_DANRE	ppp1r1b		44845.5	42086.7	48693.7	47671.3	47932.9	45874.9	44501.5	49664	55615.1	46117.4	60317.4	59075.9	55135.9	54847.1	47173.2	46091.9
E7F7T2	E7F7T2_DANRE	mpzl1l		69275.5	66984.3	69846.3	79282.1	71390.1	68355.9	69047.1	78774.7	67225.8	88561.9	65747.5	62257	47508.3	53500.1	71969.2	88972.5
E7F881	E7F881_DANRE	abhd6a		14156.3	15642.6	17079.7	15627.4	12446.2	13815.7	16518.7	13272.6	20888.2	16758.2	15006.5	14969.7		15757.8	13597.8	16200.8
E7F890	E7F890_DANRE	plpp2a			9222.45	10385.8	8794.9	10885.2	11613.1		6679.14			9768.66		9544.01	7051.91		9756.28
E7F8A9	E7F8A9_DANRE	tap1			12651.3			20731.9	22859.5						16097.1	14360.4	14283.4		
E7F8G5	E7F8G5_DANRE	arhgap35a		10424.4	15561.5	16220.5	20225.7	16705.7	16200.6	11938.9	12690.2	19337.7	26172.2	13482.8	25139.5	19440.4	14032.1	17129.3	24106.2
E7F8J2;E9QFU6	E7F8J2_DANRE;E9QFU6_DANRE	histh1l3;si:dkey-108k21.10		121615	115445	186105	181047	176432	162328	200797	186499	95673.6	96551.8	147111	152454	222540	210214	125429	130353
E7F8K1	E7F8K1_DANRE	si:ch73-352p18.4		12357.2	7561.65	12137	12324.2	13136.4	11957.1	15635.3	9412.05	22050.6	15993.7	17245.9	13710.1	16346.9	15633.2	8766.34	13365
E7F8R4	E7F8R4_DANRE	arg1		84149.5	83176.3	79184.7	77215.4	76008.7	77296.7	72040	75029.1	96988.6	93700.6	149542	146659	81231.6	75359.3	139271	142462
E7F8S4	E7F8S4_DANRE	tkta		5.17771e+06	5.40231e+06	5.05329e+06	4.9415e+06	4.94279e+06	4.99373e+06	5.45215e+06	5.4498e+06	6.82153e+06	5.92485e+06	5.16642e+06	5.20992e+06	4.95433e+06	5.32388e+06	5.68949e+06	6.16382e+06
E7F8T6	E7F8T6_DANRE	nampt1		131267	125828	131567	131048	138747	136399	132275	136940	141276	137887	128744	128675	135013	137012	145454	162581
E7F922	E7F922_DANRE	fam171a2b		7629.64	8638.21	8472.38	7164.72	4897.22	7714.88	8786.53	6635.44	13990.3	10457.2	6435.77	6151.29	7825.06	5996.6	5403.13	4808.5
E7F981	E7F981_DANRE	nup98		66107.6	65256.7	66187.2	65139.5	63771.4	59560.4	70456.4	66937.8	51889.6	60209.1	81844.7	73133.2	79146.4	78275.9	64519	64536
E7F983	E7F983_DANRE	akap12a		215300	218957	200592	193953	177254	172940	185029	174454	188995	172811	210137	211101	203323	200860	275521	281680
E7F9C4	E7F9C4_DANRE	prkaa2		32667.8	29965.2	28899.1	30038.5	24298.7	24835.3	25560.9	23745.9	33226	27959.8	22960.3	25444.3	23315.9	23788.6	29360.3	28659
E7F9L8	MYO1D_DANRE	myo1d		25452.2	24268.5	25424.4	22402.9	20071.4	17415.1	21555.3	19544.4	15861.5	16817	23658.9	22591.4	22505.3	18020	20823.4	19168.2
E7F9M6	E7F9M6_DANRE	pfkla		60632	59505.3	59859.3	57334.6	42530.1	46502.8	47339.8	45985.1	39117.3	41906.4	63656.5	66330.8	58495.8	59595.3	64676.9	61183.4
E7F9P8	E7F9P8_DANRE	LOC101886286		6268.24		5576.57		6854.79	5075.99	5721.32			5114.57		6760.65	6282.08		6750.14	
E7F9R1	E7F9R1_DANRE	atp1b4		186862	191447	108117	106496	109979	117975	124291	124085	255980	221698	131875	132636	115882	137070	136214	167631
E7F9R5	E7F9R5_DANRE	cdk18		11336.1	12291	12105.6	10510.6	11739.6	11181.1	10998.8	10769.2	16484.8	16494.7	13968.9	13072.8	11994.8	13339	13421.8	11565.1
E7F9W7	E7F9W7_DANRE	pdha1b		635039	677923	643009	660811	564214	626982	513600	554463	756052	718972	513024	482522	499721	515135	765574	786840
E7F9Z1	E7F9Z1_DANRE	vwf		31177.7	30631.8	33322.7	33763	34898.8	33702	20826.7	20081.9	19852.2	17897	39739.1	42559.6	25550	25333.1	32977.2	31825.9
E7FA12	E7FA12_DANRE	trappc8		45820	42338.8	43477.2	40014.4	39622.4	40449	42653.9	42917.2	36433.3	44931.9	46367.9	44888.2	48957.4	46330.5	42310.4	38833.6
E7FA20	E7FA20_DANRE	si:ch211-256m1.8		34033	32896.3	35568.5	35033.3	34698.7	30895.4	42669.7	39194.9	45221.3	32311.5	49251.4	49420.4	43184.4	42481.3	42088.1	43709.5
E7FA22	E7FA22_DANRE	ptp4a3b		59805.1	57270.3	62865.7	65301.7	78884.1	75336.1	80378.2	77255.6	63872.5	75681.5	84670	88089.3	107491	107005	51318.2	41966.8
E7FA56	E7FA56_DANRE	tppp2		129528	134097	139302	155516	122826	123801	131462	146057	132750	130446	115185	105903	151149	144806	124174	136016
E7FA76	E7FA76_DANRE	wdr20a				7657.05	4618.62	4935.27	8630.01	5189.68	6292.62	13663.9	10506.6					12487.7	13626.1
E7FA89	E7FA89_DANRE	si:ch211-266o15.1		23391.1	21479.3	21811.9	22834.1	26417.4	21830.2	27427.6	25079.7	23090.5	23110.5	24899.8	22059.7	30328.9	30099.8	21308	20453.2
E7FA90	E7FA90_DANRE	lamtor5		64964.2	56029.1	64355.9	39493.6	68407.2	49455	66729.6	64645.6	59008.1	45016.8	90059.3	70806.1	79240.7	73784.1	60671.7	44829.2
E7FAE7	E7FAE7_DANRE	si:ch211-105c13.3		117074	118112	149229	145357	129089	123351	92337	87439.1	108550	106953	107660	103707	77943	81831.4	160062	158224
E7FAK0;F1R9N6;R4GEY3	E7FAK0_DANRE;F1R9N6_DANRE;R4GEY3_DANRE	si:ch211-113a14.12;si:ch211-113a14.18;si:ch211-113a14.24		19322.5	23262.7	34399.3	32705.7	26739.2	31568.6	32379.6	38241	14371.9	64708.6	17745.2	21074.2	17169.3	22941.8	39857.1	66069.5
E7FAL7	E7FAL7_DANRE	zgc:92380		110590	108459				3114.4	2785.98					11031.2			94144.8	103076
E7FAL8	E7FAL8_DANRE	sccpdha.2		6451.59	10263.4														
E7FAN5	E7FAN5_DANRE	f2		125545	121455	145061	150269	117935	113755	123053	127944	64801.2	66919.7	206997	181628	167306	160819	174567	176735
E7FAS3	E7FAS3_DANRE	arfrp1				5744.01	5347.24	6272.56	7473.02	3480.75	5367.06	15519.2	17348.9					8178.67	11599.7
E7FB58	E7FB58_DANRE	fdxr		224905	233521	291161	292975	101130	103438	108328	111195	165834	142855	149686	155548	189724	167757	244460	270305
E7FB74	E7FB74_DANRE	atxn1l		8575.43	5867.94	3492.17	7596.72	4881.48	6059.26	6752.22	5796.04	5359.56	4422.71	7313.05	6734.74	8593.03	7730.29		3334.18
E7FBA3	E7FBA3_DANRE	smg8		10218.8	11397	12750.6	11675.4	7800.38	10780	11030	12746.6		13164.5	9618.53	12826.2	9921.21	9318.62	13112	10096.3
E7FBE1	E7FBE1_DANRE	sema7a		19008.2	18399.6	16756.9	15427.8	13787.4	16146.6	18628.3	13266.9	44629.5	17522.2	16340	13018.1	17221.5	17246.4	12515.5	11399.5
E7FBE2	E7FBE2_DANRE	trmt10a		12291.1	10031.7	12833	12758	15576.4	14902.1	11335.9	12136.7		12793.3	14383.6		16807.5		16404.6	20494.6
E7FBI2	E7FBI2_DANRE	map4l		663663	695986	628683	633568	560800	589821	615958	652214	610703	715008	553024	562520	547708	562795	619001	682683
E7FBP9	E7FBP9_DANRE	golm2		33192.2	40156.4	39720.9	34893.3	37043.1	35071.2	35574.6	36721.7	40039.2	35178.4	42457.6	40607.1	42937.3	45449.2	33043.9	31950.1
E7FBR1	E7FBR1_DANRE	smpd2b		17208.5	18154.1	19666.7	17703.1	18900	20007.5	15181.1	18069.5		16826.9	18961.8	16596.4	12998.4	13724.4	17517.5	18708.6
E7FBS4	E7FBS4_DANRE	tm4sf18		9862.24	9818.75	22396.4	23738.4	27579	27296	14983.1	19042.5	38231.1	22937.6	12379.4	9072.84	5413.64	11485.5	25782.9	26811.1
E7FBU4	MMS19_DANRE	mms19		16062.4	14858.6	16500.5	17561.3	15837.5	14494.6	15657.6	13410.9	15001.9	11599.2	17200.4	14979.4	17144	16199.6	10812.5	12486.5
E7FBZ0	E7FBZ0_DANRE	taf4a			3305.56	2343.18	2907.43		3246.61		2799.98		2960.01		2207.18			5875.35	5559.32
E7FC32	E7FC32_DANRE	tubb1		4.74073e+06	4.67961e+06	4.83243e+06	4.83585e+06	4.23273e+06	4.41924e+06	4.63417e+06	4.81683e+06	5.13329e+06	4.8272e+06	4.65569e+06	4.57156e+06	4.71679e+06	4.59871e+06	5.64365e+06	5.80272e+06
E7FC33	E7FC33_DANRE	stag1b		41513.1	38942.8	40811.7	41278	45499.7	54065.9	55224.1	49293.7	67682.3	43951.2	37073.9	46188.9	47469.9	54443.2	45286.1	51896.3
E7FC72	EXOC7_DANRE	exoc7		36021.3	36486.5	33744.3	28538.3	29003.1	27049	31990.4	19812.4	28200.2	36494	36573.2	31676.7	42512.2	36935.7	32747.8	33759
E7FC79	E7FC79_DANRE	pdpr		38815.5	37324.4	29230.3	32829.5	35821.5	35610.9	33152.2	36292.7	28892.4	24461.5	31366.7	30120.2	36210.6	35773.1	34143	24553.6
E7FC82	E7FC82_DANRE	niban1b		17914.5	24379.9	20314.2	19837.4	20327.8	17755.7	8372.55	18429.8		12964.4	20926.7	23125.7	21032.4	16153.5	27961.2	27874.5
E7FC91	E7FC91_DANRE	ankrd44		30817.1	29565	24538.8	26863.8	31025.8	31254.4	27725.4	33155.9	23460.3	24407.5	33396.4	33466.6	30300	29805.9	26224.4	25890.4
E7FC97	E7FC97_DANRE	cdr2a		25966.5	30326.4	21816.6	25782.1	55053.1	56583.7	26386.1	27509.6	49120.8	55672.1	31642.8	32733.3	36072.1	37392.2	20855.8	23061.7
E7FCA5	E7FCA5_DANRE	hdlbpb		33301.5	34904.9	33704.6	31663.2	29741.1	32682.3	31025.8	33608	32258.3	35349.8	36844.1	39607.1	37430.2	37514.8	33800.5	32142.3
E7FCD1	E7FCD1_DANRE	tmem259		36162.1	40333.2		48722.1	45663.8	50224.7	33662.2	33827.2			37960.7	30838.3	26133.6	29319.5	51329.1	49706.6
E7FCD8	E7FCD8_DANRE	atp6v1ab		99955.2	94756.8	86753.8	87565.2	91878.7	88885.9	96825.4	99771.1	115919	102962	97220.6	87538.8	110736	105982	89500.6	102703
E7FCG1	E7FCG1_DANRE	arfgef2		21787.8	22691.9	23305.8	24526	26916.4	28638.8	30819.6	28250.2	34051.5	18079.1	27019	28239.8	26745	23675.7	24840	22114.1
E7FCH6	E7FCH6_DANRE	itih3a.2		18332.2	17180.7	19309.3	18543.4	15337	9074.3	16098.3			12609.9	15659.6	13805.2	20445.4	19998.9	20554	14852
E7FCN5	E7FCN5_DANRE	itgb2		24125.4	23514.7	38494.7	32756.3	46155.6	38196.1	38069.5	29239.9	24903.6	17861.1	31720.1	29571.8	49322.2	41861.2	23299	28881.5
E7FCN9	E7FCN9_DANRE	cspg4		12924.2	11839.2	17873.2	13122.6	9597.44	6892.46	4735.25	5111.55		8230.74		9804.42			20247	26264.6
E7FCQ0	E7FCQ0_DANRE	cnbpb		169396	157973	164299	169539	164854	162484	154621	156648	181239	169168	167648	157090	171696	168759	169421	176811
E7FCQ8	E7FCQ8_DANRE	med13a		21533.1	15480.3	21458	15644.3	20420.4	25928.6	23537.2	18974	14311.9	18940.7	21636.4	21238.6	20856.2	22005.4	18048.7	17163.5
E7FCT1	E7FCT1_DANRE	psap		174201	230046	213162	308829	320304	574628	210344	259254	473117	945511	93750.9	107629	97830.5	151619	1.12012e+06	1.65404e+06
E7FCU0	E7FCU0_DANRE	npm1a						11874.9	14791.9			18407.3	12421.8					18776.6	24048
E7FCV2	E7FCV2_DANRE	c5		128104	127022	219163	217727	136897	135501	152474	145214	74016.3	76956.2	191569	181680	164726	181439	193380	192254
E7FCZ6	E7FCZ6_DANRE	csnk2a2b		37238.7	36962.1	36519.2	37635.5	41990.8	40858.1	42630.3	42777.3	36961.1	34038.2	35357.4	38989.7	40559.4	38546.7	36269.3	39144
E7FD05	E7FD05_DANRE	si:dkey-7j14.6			3193.2	5807.26	5764.73	3308.89	7040.4	2547.85	5171.09		2725.43	4740.56	5888.27		4737.35	6402.16	8616.87
E7FD19	E7FD19_DANRE	sco1		19781.4	24261.9	23453.8	27993.4	29128.8	23643.2	21921.3	23625.9	69740.2	57893.5	18798.1	22266.3	14203.2	12056.6	45593.3	57975
E7FD23	E7FD23_DANRE	si:dkey-276j7.1		140898	167221	165778	170239	151650	158110	133166	152242	264130	288439	145095	145872	117368	107090	218682	292681
E7FD56	E7FD56_DANRE	naa25		39079.4	35827.6	30825.9	31676.2	36003.4	30897	37683.1	38886	34118.2	35234.4	40274.9	37584.5	38083.7	38486.5	23244	24553.7
E7FD66	E7FD66_DANRE	aass		79091.3	74717.1	73882.1	71065.9	61508.7	55701	62734.7	59966	62552.9	66220.6	68388.1	65110.2	68289.3	70517.9	62690.4	65092
E7FD91	E7FD91_DANRE	ddx6		109585	104078	102965	102198	107050	101188	106785	104361	95986.5	102065	125730	119976	121681	122413	104668	101903
E7FDA0	E7FDA0_DANRE	galnt1		13772.4	11408.6	11561.8	9506.57	14636.5	12416.8	12607.8	9032.57	17443.1	12641.1	9213.65	10882.1	11088.4	11444.1	9988.05	10268.6
E7FDB4	E7FDB4_DANRE	ngef			8883.88	9126.53	7146.99	6154.15	8193.29	11093.3	7118.63	12287.4		8765.23		11078.3	10027.9	5588.81	8353.66
E7FDL7	E7FDL7_DANRE	sntb2		33319.6	25692.5	43709.5	38173.6	33571.4	32354	36238.6	30964.2	30580	26821.5	51757.6	40720.4	41304.7	26304.5	44916	57708
E7FDP4	E7FDP4_DANRE	galk2		10726.3	10884.7	14433.9	19750.5	41548.4	47703.5	20597.6	21729.5	21064.4	17250	11231	11847.1	15943.1	12631	37121.5	41909.6
E7FDQ5	E7FDQ5_DANRE	caprin1a		37830.8	41257.9	40265.9	38160	35783	44477.1	37660.3	33944.7	33214.6	48016.2	31437.3	32900.5	26366	50432.1	51296.4	58727.7
E7FDR0	E7FDR0_DANRE	eif4enif1		20942.7	21722.4	25967.1	16744.8	16843.1	20879.1	19074.5	20795.9		21000.2	27170.4	22179.9	19272.5	26745.7	21785.2	12490.5
E7FDV3	E7FDV3_DANRE	adcy3a		18637.4	20886.2	19974.4	29323	20149.9	24603.8	26864.9	23364.4	25257.3	22674.6	16026.2	17176.3		17037.3	18711.7	27036.2
E7FDV9	E7FDV9_DANRE	cars1		43471	44554.4	38951.3	37143.8	42756.3	42674.4	39811	43556.9	34428.9	40503.6	40689	38895.4	43616.7	41066.7	43562.5	41736.7
E7FDW7	E7FDW7_DANRE	nlrx1		23753.2	25738.2	24940.1	22238	12514.7	12779.8	20319.8	16503.7	17516.1	20050	23446.8	22115.2	24769.2	24499.6	15953.2	15547.8
E7FDW8	TRD7B_DANRE	tdrd7b		17621.8	19689	17451.4	19924.5	18746.1	22169.8	23341	22695.5	17411.1	23448.1	17931.7	16781.4	23051.3	23705.2	19273.6	13386.9
E7FDX3	E7FDX3_DANRE	ndufaf4		37397	37125.6	19950	23340.3	27269.1	25822.5	28769.7	24951.1	23086.4	24449.2	30925.5	35227.8	33547.6	34426.6	21852	17699.2
E7FE01	E7FE01_DANRE	dis3		68474.8	90483.5	92820.8	96228.9	92094.6	81496.5	83364	89822.7	88387.6	68072.1	87355	89406.2	112497	100552	95050	85524.8
E7FE05	E7FE05_DANRE	rps6ka5		16102.4	14055.5	15762.2	16511.4	14457.9	12235.6	13485	12930.6	10630.2	11724.5	19788	20428.3	20403.6	17684.1	10746.9	11985.6
E7FE23	E7FE23_DANRE	rufy1		3296.96	3158.79	3123.18	4676.41	3047.12	4308.91	5218.83	5484.45	2850.69	3642.55		4752.69	4471.51	4273.68	3105.47	2253.43
E7FE35	E7FE35_DANRE	gpr158a		21224.2	24901.6	19511.6	22184.1	19094.6	14906.2	24946.8	23214.8	31522.2	22703.8	30537.9	26088.4	22059.6	28153.4		25562.3
E7FE37	E7FE37_DANRE	rfk		16515.7	17199.3	5741.09	9486.75		13934.7		13326.9		19660.6	9114.24	12592.2	12294		13541.6	12999.2
E7FE64	E7FE64_DANRE	osbpl10b		11265	11885.7	13386	11695.5	9181.89	8220.55	12302.4	13729.6	14555.5	9422.17	13250.1	8807.3	14755.9	11332.2	12383	9039.44
E7FE71	E7FE71_DANRE	ankrd40		70285.5	59306.5	71674.3	65115.5	78125.5	62468	74049.2	70738.6	54167.6	55014.2	80951.9	77355.9	92299.6	93663.7	70800.7	56960
E7FE78	E7FE78_DANRE	cnga1b		216361	252627	276574	285302	245111	294596	238697	309107	307530	329949	201136	216002	180389	202963	341695	410400
E7FE82	E7FE82_DANRE	ninj2		14260.3		15000.6			12747.4	17106.5	11291	40576.1							7056.04
E7FE90	E7FE90_DANRE	fetub		613200	598778	740692	738819	569565	561148	605429	632095	425353	419934	807154	811486	776263	776823	1.06388e+06	1.0735e+06
E7FEB4	E7FEB4_DANRE	p4ha1a		32605	34909.3	35600.2	35984.2	36461.1	34763.1	29479	33951.1	28083.6	25326.4	27103.1	32977.6	38666.4	39400.2	24958	24214.7
E7FEB7	E7FEB7_DANRE	alg10		19726	19616.7	21851.7	18523.3	20820.2	22836.5	26933.6	21997	22485.1	25384.7	19669.3	21341.7	22015.8	18026.8	17970.9	14577.3
E7FED4	E7FED4_DANRE	si:ch73-40i7.5		10339.9	9161.18	6895.4	10509.5	9761.27	9678.92	11960.7	9770.35	5110.29	3627.34	6027.38	4038.59	15758.8	8511.56	6704.41	5029.62
E7FEH9	E7FEH9_DANRE	pea15		109034	117658	93305.9	97814	101321	110493	100213	117256	78897.8	129563	103998	99093.4	125817	129661	147550	178685
E7FEI0	E7FEI0_DANRE	cyp7b1		16709.4	11623.7	19146	21001	14956.4	11483	13396.1	11351.9		3921.11	15889.8	12085	6913.61	8483.42	22422.1	16578.6
E7FEI6	E7FEI6_DANRE	arhgap4b		28589.1	30684.1	30258.8	27194.3	30116.5	31461.1	34612.4	31002.4	33090.8	30278.5	30297.7	31597.1	31713.5	30353.2	26924	30644.8
E7FEJ4	E7FEJ4_DANRE	vmo1a					22130.4		11808.6				22548.9	16711.3				21799.8	23385.2
E7FET0	E7FET0_DANRE	nat16		17425.4	24463.2	13970.3	12817.4	14024.7	17584.6	14850.3	14120.3		26247.9	10637.5	13533.4	19896.2	16541.3	20920.6	18910.9
E7FEV0	WDR81_DANRE	wdr81		49607.6	57926.3		54453.6	58476.9		51742.2	60458.1				62611		58637.3	67296.6	
E7FEW2	E7FEW2_DANRE	mtpap		8055.72	6298.04	7476.77	6420.97	5558.46	5198.45	8786.32	5244.17		6751.78	4917.69	8099.24	7281.04	7589.24	4365.99	8230.4
E7FEW4	E7FEW4_DANRE	cabp5a		11255	11428	9282.66	10583.6	13892.1	12509.8	9417.25	12716.7	29702.8	24231.5	17677.7	16116.3	13612.3	16128	21122.7	25173.2
E7FEZ9	E7FEZ9_DANRE	atox1		145580	170125	225297	219838	177599	202488	173454	186164	158702	183051	144771	157715	154200	163599	271076	298045
E7FF25	E7FF25_DANRE	fam184aa			16162			13151.7					15232.5		16568.5	15506.8			19350.5
E7FF34	E7FF34_DANRE	dnajc5ab		347722	325788	327750	310669	349325	333989	351838	322641	393926	391561	411546	386338	378549	407194	334943	347362
E7FFC4	E7FFC4_DANRE	aifm2		30395.4	33493.9	26769.8	31013.8	22610.2	24119.3	32192.7	29335	30103.5	27758.2	29474.1	32487.2	35164.6	31974.2	30305.6	33855.8
E7FFE0	E7FFE0_DANRE	nelfa		16404.4	18092.3	21051.8	23813	20637.6	26386.4	18441.6	21440.7	31902.5	25130.2	22308.8	20542.8	21347.4	22067.2	29096.6	24677.7
E7FFE8	E7FFE8_DANRE	nt5dc3		55459.5	57680.2	49139.9	51329	48928.2	48616	48621.3	47532.5	49327.3	51384.6	51347.4	53322.8	51649.5	54504.6	48720.1	38805.7
E7FFJ7	E7FFJ7_DANRE	ggt5b		63292.2	63990.2	47810.2	49935.4	30616.6	36835.3	32929.2	34368.9	68216.1	65301.3	52049.8	52901.1	41470.5	42007.6	53739.3	58901.3
E7FFM0	E7FFM0_DANRE	map6b		29554.9	30631.3	26817.7	27583.4	23969.4	21631.8	19776.5	24268.2	22569.1	32545	25289.2	22877.1	20767	25081.6	31756.7	40205.7
E7FFM5	E7FFM5_DANRE	prodha		11363.7	9691.39	7274.78	4858.67	9111.83	7651.31	10641.6	4551.55	10956	11274.8	11228.6	12807.8	10867.9	10474.5	5447.9	8705.84
E7FFM9	E7FFM9_DANRE	foxk2b		21917.5	25797.1	29532.2	25293.4	27479.8	23739.7	27167.6	27922.6	25479.4	17791.3	33595.4	28075.7	35905.5	33814.1	20049.6	22276.5
E7FFN0	E7FFN0_DANRE	slitrk5b			9093.11	9695.37	8577.6			9332.07			13198.4				15567.4	7879.7	
E7FFQ0	E7FFQ0_DANRE	smu1b				10890.9			18579.9	26062.8			8166.82		11214.4	18357.3			
E7FFQ5	E7FFQ5_DANRE	tmem62		15575.7	14945.3	12529	13875.8	17757.4	16279.3	11529.8	16034.3		15871	17737.3	18867.5	18614.7	18552.9	11728.4	
E7FFR7	E7FFR7_DANRE	mideasb				4617.73			6641.96			12599.9	10343.1		2676.17	2692.57			6846.25
E7FFT5	E7FFT5_DANRE	hmgn6		141093	140881	202961	205102	160246	163714	135169	161486	76121.3	127929	187756	198002	176524	176755	176453	158226
E7FFZ8	E7FFZ8_DANRE	pon3.1		33904.8	28410.7	43677.3	45270.4	18166	13869.1	17974.2	17179.2	13805.3	14699.6	18685.1	16081.5	14978.7	19962.7	31811.7	28525.7
E7FG38	E7FG38_DANRE	macc1		10590.6	8972.33	10969.1	11425.2	11572.8	11976.3	13320.5	10292.2	10636.5	9234.07	7619.01	9633.92	10718.1	11609.2	10235.4	8826.55
E7FG92	E7FG92_DANRE	tmtc3		27403.2	28554.7	28115.8	33181.8	30599.2	30540.8	32362.7	31564.6	29469.8	37572.5	33412.3	37869.4	35443.1	38355.5	35989.5	39813.2
E7FGB9	E7FGB9_DANRE	si:ch73-173p19.1		8036.16	8971.15	13537.2	12874.8	13271.8	13630.7	8537.55	12478.6		11187.5	17664.3	13473.4	19143.3	18403.4	7779.13	9480.9
E7FGE7	E7FGE7_DANRE	slc4a8		19540.4	16206.6	11334.6	16319.5	15421.3	17825.4	13987.6	16131.7	20756	19899	17112.4	18381.3	14590	19775.5	14362.5	18500.2
E7FGH0	E7FGH0_DANRE	septin12		35843.6	33173.1	36904.2	38837.9	29702.8	35870.4	34884.4	33272	24458	30939.1	43485.1	43331.6	50458.1	43697	34919	38309.9
E7FGK9	E7FGK9_DANRE	ogdhl		192990	201044	146772	152753	206538	202720	211139	211583	223243	257233	206478	206885	199251	200614	166591	164299
E7FGL4	E7FGL4_DANRE	abhd17ab		5896.08	10177.3	7761.8	8537.44	1648.42	7360.19	7809.18	8840.28	3913.91		4797.75	3658.96	10199.6	10995.6	7561.02	7843.18
E7FGQ5	E7FGQ5_DANRE	rpap1		10285.7	13751.9	12113.2	13731.6	13426	9046.66	11110.6	11771.8			14716.3	15051.5	15157.9	16682.8	12693	
E7FGY2	GID8B_DANRE	gid8b		22982.8	22895.4	19203.1	22001.4	19225.6	19396.9	26133.8	22973.7	19792.1	20982.6	22221.8	24565.9	28034.2	26466.2	20284.7	18721.5
E7FGY3	E7FGY3_DANRE	synpra			9716.28			8980.55	12384.3			24711.1	19943.9				9110.78	13198.6	20845
E7FGZ9	E7FGZ9_DANRE	zc3h4		15490	13256	11096.7	11186.2	9709.53	8423.35	9625.5	13529.7	9523.54	13893.1	16790.3	20947	18593.8	11921.5	10059.2	11319.6
E9QB71	E9QB71_DANRE	kif3a		29307.4	20087.6	20119.5	20825.1	27321.8	28963	26529.1	25551.6	21841.3	21750.4	25932.6	29329	29977.5	29444.5	23012.4	20221.7
E9QBD0	E9QBD0_DANRE	dclk1a		367574	407742	392385	412728	429003	449878	434828	451745	552906	563150	430332	400311	384847	388810	504977	566785
E9QBZ2	E9QBZ2_DANRE	ankrd28b		20737.7	15637.1	20786.3	30499.1	20663.2	20669.3	16501.5	20824.6	23716.8	14249.8	17765.9	17693.6	15198	16659	19673.3	18371.4
E9QCG7	E9QCG7_DANRE	u2surp		13636.2	13813.6	15305.4	14185.8	14849.3	12441.7	15725.7	12082	10329.4	12475.1	15679.1	14349.7	15816.5	14793.6	15390.8	13996.8
E9QCL9	E9QCL9_DANRE	gmeb2		20402.3	18041.8	16638.6	19634.8	18389.2	16248.5	18084.7	15170	21585.6	16657.8	20419.7	22057.3	24726	25336.6	20795.8	17707.7
E9QCP4	E9QCP4_DANRE	lamp1b		14546.9	14036.8	14451.3	9280.52	12646.6	12080	13565.1	12827.5	6893.49	8546.31	12493.7	10404.1	14853.1	13016	10392.6	10622.5
E9QCQ6	E9QCQ6_DANRE	bcat2		389569	418040	372785	388146	384615	368724	336476	347636	476616	518795	294087	313653	372613	348561	378824	390898
E9QCW1	E9QCW1_DANRE	cacng8b		18634.5	15833.8	12464.8	9391.34	13403.4	11634.6	14526.8	12643.3	13127.9	8848.72	15449.8	15036.1	17672.7	13771.5	7802.25	9507.72
E9QD20	E9QD20_DANRE	rnaseh2c		6075.55	8667.59	6932.07	7825.57	10282	10082.3	8651.94	8344.62	7457	12732.3		7647.43		5234.4	9910.1	9819.03
E9QDB6	E9QDB6_DANRE	mrps23		11677	12650.8	18067	18138.1	16891.1	18689.2	20014.6	18832.2	15241.8	17435.5	25303.8	19893	19084.2	27902.9	18249.7	17742.3
E9QDI1	E9QDI1_DANRE	apoc1		1.66878e+06	1.82395e+06	3.10722e+06	3.23833e+06	1.93615e+06	2.12854e+06	2.65031e+06	2.64117e+06	1.2192e+06	1.17362e+06	2.77905e+06	2.592e+06	2.23931e+06	2.11783e+06	4.26904e+06	5.65816e+06
E9QDP4	E9QDP4_DANRE	larp4aa		28229.6	23451.2	30585	24019.1	31941.8	30275.7	30405.3	23837	39023.5	27198.8	32959.5	33890.1	34326.5	32338.2	28201.8	26686.7
E9QDQ3	E9QDQ3_DANRE	lrrc4.1		16348.4				15930.1	15473.2		20745.4			10834.6	11869.6	6475.31			
E9QDR6	E9QDR6_DANRE	si:ch211-183d21.1		35183.3	24873.8	37679.1	36696.9	34502.3	36544.5	30014.5	24780.5	31170.2	34983.3	46227.8	38359.1	27533.9	29058.8	29910.7	40918.3
E9QDV5	E9QDV5_DANRE	ggt5a		32181.8	34293.5	38294.1	31753.1	34545.6	41143.8	33644.7	36673.1	49601.2	50778.3	41618.6	43049.5	28725.6	33159.5	43184.9	55101.4
E9QE29	E9QE29_DANRE	mapk9		7335.81	7757.17	5686.3	5671.43	5177.15	3992.18	3746.82	6057.68			8741.51	7652.99	8907.52	8034.52	7759.13	3889.26
E9QE97	E9QE97_DANRE	crygs1		59823.1	54021.6		22926.8		19698.7	92677.3	84234.9			109394	106626	51407.2	52219.6	48387.5	48952.7
E9QEQ1	E9QEQ1_DANRE	apoc2		66018.7	54901.8	87085.3	93959.6	57967.9	63825.2	59962.2	57715.9	34633.9	28132.7	121798	131270	80917.5	93589.9	142899	165490
E9QEX7	E9QEX7_DANRE	l3mbtl1b		13489.3	13761.5	14498.5	15055.2	19006	17353.8	19168.6	16284.7	10551.6	12682.5	11577	13206.1	12698.9	12842.2	17733.9	13924.9
E9QEX9	E9QEX9_DANRE	ankhd1			7393.29	8875.09	9102.51	7248.6	8792.52			11098.5	18136.8	8784.02			3841.74	9832	20132.7
E9QEY0	E9QEY0_DANRE	mapk7		9315	4272.04	10538.6			9862.29	6925.09	10841.9	35079.3		10270.4	11756.7	6890.61	9582.77		
E9QFP3	E9QFP3_DANRE	dars2		27777.6	21332	17040.3	20655.2	19387.4	21288.6	20093	18823.5	24870.6	22308.3	13877.5	24361.2	22482	18954.1	18824.1	22160.5
E9QGH2	E9QGH2_DANRE	bloc1s6		16526.2	19483.7	18577.8	19425.7	13472.5	16390.8	21869.7	22157.8		13698.6	17044.7	8540.88	27232.9	28156.2	14203	16924.2
E9QGX9	E9QGX9_DANRE	atl1		41040.4	44221.7	46829.9	48742.7	37504.9	41134.2	44227.6	41128.6	58406.2	49686	43923.3	40399.3	42129.5	43980	49070	47537.7
E9QH19	E9QH19_DANRE	cd34								43070.4	46173			66644.1	67214.3	57156.4	57484.3		
E9QH31	E9QH31_DANRE	aldh3a2b		69870.3	72229	74966.4	85611.9	72044.3	69490.4	82157.2	81150.5	74949.6	73874.4	62121.1	58134.5	70281	73558.4	81888.4	91618.7
E9QH56	E9QH56_DANRE	nmnat1		35714.2	48247.4	40249.9	42055.7	42325.9	38643.9	44065.1	34193.6		36762.3	49189.3	47788	50551.8	53527.7	25674.1	24908.3
E9QH74	E9QH74_DANRE	hmgn3		58506.7	54671.9	46452.2	56492	62999.5	64526.4	68120.7	45971.9	88046.3	60414.1	41127.9	41482.5	64249.1	65507.3	63354.6	58157.2
E9QHS5	E9QHS5_DANRE	arhgef9a		33814.1	31870.4	28987.6	27905.5	28005.9	27828.5	26726.6	28633	37212.5	35803.8	37255.5	33844.1	34288.8	32488.2	26127.2	30500.8
E9QI01	E9QI01_DANRE	hmgn7		237077	226632	311029	305156	260078	237356	233475	242526	146674	224906	310170	317026	274307	259871	253318	256475
E9QI36	HARS1_DANRE	hars		85273.5	88344.9	93891.3	97440.2	92750.2	98214.2	86307.3	89833.3	110481	92268	108195	83543.6	95298.5	98807.2	104877	106074
E9QI43	E9QI43_DANRE	sdhaf1		18746.3	16804.2		20392.9		12894.4		11204.3		14899.6						12537.8
E9QIC1	E9QIC1_DANRE	cdc5l		41889.7	40072.6	40486.7	44428.4	42732.4	42612.2	47659.5	44121.8	46120.6	43123.7	49931.6	48510.2	50125.2	48717	40854.8	39561.9
E9QIM9	E9QIM9_DANRE	bltp3a		33028.5	21398.6	28252.6	33566.2	22707.9	19195.9	22719.8	28974.1		27820.9		33452.4	34577.6	30837.1	25761.1	22281.8
E9QIX7	E9QIX7_DANRE	plekho1b		16480.7	18642.4	15492	14238.6	16796.1	15995.8	16905.5	16416	23379.9	19877.4	24006.3	25872.9	28483.5	26701.4	17399.9	12015
E9QIZ1	E9QIZ1_DANRE	si:ch211-197h24.6		56393.4	55266.4	67114.4	61276.7	62762.3	63196.7	66742.4	64673	74273.1	60916.8	67586.1	61252	64333.8	65809.3	56679.3	63145.7
E9QJ40	E9QJ40_DANRE	fam120c		118825	104825	98699.2	106580	116002	116492	116932	112477	157098	131480	121306	118123	112515	122419	123438	141994
E9QJF8	E9QJF8_DANRE	calb1		25352.3	23853.6	25671	23615.9	28743.4	24503.3	34459.7	28555.1	14016.5	20649.1	23274.8	19096	28172.8	26536.7	23334.3	25127.7
E9QJH9	E9QJH9_DANRE	cnrip1b		13907.1	12629.7	21270	23705.2	24940.2	27481.3	24827.8	27774.4	39345.6	38708.3	21574.2	20071.4	9894.63	20415.2	21265.3	25681.3
E9QJQ5	E9QJQ5_DANRE	pld7		5817.11			3471.36	6661.68	3296.21		5925.7	2340.49		8181.81	5561.3	6492.54	5455.44	4637.14	4740.93
F1Q4L6	F1Q4L6_DANRE	sp2		9210.45	11812.7	8589.4	10320.9	7909.9	5570.36	10923.6	11667.6	6948.13	7330.4	8523.66	6186.6	7454	8034.12	7926.66	6912.46
F1Q4L8	F1Q4L8_DANRE	cnot3a		42139.7	43724	46429.6	38847.7	47860.4	40670.4	52489.7	49409.3	35053.6	39676.5	54041.2	47000.5	53915.7	49134.2	37680.9	39702.6
F1Q4N4	F1Q4N4_DANRE	ndufs2		547482	537637	509320	523742	556355	566945	658852	616005	746935	658674	629312	602005	594819	617158	465786	510928
F1Q4N6	F1Q4N6_DANRE	wu:fa20b03		66650.2	65539.9	69852.6	71618.9	74158.6	71233	79245.8	72790.9	78881.5	72561	72137.5	70692.3	72119.8	70356.1	74725.6	78971.5
F1Q4N7	F1Q4N7_DANRE	anp32b		255244	277022	340596	341414	304893	307019	290751	292346	271603	311405	369916	282861	332014	254067	379348	466945
F1Q4P1	F1Q4P1_DANRE	si:dkey-14o18.2		5259.45	5964.88	5008.96	4681.46	6126.54	5540.76	4926.02	5678.79	7821.29	4709.61	6296.63	6787.02	4915.3	7044.35	5408.65	4077.58
F1Q4Q4	F1Q4Q4_DANRE	lmf2b		51939	47867.9	45207	46710.1	27063.8	28301.1	31870.6	27627.2	19240.5	22647.6	26050.2	21926.8	25990.5	24696.8	31029.6	27702.1
F1Q4R5	F1Q4R5_DANRE	yars2		33681.3	43262.6	29300	41872.2	33462.6	32732.7	34547.4	41099.2	20237.9	39537.6	30234.2	41804.3	34864.5	43547.4	24017.2	26115.9
F1Q4S1	ATP9B_DANRE	atp9b		19796.2	31199.4	32553.5	36646.3	26582.1	24372.7	20930.5	29536.9	21547.7	23846.2	24749.7	33668.9	28522.2	34643.6	32510.4	29866.5
F1Q4W3	F1Q4W3_DANRE	derl1		6622.82	5786.82	6854.43	5441.36	7492.44	6190.65	7710.6	7334.74	6544.85	6276.46	5385.71	5111.46	5047.03	7641.13	6557.04	5720.65
F1Q4X5	F1Q4X5_DANRE	c4		23624.8	31595.2	20370.5	23594.4	31094.5	27066.1	30332.6	30763.8	19937.9	20500.2	22997.3	26445.5	26914.2	31862	24061.4	25574.8
F1Q510	F1Q510_DANRE	enosf1		46735.9	39911.8	40827	42782.8	56464.7	52589.9	45954.5	39599.1	36597.4	36360.5	28056.8	35743.7	67970.9	69329.4	42315	36439.9
F1Q511	F1Q511_DANRE	acin1b		86668.9	90008	92341.4	94043.4	99427.1	99806	98690.3	99735.2	85735.4	93336.3	87983.1	95124.3	89175.9	95177.4	94045.6	95997.3
F1Q546	F1Q546_DANRE	marchf1		19113.3	20166.7	17284.5	19147.4	23213.9	24720.3	19069.7	22996.4	19055	23556.5	19181.8	22328.4	17670.2	22480.3	21360.8	20383.4
F1Q554	F1Q554_DANRE	kif14			14900		21934.9	24103.3	20349.3	14133.5	21062.4	22547.4	16887.3	8743.33	12637.1	17357.2		29865.4	32831.5
F1Q575	NNRD_DANRE	naxd		51322.3	48715.6	46644	42462.6	46398.4	44734.6	50979.9	50532.3	49861.2	48554.3	60133	52205.1	53188.9	54254.6	45386.4	40679.3
F1Q5B1	F1Q5B1_DANRE	cers1		23998.4	21094.3	23070	20781.1	20133	25868.2	19125.9	25301.2	23436.8	18839.2	26371	19134.8	22978.7	21756	17276.3	11055.9
F1Q5B5	F1Q5B5_DANRE	alpl		186209	182243	150553	149691	163130	174307	159799	151354	185443	199939	153750	149776	135515	134337	228558	248710
F1Q5D8	F1Q5D8_DANRE	vtnb		25637.9	28539.2	25822	27392.8	25370.5	26544.6	29545.6	22795.1	43547.9	29179.9	26443.2	20248	20327.8	20787.1	28671.5	32097.9
F1Q5G7	F1Q5G7_DANRE	rwdd1			14453.6		15550.4		19445.1	12411.4			17846.8					27241.8	35244.5
F1Q5H3	F1Q5H3_DANRE	slka		41564.5	42193.8	42422.1	39733.1	39577.9	39268.3	38528.2	35978.7	40472.1	40573.7	46568.2	46100.2	48845.4	43130.6	41445.5	41816.8
F1Q5H4	F1Q5H4_DANRE	gale		20023.3	15236.6	14124.6	10730.9	18947.7	21233.8	22644	18436.5		14799.1	16401.6	18017.7	20376.2	19670.3	15238.2	
F1Q5K3	F1Q5K3_DANRE	sardh		76254.8	71055.8	66653.2	61608.1	64605.1	60512.3	81547.8	78854.9	63428.9	76823.5	66168.7	60072.2	90626.9	94625	82577.9	88568.8
F1Q5L6	F1Q5L6_DANRE	ddx5		94177.4	96895.6	107804	112274	107109	112016	100501	109639	119006	131021	94517.3	95101.5	94786.8	98261.8	133955	148871
F1Q5P6	F1Q5P6_DANRE	rfc1		15410.1	18396.7	17065.2	17242.2	19068.7	16772.3	19292.3	18783.7	16345.7	14396.2	19308.4	18400	19962.8	17900.9	12326.5	15245.2
F1Q5Q3	F1Q5Q3_DANRE	serbp1a		141550	141328	135243	139524	155474	150769	148250	149424	152373	168309	135983	144052	129173	134790	147589	160078
F1Q5Q7	F1Q5Q7_DANRE	exosc10		10584.1	6766.46	8513.52	7477.52	11505.9	9660.07	14665.5	8044.26	6075.62	6221.52	12769.3	7602.2	13938.9	15290.6	6462.62	9208.4
F1Q5R8	F1Q5R8_DANRE	aox6		5971.59			6702.65	10963.3	14945							12821.2	15862.6		
F1Q5S2	F1Q5S2_DANRE	proza		24677.2	38262	45148.6	47772.9	37325.5	52231.5	30102.6	40272.1	22361.3	64693.7	20974.1	27806.4	18908.3	19110.8	86226.4	117008
F1Q5Z6	F1Q5Z6_DANRE	hbs1l		41357.1	41556.3	46341.3	49009.5	42921.4	39375.1	39908.8	36113.7	31616.8	38500.1	35619.7	38692.8	34733.1	42879.3	38689.1	39237.1
F1Q5Z8	F1Q5Z8_DANRE	sqstm1		17493.4	14705.3	18870.9	18295.9	17180.4	18173.8	18586.3	15665.1	14870	17797	19014.7	22235.6	17841.5	16607.5	23056.9	21877.2
F1Q618	F1Q618_DANRE	si:ch1073-335m2.2		25847.2	25204.2	22383.8	23855.3	23936.1	29427.2	23841.2	23091.3	23916.1	25785.7	25029.9	26963.6	31260.3	31859.5	21158	19894.6
F1Q620	F1Q620_DANRE	slc5a7a		19801.4	16672	15153.1	16636.9	13260	12477.9	20540.1	23917.6	7083.57	9050.61	9240.1	13584	24699.6	31735	11911.7	11652.6
F1Q653	F1Q653_DANRE	ptpn23a		30928.1	33530.9	26651	24993.2	28289.3	23092.5	30400.1	25240.7	25723.9	28366.7	35237.6	38471.8	43883.1	45953.3	25642	24198.8
F1Q688	F1Q688_DANRE	cavin2a		390203	386148	367066	383658	351442	362724	296141	309385	355694	401702	284489	274671	265895	281069	446393	499345
F1Q6B2	F1Q6B2_DANRE	ptrh2		53559.1	53070.6	32828.6	29119.9	34501.5	28385.8	41991.7	45992.2	34327.3	31029.3	48818.5	48732.9	53714.7	53203.3	24846.3	23208.5
F1Q6B4	F1Q6B4_DANRE	tmx1		82283.8	81204.2	95915.7	90724	93261	86928.7	94298.4	95755.5	128327	100170	111154	99577.3	108525	109432	89486.1	88771.9
F1Q6E4	F1Q6E4_DANRE	jpt2		43114.3	50977.8	62650.4	67673.6	58035.4	59709.2	46209.9	49556.3	48745.2	57344.5	41254.4	52305.9	41360	44435.1	63716.2	58070.2
F1Q6F3	F1Q6F3_DANRE	c8a		23018.9	18383.7	32081.9	38708.5	17790.7	17108.5	16318.5	14108.9	10550.2	13969.2	20752.2	26601.5	18639.5	17228.4	26153.9	23220.3
F1Q6F9	F1Q6F9_DANRE	sltm		97121.8	87257.7	104560	102636	100946	100331	93564.9	85407	92658.3	89663.3	104615	108177	103032	103601	90263.1	87567.3
F1Q6K0	F1Q6K0_DANRE	plpp3		9174.78	11314.2	13162.3	14834.2	10656.3	11162.2	9094.19	6848.88	11862.7	3189.47	14387.3	14679.3	10075.7	10474.6	18776.4	19078.8
F1Q6N3	F1Q6N3_DANRE	kcnv2a		33840	34920.9	30645.6	30935.6	34181.1	30136.8	36283.2	35185.5	25313.1	25596.9	36820.6	37618.8	41147.1	38873.1	24827.1	23461.3
F1Q6P3	F1Q6P3_DANRE	col6a1		86651.9	95449.9	69473.9	70393.2	77698.5	80576	72213.7	72970.4	67606.1	93488.3	74033.6	72951.3	60290.6	48395	177503	207600
F1Q6P4	F1Q6P4_DANRE	cd82a		68064.4	63881.7	72144.2	84190.1	74246.2	91022	73333.6	77378.8	107925	127049	37858.8	44587.3	50678.8	48268.9	109904	129011
F1Q6Y0	F1Q6Y0_DANRE	triap1		92545.6	80549	83451.4	86840.6	84910.2	85569	76067	74187	70305.3	97074	103783	111979	99222	90523.9	84282.4	81112.6
F1Q6Z3	F1Q6Z3_DANRE	mpc1		103051	112737	56037.2	51997.8	85050.8	87689.6	104833	103441	64534.4	87335.3	77726.1	84886.8	78797.6	83233.7	45348.4	48978.1
F1Q6Z5	F1Q6Z5_DANRE	cnbpa		42187.6	43523.7	44146.1	47788.1	44292.4	43481.9	43105.9	45959	37802.1	37458.6	36555.8	41702.5	38538.1	38907.7	36654.7	42474.3
F1Q6Z6	F1Q6Z6_DANRE	txnrd2.2		92745.8	82628.3	67008.6	65680.7	69520.2	62312.9	73576.6	79808.3	76615.6	70559.8	67687.7	69067.1	78299.9	84883	66352.2	63965
F1Q6Z9	F1Q6Z9_DANRE	ganabb		99107.2	103306	116416	116507	109060	114884	107592	121747	108774	116972	90367.4	90383.6	89257.1	88396.3	125557	138060
F1Q712	F1Q712_DANRE	mcm3ap		8809.27		11859		13830.4	8969.03		10965.7	17089.2	12417.9	12833.1	10617.6	18982.4	18516.3	8342.21	8326.78
F1Q713	F1Q713_DANRE	sord		45165.2	40126	58588.7	54469.3	43764.7	34518.1	60607.9	51743.1	28904.3	33002	42364.5	46685	73701.7	70256.9	25095.6	25792.4
F1Q740	F1Q740_DANRE	vars1		280610	278663	259720	243548	241529	253498	268133	266039	257233	256122	265581	277862	251860	278007	260681	268482
F1Q749	DKC1_DANRE	dkc1		49605.8	53931.9	49210.3	46749.6	56395.9	57858.8	58042.1	56093.7	57806.4	56074.8	58888.8	56361.2	60214	57437.2	51076.3	52855.3
F1Q753	F1Q753_DANRE	ppp6r2b		40867	39842.1	37995.4	35852.5	39819.3	39333	44353.3	39436.3	39557.9	39012	42161.7	41504	46455.7	46072.8	29539.2	36327.5
F1Q7A2	F1Q7A2_DANRE	fhl1b		12698.7	7381.23	9511.57	8943.24	9134.45	8042.05	11605	5930.09					12724.5		11447	11219.1
F1Q7F9	F1Q7F9_DANRE	sypl2a		68308.6	68936.3	73706.8	72308.5	73225.6	71794.7	63194.2	62228.4	36275.9	61365.5	109856	108969	98461.6	102568	95105.9	88495
F1Q7G9	F1Q7G9_DANRE	prss59		30743.4	23707.4	26046.8	29335.3	32805.5	34043.5	24140.4	27137.8	33662.7	27869.9	27962.6	24524.4	40375.6	39465.6	27783	39215.4
F1Q7H6	F1Q7H6_DANRE	nxf1b		18216.7	17397.2	16223.6	15319.6	16695	16293.5	17895.7	15965.1	16230.4	12153.6	16696.6	16910	19715.3	20597.7	13587.2	15180.8
F1Q7H8	ZD20A_DANRE	zdhhc20a		56256.8	53872.3	43970.7	52551.5	48339.1	45654.7	50323.5	43074.8	20934.2	42593.8	45566.8	54017.3	49131.4	43514.4	51056.6	45805.1
F1Q7N8	F1Q7N8_DANRE	si:dkey-28b4.8		74267.9	76221.6	89580.3	90741.5	74476.6	83553	79194.7	77731.3	105758	98088.3	57192.1	59727.3	54286.4	56143.8	109399	121091
F1Q7T3	F1Q7T3_DANRE	slc16a3b			22221.2	20904.2	31675	13545	28040.7	19291.2	43302.1		34110.3		20449.2			46954.1	52776.3
F1Q815	F1Q815_DANRE	pyroxd2		17850.1	16339.6	18613.2	13688.8	18552.1	21692.2	16198.1	13545.4		17529.1	25215	19148.7	19860.1	18699.8	16462.3	13265.9
F1Q826	F1Q826_DANRE	rpz3		25702.8	25652.8	23083.2	21919.4	25209.2	28153.8	30139	26937.5	31720.9	26809.7	32983.2	34210.5	31681.5	32316.2	23789.5	23233.5
F1Q883	F1Q883_DANRE	pgd		242826	258349	286163	306873	287298	301362	279109	305681	277111	303580	281030	273752	254707	261389	330898	351444
F1Q890	F1Q890_DANRE	plg		74154.3	75356.5	139156	144754	99795.5	105321	104570	110761	66601.6	62191.9	107837	113473	86339.1	89089.6	155158	163940
F1Q897	F1Q897_DANRE	magi2a		33977.5	25421.7			25513.6	29135.3	32668.7	34741.2			32207	46014.5	46087.1	30922.3		
F1Q8F1	F1Q8F1_DANRE	inab		885818	918088	793863	849445	647724	642034	618674	617236	677185	673508	560400	550867	677797	680268	716427	772072
F1Q8G3	F1Q8G3_DANRE	eif4bb		95958.7	91164.7	107800	97043.6	98866.3	96063.7	79692.4	91975	98517.1	68483.5	69418.4	63846.5	115952	110137	99451.3	105308
F1Q8J9	F1Q8J9_DANRE	pkp3a		27838.5	26188.3													26377.4	22891.3
F1Q8K1	F1Q8K1_DANRE	hspa12a		147340	153162	166594	162858	131750	140384	134654	135858	144479	147550	127938	140762	117654	117662	164129	172203
F1Q8N0	F1Q8N0_DANRE	dhrs4		19958	26115.4	38725.1	37298.3	27386.2	33485.4	36248.8	33117	24098.4	20999.3	23591.2	19496.4	22857.2	27687.9	31365.5	31160.2
F1Q8R1	F1Q8R1_DANRE	si:dkey-208m12.2		13700.3	8829.23	13078.7	9270.05	12059.9	9318.79	9562.08		10880	8021.5	15521.9	16929.7	20996	17215.9	11853.9	11172.8
F1Q8W0	CATIN_DANRE	cactin		22318.4	21102.3	22099.3	23655.2	22499.7	22061.2	21459.7	27288.3	13647	23747.7	20895.2	21510.7	19511.7	23064.6	22583.8	21938.9
F1Q8W8	F1Q8W8_DANRE	calr		121661	117791	152693	156725	145913	155115	129504	131502	178434	179400	114137	118790	123352	111774	172244	206098
F1Q8X5	FERM2_DANRE	fermt2		30792.7	28678.7	31427.7	38656.7	29334.4	33117.4	23407.5	26344.7	29597.3	31408.8	33365.4	29838.1	28384.6	22531	50890.4	52369
F1Q9D2	F1Q9D2_DANRE	cpne3		50772	44244.6	49067.7	46667.8	41969	38612.9	42575.9	44181.2	31792.4	34719.8	58004.2	52871.2	41661.9	40199.1	42231.8	41824.2
F1Q9F5	F1Q9F5_DANRE	ipo13b		9880.13	5951.04	6882.88	10864.9	5674.8	11388.5	9780.1	9313.57		10513.8			12286	9389.12	11691.1	8095.52
F1Q9G4	F1Q9G4_DANRE	ppp1r18		35643.1	34933.7	35155.3	38492.7	36295.7	42353.2	45489.2	44293	51195.6	44009.1	42438.6	41224.2	47116.1	43950	36036.1	38650.8
F1Q9I7	F1Q9I7_DANRE	snx1a		80869.3	85384.1	87208.9	90663.1	76758.6	82036.1	75019.1	80146.3	62330.1	78277.3	87987.5	87572	92159	86862.4	98600.5	104402
F1Q9K1	F1Q9K1_DANRE	smarcc1a		128471	131984	133054	130374	140373	141843	143931	148030	116973	127784	134390	146618	137750	145159	133309	130287
F1Q9P4	F1Q9P4_DANRE	napbb		292602	294247	276649	280398	295772	294269	319785	310921	363502	338711	305212	300706	303720	302549	282179	308136
F1QA15	F1QA15_DANRE	tubgcp3					9874.73			17331.2	14299.1	12257.6		11381.4	14071.2	14573.9			8408.54
F1QA42	F1QA42_DANRE	atxn2l		46186.1	45414.2	45768.2	45715.7	47712.1	46548.3	49348.2	52721.5	41428.4	54707.3	51304.3	49789.6	43855.1	45720.5	44261.1	54111.7
F1QA94	F1QA94_DANRE	mtrf1l				11175.1	8703.39		14071.1									16770	16105.4
F1QAA7	F1QAA7_DANRE	acss2		39965.9	39861.5	58692.9	62690.3	34066.9	33706.9	58999.8	68621.3	50181.9	57189.3	39948.6	38668.8	45263.4	36000.5	43102.4	42529.4
F1QAD7	F1QAD7_DANRE	pik3ca		13105.6	11293.3	11988.1	14173.4	12266.6	12833.4	12754.8	17177.2	9212.43	17697.1	10740.8	13271.5	12921.8	14450.6	15308.7	14001.4
F1QAE1	F1QAE1_DANRE	prox1a		6306.28	4914.59	5994.87	5434.39	5952.47	7522.91	6871.31	6411.99	5361.08	6655.82	5912.73	7768.99	7709.77	6782.63	6211.21	6913.94
F1QAI8	F1QAI8_DANRE	kyat1		34852.1	35202	34912	35613.3	37233.6	36646.1	16778.3	14028.4	33395	28356.4	32228.6	31250.7	25143.2	17067.1	28310	29463.4
F1QAJ4	GATA_DANRE	qrsl1			10694.2	13020	15121.7		11953.7		9100.74	22702.4	20979.2			8887.59		16096.8	21477
F1QAS0	F1QAS0_DANRE	mtdhb		8583.58	7350.69	11962.3	12011.6	12234	12732	15346.6	10940.1	16980.3	12942.5	16979.7	12533.8	14042.9	14474.5	12640.4	10863.7
F1QAV3	F1QAV3_DANRE	yeats2		13941.4	11963.2	11780	9218.64	11824.3	11641.4	11875.6	11551.6	15266.3	9140.01	11596.1	11088	10077.7	12890.2	11329.7	14252.6
F1QB54	PABPA_DANRE	pabpc1a		347553	348718	346778	352457	378965	377030	381770	380432	377349	386399	389359	386419	384028	378776	396547	399013
F1QB82	F1QB82_DANRE	sts		15784.2	10089.6	13104.8	14175.9	16405	16388.8	14174.7	14653.5	14798.6	14805.3	22123.5	19789	16901.4	15495.4	14815.4	12224.4
F1QB90	F1QB90_DANRE	tp53rk		15856.9	23607.7	29349.8	34762.8	30389.1	40176	20110.1	23388.6		64160.8	17345.8		15786.6	13901.5	79602.2	122064
F1QBM2	F1QBM2_DANRE	pdcd4a		72526.1	66797.6	68373.5	70471.4	61265.5	61059.8	67532.8	67672	55475.2	50766.8	80373.2	73920.7	75516.5	75787.8	61470.6	57759.9
F1QBS1	F1QBS1_DANRE	ddx17		44280	34817.7	40171.4	36306.2	39837.6	37992.5	40294.9	44645.6	31274.3	34845.9	38747.1	41623.9	52293.4	51976.4	42208	39444.7
F1QBW2	F1QBW2_DANRE	slc12a4		11253.1	9941.66	9336.82	9872.97	5685.98	8980.05	12155.4	7749.49	4286.66	6726.21	13979.1	12467.5	12533.2	14340.6	6739.21	7030.6
F1QBY1	NIPLB_DANRE	nipblb		12322.4	14589.4	12665.2	15516.4	15611.8	15574.5	14946	15017.8	15012.3	17587.6	16857.4	13274	23118.2	14787.3	14686.5	13573
F1QC03	F1QC03_DANRE	zyx		25639.7	22283.5	24652	27370.2	24569.3	24147.6	15729.4	23196.8	25242	26520.7	17704.3	18848	15231.3	16884.1	42415.5	41519.5
F1QC17	EMI1A_DANRE	emilin1a		12823.1		13868.5	18536.9	24039.2	20476	14079.6	13868.7		15829	15097.1	10239.7	13017.8		10981.8	17431.2
F1QC45	XRP2_DANRE	rp2		51890.7	45409.3	56982.4	56775.1	66929.6	64821.5	71684.6	72663	81950.5	85702.4	67496.7	59585.4	77683.5	77271.3	65193.8	87383.5
F1QC46	F1QC46_DANRE	nup210		34165	41430.9	47797	43389.9	44789.5	42555.2	41088.7	41707.9	46314.4	45183.4	38321.2	36072.5	45773.8	41417.2	49719.5	47876.3
F1QC74	F1QC74_DANRE	tm7sf3		35304.7	35173.7	29491.2	39053.5	43398.6	42510.6	35325.6	40781.8	40921.8	38871.5	45986.4	41016.4	44292.8	44538.1	28043.3	29215.9
F1QC84	F1QC84_DANRE	f13a1a.1				31066.2	35301.9	35800.5	34058.5	29148.4	31786.3			35670.5	40478.3	46445.3	41881	42062.8	43906.7
F1QCC6	GPC1_DANRE	gpc1		4737.42	4984.69	10292.1	11514.8	7016.82	7512.04	10155.8	7047.43				5109.05			12352	12718.9
F1QCC9	F1QCC9_DANRE	syt5b		37539.7	35457.8	37620.5	38270.3	38329.2	33248.6	34944.3	33846.8	26007.9	25194.4	43431.9	38699.1	36018.9	34360.4	28548	33711.7
F1QCE9	F1QCE9_DANRE	ndufab1b		381694	377447	328969	312103	314561	298252	347160	312112	310038	373647	414838	406064	393075	388534	258541	243212
F1QCF9	F1QCF9_DANRE	ccdc9		29079.7	31655.3	37049.6	32475.4	33855.4	32864.3	34749.2	36511.5	30746.8	27749.4	35240.6	32555.7	31284.5	32847.3	31653.8	35123.6
F1QCH5	F1QCH5_DANRE	pcsk1nl		33825.3	38888	33152.5	33214.4	32301.7	35731.1	31273.5	36070.8	42497.3	41603.9	34381.2	29125.5	19007	24364.9	42266.5	42552.4
F1QCN0	GAL3A_DANRE	gatd3		429205	440130	446521	447590	406738	400636	365893	358201	360884	393650	360436	349565	388201	386598	402492	398811
F1QCV2	HDA10_DANRE	hdac10		48284.8	43353	50584.1	48747.7	40465.3	39925.6	39129.3	36981.4	21201.5	24679.2	24257.9	27225.7	30187.4	26896.2	47024.9	42624.7
F1QCW3	F1QCW3_DANRE	si:ch211-107o10.3		46002	45609.5	39961.7	34865.4	45521.2	37153.1	46376.8	47850.1	42554	31561.9	36961	34599	43469.3	42146.8	27636.3	27317.8
F1QCY8	SPAT2_DANRE	spata2		9760.97	9740.2	10719.8	9033.73	8578.03	7487.37	9448.22			8883.46		11226	9745.81		10467.1	9351.58
F1QD93	F1QD93_DANRE	ppp3ca		41285.9	45206.4	32452.7	35417.5	42063.8	36567.1	44533.4	32482.6	50373.3	34024.8	35189.5	35024.6	42285.4	39741.8	31661	29507.4
F1QD95	F1QD95_DANRE	hdr				18403.4	18883.1				22508.2	68711.3	40654.6	39681.7					
F1QDB3	F1QDB3_DANRE	dhrs11b.2		389811	377946	323722	321277	388494	369775	282467	269374	262194	276494	287051	302252	340699	319276	373420	375771
F1QDN6	F1QDN6_DANRE	agpat5		93516.5	91419.9	82413.6	74976.9	80935.8	77605.1	83736.4	76173.5	80503.8	79722	105702	97527.1	115441	111538	65621.8	65222.8
F1QE25	F1QE25_DANRE	naa15a		18744.6	24105.1	22292.4	25328.8	21282.2	21607	24019.6	26879.6	26998.8	27876.8	23663.5	22139.5	20937.9	20209	26654.5	26948.6
F1QE32	F1QE32_DANRE	unc119a		213728	223754	230052	239135	286456	308915	266122	284157	378649	335155	190927	239461	219864	200314	268378	257116
F1QE38	F1QE38_DANRE	ptpra		33143.5	31268.6	24567.6	24266	25423.3	30715.2	41244.1	32761.6	28331.6	33660.2	33779.2	33085.2	27054.9	26800.2	33819	30530.4
F1QEB4	F1QEB4_DANRE	ssrp1a		35129	29972.9	25139.5	33060.4	35784.7	32441.7	36791.8	34563.3	25625.3	24629.3	36687.2	40085.7	39021.7	37399	28792.9	28275.6
F1QEB7	WDR11_DANRE	wdr11		69229.5	62335.1	64856.1	63711.5	65755.2	62573.6	70646.2	65283	87638.3	70653.8	68662.9	64086.9	70323.6	72814.1	65660.2	73232.7
F1QEC9	F1QEC9_DANRE	tyrp1a		211508	223210	286582	315761	172139	201103	233890	303572	196651	234361	172673	170055	188267	177936	304843	311667
F1QEG6	F1QEG6_DANRE	mrps34		3038.75	5005.95	9838.5	4929.14	8279.15	3722.98	6724.52	7232.74	4836.45	2049.55	6141.45	4225.14	12509.2	12764	6891.76	5659.1
F1QEI3	F1QEI3_DANRE	tmem30aa		22106	19454.9	21693.9	21219.6	17315.4	17161.9	18719.9	19225.2	22877.9	22780.8	20380.5	20142.1	21083.5	19208.9	21899	21831.8
F1QEJ5	F1QEJ5_DANRE	uqcrq		267633	281019	268768	279848	275145	301561	223613	259569	421136	390221	222619	237499	212785	200210	294068	320685
F1QEL0	F1QEL0_DANRE	tmem214		18856	19063.4	16109.7	13702.2	16979.5	16519.8	15932.4	18010.7	13191.7	13800.6	17727.8	15520.5	15144.5	16818.3	19065	18736.5
F1QEL5	F1QEL5_DANRE	abca5		22473	19361.5	16365.9	16566.4	21426.1	19833.7	21044.1	20821.4	10185.6	13439.8	23856.7	25996.6	30945.8	25390.1	17781.9	18361.8
F1QEY8	F1QEY8_DANRE	phgdh		232362	232041	288052	301478	173247	179850	293014	282162	262450	272446	272436	247194	266862	272996	372156	428922
F1QEZ8	F1QEZ8_DANRE	ncanb		33896.9	29130.5	24424.2	21348.3	32711.3	26909.7	37232.3	37336.2	50640	36128.4	27374.9	29823.6	39405.9	37312.1	32917.8	32054.4
F1QF18	F1QF18_DANRE	dcaf8		49900.8	43296.4	46922.3	47519.8	53672.6	57323	54796.1	50963.7	70129.8	55173.3	54449.2	53223.5	51836.3	54193.4	53082.8	59117
F1QFB7	F1QFB7_DANRE	zbtb22a				4431.76	4020.7									4506.81			
F1QFJ8	F1QFJ8_DANRE	hnrnph1l		89568	92525.1	104690	117384	128755	134174	110179	113381	144618	148153	108086	99477.2	91605	91438.7	144205	157901
F1QFK9	F1QFK9_DANRE	cstf1		58110.1	53635.7	54503.3	55578.8	54910.8	56726.9	61332.6	62116.4	56484.4	56589.9	60219	61516.2	63120.7	64535.7	54022.2	50400.7
F1QFQ7	F1QFQ7_DANRE	acadsb		139267	146373	141266	140051	138611	140655	124212	141610	146067	162894	147998	141876	151695	158310	147275	177773
F1QFV1	F1QFV1_DANRE	cttnbp2		33884.4	28980.1	19786.5	17263.3	31653	35229.6	29916.3	25013.4	16930.6	23891.5	20266.4	19736	18580.5	19649.5	26553.3	27208
F1QFV6	F1QFV6_DANRE	rpl28		239059	232846	215908	208360	220928	199756	251859	241855	289523	248987	227745	229441	237331	246023	208828	193255
F1QGG3	F1QGG3_DANRE	nsfb		370675	356056	241762	240425	178183	171290	193143	177229	170514	195496	311085	302169	498280	448279	226418	206503
F1QGH6	AMER2_DANRE	amer2		7690.72	6607.32	7708.12	10196.6	8827.38	10249.6	7738.02	6867.06		13613.7	6656.13	5279.61	7965.37		14430.4	18224.3
F1QGH7	CTNB1_DANRE	ctnnb1		103079	101691	113342	117495	105389	104786	108364	105667	104531	105327	109023	110481	103988	101222	110879	118250
F1QGH9	PS11B_DANRE	psmd11b		126593	133396	122441	121587	139837	134147	137607	136190	104836	131148	145126	140766	148516	147174	130185	127704
F1QGJ3	F1QGJ3_DANRE	plin3		18026.3	15550	22230.2	22663	25377.1	19987.3	16396.5	12264.3	22633.8	17391	19775.7	19033.4	21110.6	16800.7	21176.4	18869.2
F1QGL1	F1QGL1_DANRE	chd7		9081.68	9230.25	9401.27	10844.9	9924.05	10214.4	12443.9	10214.2		7704.77	10760.4	10537.1	8706.59	10342.6	10901.1	12570.9
F1QGM6	F1QGM6_DANRE	bag5		15606.4	19422	11254	9759.77	13543.5	7883.52	15110.1	12671.7		9092.61	14297	21207.7	21992.4	21919.1	9809.69	9590.41
F1QGP1	F1QGP1_DANRE	aldh16a1		50077	46601.9	52183	47477.9	48161.2	44487.3	48626.2	45837.4	32021.4	33420.3	55030.1	53925.2	56382	53219.1	41069.9	41566.8
F1QGP8	F1QGP8_DANRE	hmgb3a		154765	141970	187741	181147	164191	159704	160097	144146	126785	120925	139020	137419	171042	159769	142720	146817
F1QGQ8	F1QGQ8_DANRE	prdm2b		7266	6218.72	5755.09	9792.54	10621.4	9345.31	8176.96	8994.75		8298.45	6654.12	8277.98	7749.17	8250.62	9733.8	8578.2
F1QGS9	F1QGS9_DANRE	gusb		44060.5	45622.9	42612.1	41974.9	42795.8	44970.3	45169.3	44633.2	60710.7	39821.4	39452	42070.8	56337.1	41503.1	32542.6	32608.3
F1QGU0	F1QGU0_DANRE	pgp		48772.7	49935.4	40867.1	52166.1	46489.4	40852.3	39993.7	43252	34130	39910.6	58463.9	38777.8	43902.5	52042.8	38564.8	31571.9
F1QGW6	IF2G_DANRE	eif2s3		118884	119653	120420	129285	127669	123754	113421	118094	132085	134330	133626	131866	129607	130332	144328	163333
F1QGX0	F1QGX0_DANRE	itgb6				63201.4	61012.6	70702.3	67460.7	59690								72489.9	76498.8
F1QHC0	F1QHC0_DANRE	bnip2		11288.4	10135.1	2632.41	2324.05	6892.83	6283.55	15418.5	15505.7		4115.87	3214.98		11819.5	9335.75	2138.72	1351.32
F1QHC4	F1QHC4_DANRE	lmnb1		479885	486237	495762	486895	518196	534934	537436	534856	542914	529353	492712	475451	536808	522358	655751	703008
F1QHE2	F1QHE2_DANRE	elac2		12418.4	13335.3	13439.5	15801.8	11638.1	12149.7	9194.19	15928.5		9036.4	4848.14	9064.81		8212.44	10809.4	11568.7
F1QHE9	F1QHE9_DANRE	ndufs7		113801	115193	157075	151953	159623	155038	139826	138334	260072	186036	147374	144461	158028	137180	137710	235092
F1QHG6	F1QHG6_DANRE	im:7138535		2437.36	1385	4291.99	9165.7	6298.04	5353.52	2388.14	3932.94		3231.55			2100.04	2533.5	20528.9	20413.5
F1QHT3	F1QHT3_DANRE	pigq		26563.1	24594.3	22563.5	24978.9	26900.3	21641.6	28342.3	25052		24056.4	36747.1	35125.2	29798.7	22941.4	23938.5	24920
F1QI36	F1QI36_DANRE	sall1a		14712.7	13787.5	13429.1	12794.3	15065.9	13616.4	17819.6	13641.4	21982.6	14822.8	15743.6	12334.2	16529.8	15969.7	12471.9	12594.9
F1QI68	F1QI68_DANRE	nt5c1bb		61414.4	54545.5	51023.8	55114.2	48329	47134.8	45356.7	48001.1	63561.4	59393.4	69047.3	67171.8	69701.9	69632.5	55082.9	58362.8
F1QI79	F1QI79_DANRE	golm1		12162.2	12534.5	8780.64	11555.2		9824.93	11600.7	10338.4	12403.5	13510	11054.3	13373	15354.6	9440.87	12826.4	11896.4
F1QIB2	F1QIB2_DANRE	cstf3		36951.6	38606.3	36517.7	38899.7	37726.1	43118.4	46156.8	40096.3	47153.4	45353.9	37676.6	42389.5	38339.3	42940.8	40250.7	41335.1
F1QIB3	F1QIB3_DANRE	dbnlb		71420.2	72326.1	81442.5	84564	75614	90181.8	70772.9	82724.9	95943.7	98364.3	62292.3	65673.9	53130.6	65183.1	114318	133457
F1QIE6	F1QIE6_DANRE	kcnj19a		27198.2	21472.9	21470.8	22963.1	20702	21995.1	26958.7	16276.2	17956.9	19855.3	23943.9	23921.5	25970.6	20885.3	17024.3	24308.5
F1QIJ6	F1QIJ6_DANRE	eps15		36344.4	33277.7	32539.5	29805.8	34327.8	32680.7	28816.1	30966.3	41100.1	33185.1	33465.3	35305.9	34523.8	36876.9	42016.2	44908.9
F1QIP3	F1QIP3_DANRE	ipo4		15625.4	14899	12764	12554.1	10632.6	9053.24	10179.2			10688.3	17520.5	18586.8	24160.4	15840.3	8389.57	11308.6
F1QJ13	F1QJ13_DANRE	plcd3b		9259.49	12103.9	9175.88	12932.3	9414.56	10901.1	10481.2	10894.5	11621.8	9149.59	14920.6	13004.6	10354.5	7995.21	14241	13569.8
F1QJ79	F1QJ79_DANRE	dock8		22097.5	23545.4	19457.2	18478.6	21032.6	19277.4	21143.7	19812.1	30294	20405.1	27957.9	25538.9	25796.8	22276	19963.5	21148.8
F1QJC8	F1QJC8_DANRE	tbcc		21765.7		11739.2	13253.9	14470.9	15762.8	17594.3	19392.1		13138.2	13141.8	11868.8	15782.9	16326.2	12360.9	11914.7
F1QJE0	F1QJE0_DANRE	uqcrc2a		375853	368310	278787	280816	287047	313356	315247	345280	426247	374856	282526	261039	290137	300221	312285	325313
F1QJE5	F1QJE5_DANRE	ppm1g		61493.4	63903.3	53034.1	63690.9	67603.4	57713.7	59169.1	57117.2	47482	54158	68246.1	74710.6	56869	62244.4	59172.6	63579.8
F1QJL4	F1QJL4_DANRE	lig3		33370.5	31664.3	31278.3	34095.2	26253.5	27460.7	34016	36458	20031.2	21392.7	36044.3	39271	38206	40934.9	27102.8	23999
F1QJR8	F1QJR8_DANRE	sap30bp		22364	17205.1	15615.7	16858.4	18233.2	20248.1	22181.5	24141.3	33788.9	16909.9	25275.9	21500.4	24230.3	26536.3	17575	16105.3
F1QJX3	F1QJX3_DANRE	wbp2		48472.3	39559.6		23201	43278.9	40121.5	53668.6	51923.8	41007.1	41922.9	33520	30897.1	36110.1	36756.9	16800.6	28349.9
F1QK11	F1QK11_DANRE	sgpp1a		61082.8	51440.9	63239.9	64563.4	60832.6	50496.5	55724.6	49252.1	54802.6	47839.6	74999.2	67595	73538.9	66534.7	60864.8	69668.6
F1QK31	F1QK31_DANRE	rell1				14580.7			10638.1		14065.6		13292.9					28575.6	33260.5
F1QK60	F1QK60_DANRE	krt4		189854	196021	38829.2	36531.4	39152.1	46210.3	56619.4	57024.3	42578.8	65809.5	61268.3	47406.8	36918.8	26821.9	346487	346912
F1QK93	F1QK93_DANRE	psmd1		124145	119833	123988	123297	118639	119797	124115	123618	126730	117104	134597	131015	118949	123437	118105	127337
F1QKA5	F1QKA5_DANRE	chchd7		26557.1	31438.2	27053.4	19084.4	30641.5	31713.8	32817	24185.9	24267.7	31536.3	18321.5	23899	28703.7	25404.3	24712.9	24994.7
F1QKE3	F1QKE3_DANRE	pals2a		73984.5	81199.6	67932.7	70274.9	79917.1	79920.9	87099.7	96096.6	61235.4	79094.9	71142.1	69820.8	77484.5	73856.9	85864.1	88247.8
F1QKG2;Q503D3	F1QKG2_DANRE;Q503D3_DANRE	ptbp1a;ptbp1b		32789.7	40390.4	35482.9	37277.3	29412.1	35784.6	38859.8	33425.6	37636.6	38193.1	33862.6	28739.4	29915.6	32004.3	36190.9	42349.9
F1QKP6	F1QKP6_DANRE	enc1					16233.9					7888.2			11143.3				
F1QKS4	F1QKS4_DANRE	canx		325358	355091	382232	385752	370935	384840	392580	397444	339657	382555	337503	383018	377308	386560	381070	399391
F1QL34	F1QL34_DANRE	nudt9		45514.5	39111.7	33411.7	36318.9	41014.4	37673.1	39904.2	35970.2	61725.2	49176.8	46535.2	47045.6	43267.9	41941	40970	41837
F1QL35	F1QL35_DANRE	thbs1b		33905.1	30500.5	32464.4	32248.6	30028.7	30274.5	19608.8	21835.8	25637.7	23361.5	38044.9	39046.2	27395.7	27108.6	55777.1	54671.7
F1QLC3	F1QLC3_DANRE	f10		23369.3	24808.7	71118.2	65933.4	47174.7	40303.7	46676.5	45493.2	22482.1	12356.3	67769.7	56670.7	52936.4	51957.2	62195.9	57417.7
F1QLG2	F1QLG2_DANRE	mta2		37397.2	43966.2	44298.7	44387.5	46830.1	50201.5	51380.4	50652	48066.4	58387.8	45378.4	43638.5	45255.5	44852.1	50550	59739.9
F1QLP1	DHI2_DANRE	hsd11b2				12786.3	10362.5	16538.6	19207.8	18204.2	14039.6				8493.02	9383.92	6744.65	12448	15489.8
F1QLP6	F1QLP6_DANRE	srrm2		51991.3	44725.9	46162	45439	51045.9	52705.6	56351.5	50574.7	42345.5	48892.9	53260.1	59680.1	59359.8	60832.5	49595.3	44475.6
F1QLW3	F1QLW3_DANRE	pir		65334.2	68184.4	78942.8	94014.1	73626.4	92654.2	63288.3	70801.2	68073.8	82548.5	74055.1	72413.4	73530.2	60648.7	108501	133372
F1QLZ5	F1QLZ5_DANRE	LOC108179061		52892.8	52556.5	56459.9	57354.3	57859.8	52866.5	62645.6	58336.9	41981.6	54846.8	56861.8	64104	61376.9	55345.5	48196.6	56179.1
F1QM42	F1QM42_DANRE	aco1		35969.2	31885.2	37593.2	41309.7	44669.6	47929.2	35698.9	36134	37766.8	34764.4	40159.8	34606.2	34253.4	31950.5	37755.1	39657.3
F1QM53	F1QM53_DANRE	iscub		62962.5	57525.4	51844.1	45430.9	57562.4	65024.2	60869.6	63682.5	87386.4	91821.5	59115.7	56566.5	78883.8	72725.3	65318	73586.8
F1QM86	F1QM86_DANRE	cbx1a		37731.8	38174.1	36806.8	40779.4	39730	41426.5	38272	36035.5	38986	38434.6	39634.9	38389.7	39097.5	45042.9	40650.9	38626.6
F1QMB9	CCNK_DANRE	ccnk		15889.4	15174	15251	13285.5	16206.1	14672.9	17647.8	17537.4	15867.3	14120.3	23314.7	16831.7	17733.1	22019	12834.6	11915.6
F1QMF9;Q6DGU4	F1QMF9_DANRE;Q6DGU4_DANRE	nedd8;nedd8l		948545	847094	932770	918350	710518	649397	772991	663984	514170	521897	1.09204e+06	1.06164e+06	1.16491e+06	1.16668e+06	709645	652588
F1QMH7	F1QMH7_DANRE	dag1		9813.99	14580.3	13085.8	15289.3	13381.9	10480	14649.7	13747.4			12923.9	11682.7	10346.7		12157.4	8917.5
F1QN54	KIF3B_DANRE	kif3b		23020.9	21675.6	21494.1	18267.7	24487.1	22988.5	23468.1	27098.6	22968.8	26060.4	25867.2	25191	24005.8	23600.4	19876.1	17638.3
F1QNE0	F1QNE0_DANRE	nasp		16155.2	18905.1	13121	15466.5	21430.1	21131.5	22478.3	21939.1	16098.4	20088.1	18102.5	17104.6	19340.1	15378	16742	17854.6
F1QNF2	F1QNF2_DANRE	cbx3a		96462.9	100882	111406	126310	111300	119905	110865	114336	123430	112104	89376.1	90511	98639.3	98339.7	129174	136371
F1QNJ3	F1QNJ3_DANRE	tes		21224.2	24839.2	24671.3	24314.3	26048.1	29843.7	18951.2	20449.8	29018.7	27240.7	24138.1	25097.1	21084.9	21268.6	29838.6	28334.2
F1QNR4	F1QNR4_DANRE	gucy1b1		18564.2	18224.6	17028.3	15259.3	15297.7	14365	19358.3	18128.7	19102.1	14342.9	20447.5	20619.3	22139.7	18367.7	14382.5	14469.8
F1QNS9	F1QNS9_DANRE	rpz6		7740.38	10532.5	11885.7	11128.3	9486.19	10924.2	8577.77	11847.9		8554.1	11816.1	11168.3	8698.6	12260.1	13000.6	9194.53
F1QNV4	NU133_DANRE	nup133		37613.1	37515.7	36433.6	34745.6	35364.2	34373.6	38554.3	36985.6	48433.9	40172.1	39644.5	40211.4	42390.5	39653.9	39735.6	34829.2
F1QNX4	F1QNX4_DANRE	top3b		27295.6	20080.9	20766.5	21488.6	22380.1	17594	25686.2	20401.4	16016.7	19571.8	31689.2	29086.8	38138.8	29043	16012.1	14806.3
F1QNX9	F1QNX9_DANRE	smfn		27797.9	23192.7	20551.7	23481.3	16940.3	17771.8	23203.2	18344.2	17797.3	13883.7	23078.2	19351.1	20003.4	21830.3	14198.9	11382.4
F1QNZ8	F1QNZ8_DANRE	ano6		26452	27082	31206.2	28112.2	21392.9	17221.9	20195.8	20626.4	14211.9	15871.9	24952.5	16171.7	17449.4	19540	25910.9	22414.3
F1QP95	F1QP95_DANRE	ttl		12072.2	13267.5	21336.6	21431.3	16981.1	19258.3	23298.6	20305.5		15366.4	13804.7	11478.2	10106.9	11155.8	15252	22892.6
F1QPF7	F1QPF7_DANRE	cth		23416.3	23100.6	22709.6	19534.5	24719.1	26479	25441.8	23617.9	31870.9	27963.8	25158.9	23821.4	24245.8	23264.9	22900.1	22377.7
F1QPS1	F1QPS1_DANRE	alg2		27515.5	25919.2	19256.7	18838	33930.6	28546.3	35378.9	35575.4	29924.5	31741.9	39657.3	36383.8	36508.2	39261.4	25152.4	26870.4
F1QPT3	F1QPT3_DANRE	gmds		63143.3	60864.9	54576.1	55302.5	56358.8	59823.6	53933.1	53159	62439.9	47540.7	59989	65051.5	59075.1	62677.1	69013.9	72424
F1QPW7	F1QPW7_DANRE	gabrb1					32330								30617.2		34893.9		
F1QPY7	F1QPY7_DANRE	snrpg		52222.7	54523.9	62108.4	71555.7	69094.9	71190.8	71521.6	70923.9	69387.9	62501.5	49125	51635.8	56455.7	62532.7	64313	64759.4
F1QQK5	F1QQK5_DANRE	nudt22		14123.7	14801.7	15731.1	12795.8	10346.4	12193.2	14026.9	12221.7	7326.72	8719.59	19171.7	17893.7	17762.6	16866.7	12070.9	9819.44
F1QQN9	F1QQN9_DANRE	septin2		161301	166696	228015	228422	183659	190167	158775	151471	219854	203071	183958	187539	160640	159455	234852	229650
F1QQP6	F1QQP6_DANRE	brd3a		76120.1	75243.8	75652.7	83586.7	88917.1	85888.6	84636.2	84690.9	96077.9	87382.9	90603	70638.4	84278.2	82803	76989	94269.2
F1QQQ3	F1QQQ3_DANRE	vtg3				27358.6	24856.1	29248.9	35201.6	20899.2	21865.1			31693.3	34075.2	32376.3	29774.6	33423.2	30399.4
F1QQZ1	F1QQZ1_DANRE	sf3b1		94038.1	87579	95887.8	96421.4	94689	89029.8	91389.6	91194.3	79150.4	93570.6	89943.1	93841.8	101587	104503	92106.7	97684.2
F1QR78	F1QR78_DANRE	psmb10		8452.57	7195.2	8329.62	7957.64	19131.6	16043.7	9159.63	8557.79	13600.9	12706.7	11351.7	7343.44	23424.6	20387.7	9250.79	9922.79
F1QRB4	F1QRB4_DANRE	sec24d		11898.7	13094.7	10877.5	13256.4	12980.4	13756.3				10758.8	16819.9	16342.7	13197.1		11955.5	10704.3
F1QRI7	F1QRI7_DANRE	pip4k2cb		121156	111248	112474	100162	109832	109982	117552	123815	107124	120061	109336	107391	146076	138341	97531.5	88348.7
F1QRP8	F1QRP8_DANRE	dnpep		258090	262165	267440	264728	267224	277346	339512	341861	447868	407319	274455	262739	256106	261436	321306	318489
F1QRV8	F1QRV8_DANRE	znf609a		7418.62	7455.01	12398.7	9556.66	8424.11	9868.79	8280.86	5811.82		10881.2	8777.54	9380.31	9872.28	9828.75	10764.9	10377.7
F1QRW4	F1QRW4_DANRE	pitpnb		170799	166459	167022	167351	163462	169307	190437	177540	153988	148087	170780	169867	211712	203697	145165	146669
F1QRW6	F1QRW6_DANRE	ccdc51		37427.6	37040.6	29870.9	26493	34627.7	28877.3	31185.2	31224.5	22729.2	30405	39053.6	40300.1	42282.1	40588.8	21064	17758.7
F1QRY4	F1QRY4_DANRE	tiprl		16873	16086.2	22792.7	17988.6	12721.9	7478.96	7666.64	8940.96		8370.56	12136.9	19402.7	20151.4	14334.7	13754.7	12305.4
F1QS24	F1QS24_DANRE	ly75		11966.7	14400.8	14606.8	13924.3	13885.9	14620.4	11842.3	17171.4	10593.3	9698.13		13486	9795.59	12711.2	13145.7	7424.29
F1QS28	F1QS28_DANRE	hnrnpa0a		661715	649008	700150	708791	709141	713246	746501	761329	778751	749005	704334	712845	711349	675022	785516	836049
F1QS51	F1QS51_DANRE	eea1		44843.2	44319.8	46285.2	46574.7	51658.8	47968	49008.7	43834.7	48116.9	51286.5	46934.3	44128	50905.3	51114.2	52317	51361.5
F1QSA4	F1QSA4_DANRE	mag		63777.7	62658.9	62105.2	61668.5	53345.5	56263.8	48101.9	48287.7	81266.5	73395.3	41333.2	44048.1	42603.3	37537.1	71815.5	75194.8
F1QSB8	F1QSB8_DANRE	ddx42		42005.7	41818.6	43439.1	45870.7	39711.7	44165	47672.8	43014.2	44835.5	43534.1	45108	46714.7	53428.1	49486.2	45573.7	44172.6
F1QSI9	F1QSI9_DANRE	slc3a2a		56861.3	51535.7	35306.3	48412.6	37487.1	46773.4	50845.4	59901	41036.6	52465.6	46335.1	44247.6	53153.7	42376.1	73443	64459.2
F1QSL6	F1QSL6_DANRE	fbxo44.1		46133.8	44755.3	37781.9	35710.6	43885.9	40018.3	52530.6	49106.9	32236.9	33776	47196.5	53103.9	51299.2	50719.9	28077.7	28673.4
F1QSQ8	F1QSQ8_DANRE	letm2		59379.2	60377.8	61167.5	55284.1	37391.4	37846.8	39212.5	43850.5	32000.6	44373.8	41348.6	38526.9	63778.5	56633.8	44537.7	42220.6
F1QSR3	F1QSR3_DANRE	tnn		119437	124214	7567.96		8223.27						33628.3				568928	585903
F1QT45	F1QT45_DANRE	pnn		59140.6	61744.4	66044.3	66125.8	60269	55293.4	66830.4	72118.8	49458.2	60344.6	71161.1	67970.5	68390.6	68300.9	66576.6	60265.8
F1QTE3	F1QTE3_DANRE	add2		43333.9	43442	39037.5	39841.4	42452.3	40274.9	43474.8	45382.6	41506.2	41413.8	42919.8	44376.9	46214.7	44027.8	40832.6	45492.6
F1QTL0	F1QTL0_DANRE	pdcl		35082.4	28727.7	28158.9	30267.3	34603.1	30113.6	37767.8	36588.3	43488.6	29031.8	39487.1	37237.9	37413.7	41108.5	26523	39166.7
F1QTS2	F1QTS2_DANRE	tcea2		13154.2	9629.22	11940.9	12876.2	11827.1	13351.2	9365.02	8156.63	17619.4	15021.1	15349.6	10338.2	10742.3	15407.6	10637.6	11124.4
F1QU35	F1QU35_DANRE	psmd5		40495.5	41701.7	49486.6	48012.1	41873.6	41885.6	53108	48971.5	37330.7	36984.3	52075.6	49007.8	45545	47985.1	45708	50902
F1QU45	F1QU45_DANRE	bco2a		36684.9	38332.7	34740.9	33213.9	31225.3	33173.3	47043.6	41060.1	39538.9	34251.9	32441	35099	42060.9	42051.4	37042.1	36458.7
F1QUD7	F1QUD7_DANRE	smpd2a		16276.8	17078.3	16743.2	14075.5		9301.36	12572.8	16698.5		6377.31		16836	15050.4	9579.17	13968.1	
F1QUP1	RPZ_DANRE	rpz		13618.2	11137.4	14650	13815.3	12113.8	13352.2	14314.6	10831.9	12152.6	11330	18471.5	17644.8	22346.1	10844	15073.5	7233.16
F1QUQ0	F1QUQ0_DANRE	iars2		117059	119560	120491	117275	107395	115326	107150	109143	132004	134900	102788	104883	108168	103222	114892	125247
F1QUT2	F1QUT2_DANRE	mak		24534.6	25728.4	28078	21187.1	27390.3	32066.5	26290.5	23535.3	27824.4	24220.9	24801.4	27834.1	31125.1	29416.3	20764.4	24766.5
F1QUY7	F1QUY7_DANRE	slc6a1a		202004	203222	194438	193993	206736	205113	220514	231080	160559	228868	165676	185041	162814	153683	216649	225556
F1QV31	F1QV31_DANRE	krt5		1.13028e+06	1.15475e+06	70972	60786.4	61819.1	58639.3	62212.3	64581.5	123432	59949.2	47059.6	75658.8	45617.8	50589.5	1.38235e+06	1.49387e+06
F1QVC6	F1QVC6_DANRE	srsf9		68440.6	72548.3	72935.8	72281	68614.5	70700.8	63826.7	70449	52331.4	69554.5	65774.1	63738.9	58355.2	58648.2	81058.7	87618.1
F1QVE4	F1QVE4_DANRE	eef1e1		104711	103132	97922.8	89190.5	93702.9	84765.1	106332	92133.3	66520.4	74634.8	100286	78335.6	100687	97624.6	76894.1	72541.4
F1QVG2	F1QVG2_DANRE	idi1		41205	42378.7	40652.4	40171.7	46159.6	45222.6	58799.3	52313.5	31933.4	37483.7	47182.3	49441.8	58811	52281.2	30468	30023.3
F1QVU3	F1QVU3_DANRE	vil1		278459	278146	345592	347779	360120	361982	330656	336772	294648	330994	376408	372517	330668	328631	348431	381299
F1QVV4	F1QVV4_DANRE	cpsf2		17551	20163.3	10184.7	13933.2	17973.3	20644.1	20129	19596.5	19005.6	22362.9	13727.5	17445.4	14688.8	14394.1	17034.8	19684
F1QVX3	F1QVX3_DANRE	myhb		12978.5	18932.4			64312.4	61532.4									206074	220235
F1QW52	F1QW52_DANRE	habp2		36121.1	37436.5	59947.2	64148	37371.9	36821.9	42661.9	44949	23525.2	23575	42734.3	43715.4	36774	35422.6	57776.8	55286.7
F1QW85	F1QW85_DANRE	im:7137941								7950.66	7933.19		10870	12822.6			13716.2		
F1QWA8	SARM1_DANRE	sarm1		28992.6	22981.8	22048.5	23897.1	25625.7	28400.2	21969	26990.9	20119.3	22349.7	25929.2	24174.9	20645.7	21687.6	20835.7	19267.2
F1QWB4	F1QWB4_DANRE	hnrnpk		154796	158651	171217	177532	166058	162807	172056	170766	175407	172669	151124	158480	168584	165705	188538	208523
F1QWF1	F1QWF1_DANRE	si:dkey-40c11.2		19288.8	16299.9	13818.7	18545.1	15536.8	11594	14488.4				14775.9		16971.1	16482.6	19094.7	15022.4
F1QWU4	F1QWU4_DANRE	myl6		114518	118903	112585	112402	104257	121340	82947.7	105135	115219	129302	77138.1	91130.1	84229.4	85331.7	161806	166572
F1QWW1	F1QWW1_DANRE	pus1			8763.87	9648.8	8252.48	7818.16	9270.8	9478.08	7286.7		9202.04	8681.63	8504.8	9605.36	9529.65		
F1QWW8	KDSR_DANRE	kdsr		38804.6	37395.1	43089.1	40687.9	43479.4	40197.9	35193.8	36054.6	47243.8	47087.1	40922	41767.2	36665.3	38806.2	45260	45838.9
F1QWX4	F1QWX4_DANRE	spra		35850	47928.8	48530.7	50516.9	37790.3	47738.6	29346.7	35721.1	78150.6	53404.3	22580.2	26762.3	15647.7	17560.2	61878.2	83572.5
F1QX13	F1QX13_DANRE	c3a.3		29508.9	28412.1	66579.3	70628.5	39446.1	40118.5	42284.5	48138.2	30689.4	32711.5						
F1QXB0	F1QXB0_DANRE	sptbn2		103097	107989	100225	101355	102616	101646	108369	109152	109295	112176	109763	110013	114875	120236	113373	114542
F1QXE8	F1QXE8_DANRE	glb1l		35490.2	34206.2	22104.1	17509.9	19623.9	22229.9	25594.6	18135.1		21549.2	21181.6	18505.7	25257	31295.8	28259.9	25856.4
F1QXF4	F1QXF4_DANRE	thoc2		71979.4	64543.7	59153.6	60206.3	61642.3	65246.2	76899.3	73207.1	80774.1	76527.5	73025.9	67923.7	77646.8	87235.1	62306	62156.4
F1QXI2	F1QXI2_DANRE	xrcc1		8797.5	8783.15	9346.05	6563.56	8020.68	10084	12065.2	7136.36	7168.92	7877.41	15304.5	8731.76	11161.3	10690.7	10133.1	9240.41
F1QXK9	F1QXK9_DANRE	slc24a4b		20513.3	23605.9		29303.9	26040.3	22519.4		27429.6					21545.9	17094.5	23773.4	
F1QXM3	F1QXM3_DANRE	tbc1d5		12534.9	13418.5	15666.7	16667.7	15716	9712.19	14567.9	10063		14474.4	12777.4	13944.9	13042	11129.5	13962.5	11361.7
F1QXM5	LDHD_DANRE	ldhd		40649.2	43665	39209.9	39771	43417.4	47041.9	43868.2	44390.8	49802.6	59567.7	41340.9	46108.3	48666.6	46219.6	34448.3	39807.3
F1QXS6	F1QXS6_DANRE	phkg2		8178.45	10029.8	6211.03	6732.67	7239.46	6605.98	6896.89	8462.31		396186			6816.23			
F1QY29	F1QY29_DANRE	prelp		176409	166984	44924.5	35194.4	33976.4	34789.9	49625.7	42142.6	24247.1	32263.3	41185.9	38912.8	57750.6	42521.6	92425.6	87980
F1QY33	F1QY33_DANRE	gabarapb		77992	72663.4	73988.6	79470.9	71629.8	71024.9	76013.6	72764.2	87883	77714.4	78258.1	71564	85251.6	84039	77429.6	74201.3
F1QY45	F1QY45_DANRE	zeb2a		12954	11482.3	16387.4	15209.6	15089.5	17817	10103.6	13631.4	27736.1	11585.7	17292.3	17301	16349.2	18125.8	16511.7	12811.9
F1QYI8	F1QYI8_DANRE	dusp12		10562.1	12518.7	8073.57	10565.2	8218.7	8311.41	10101			12585	8515.6	9223.72		6831.14		10883.2
F1QYK9	F1QYK9_DANRE	myl9a		49412.7	47325.3	40690.3	36204.4	47389.3	50924.7	40839.7	38331.9	67186.6	59401.2	45521.8	39911.6	38695.7	33448.8	63214.8	69820.1
F1QYM7	F1QYM7_DANRE	retreg3		22749.8	19694.1	25765.9	17757.1	27174.7	23204	22604.7	19177	15933.3	18887.2	33875.5	26845.9	22711.6	17607.1	19625.4	19732.8
F1QYP6	F1QYP6_DANRE	si:ch211-122f10.4		4881.72	7601.07	9309.19	7660.58	7961.22	11534.6	6609.11	9606.24	6448.01	6461.43			2618.98		6238.45	11667.9
F1QYS7	F1QYS7_DANRE	acss1		83453.4	84157.1	80126.9	80509.2	77762.8	82758.7	83482	87065.8	93501.5	102476	86649.8	85143.4	78929	79406.2	120063	126922
F1QYT2	F1QYT2_DANRE	sqor		25265.4	26102	21348	20105.7	25340.3	25363	28561.6	28149.3	31070.3	28470.8	23173.6	18875.5	22401.7	24794.5	26106.8	23860.4
F1QYU7	F1QYU7_DANRE	mat2aa		90803.1	89971.3	95207.4	95930.8	102120	99117.1	97981.8	101228	109164	108901	99808.4	95634.8	93085	92261.4	110326	111460
F1QYZ6	F1QYZ6_DANRE	pcxb		65267.2	63228.7	50829.2	53302.4	46794.9	43860.8	77256.6	77497.1	51788.3	50940.5	73402	86461.2	85214.9	83404.4	65934.3	67093.5
F1QZ15	TPRKB_DANRE	tprkb		75219	67959.6	73330.3	66811.4	74730.8	75339.4	69209.6	71627.6	71027	74781.5	78447.3	80969	64764.1	63399	69139.8	69420.6
F1QZ50	F1QZ50_DANRE	ahnak		559806	573870	665476	692609	516346	550890	408933	416251	446800	452653	506154	514183	384358	402882	1.01214e+06	1.10082e+06
F1QZ57	F1QZ57_DANRE	puf60a		14931.4	19303.5	20606.5	19518.9	16232.9	23023.5	21146.9	19921	18789	18852.2	21271.7	19127	18981.5	20122.7	15545.2	19882.5
F1QZ60	F1QZ60_DANRE	xrcc6		33742.5	31202.5	39584.3	38138	37212.3	37115.2	40835.1	38366.1	34553.8	35224.8	39374.1	38125.2	33053.2	39514.9	40461.7	42784.7
F1QZ61	F1QZ61_DANRE	zgc:63882		21650.9	19099.7	20569.9	21907.5	22606	19253.6	18254.5	20544.8		22826.7	25174.9	31134.7	23583.4	23608.4	17806.8	16849.7
F1QZ64	F1QZ64_DANRE	abcf2a		65096.5	70061.6	48342.5	52231.1	65901	60721.5	72533	65750.1	66636	60266.9	78081.1	74973.4	86767.4	83763.6	55564.7	43008.8
F1QZ83	F1QZ83_DANRE	ubtf		47571.5	49387.4	47289.7	45734.2	53339.7	45715.1	51462.5	57237.1	38752.7	51361.2	62460.6	51828.1	52253.1	58389.8	47150.6	45639.8
F1QZA4	F1QZA4_DANRE	idh3g		658538	622274	465483	438137	386045	333297	342618	305415	219513	248118	288768	286337	296234	303631	379771	366243
F1QZB0	F1QZB0_DANRE	crip2		144941	146533	122059	129953	130986	123395	146940	150542	83819.3	108665	136937	138162	121730	106487	112123	120164
F1QZM9	F1QZM9_DANRE	adgrg1		14496.2	13709.2	13060.1	13941.9	13051.2	10804.1	13582.5	12524.5	14661.7	12621.6	15409.6	15102.7	11386.1	14493.3	18840.7	15657.1
F1QZR2	F1QZR2_DANRE	pak4		23811.1	28979.4	27950.7	29737.1	24979.8	27828.9	28550.4	26507.4	14602.6	18623.3	22106	24434.4	37213.4	26460.4	28457.3	27823.8
F1QZV9	F1QZV9_DANRE	si:rp71-39b20.4		25279.6	23770.9	19005.7	19661.8	21543.1	21309.5	23584.4	23393.4	40875	24213.4	24704.6	23449.2	22254.4	23758.6	21085.8	18667
F1QZW7	F1QZW7_DANRE	ilf3a		65899.5	72826.1	77549.1	77346.5	70392.8	70892.3	80824.6	83347.9	60301.2	54944	65283.7	73871.6	86017.5	78318.5	79564.8	74466
F1QZX9	F1QZX9_DANRE	cart3		4898.03	6654.74	5515.69	3158.62	3616.03	3915.41	4277.21		7262.77	8102.4	8715.18	6871.64	8586.22	10294.3	6199.41	5032.91
F1R045	F1R045_DANRE	abca4b		86254.2	85984.2	88394.3	89270.7	109075	109584	101434	102399	69457.1	73029	99310.8	95583.1	132450	131376	67121.8	73546.6
F1R071	F1R071_DANRE	acox1		38381.7	35227.9	28701.8	30027.1	36508.4	35488.2	36952.6	34942.5	37279.3	38660.2	37683.2	30399.9	36315.2	33819.2	26938.1	28164.5
F1R0A8	F1R0A8_DANRE	syn2a		43269.7	42388.6	40979.8	38991.1	34688.8	40517	34150.2	36726.6	65388.4	48784.8	38886.2	39701.3	44079	40335.2	55976	52913
F1R0C0	F1R0C0_DANRE	pgls		63388.2	61187.7	82858.4	94237.2	82149.9	100924	73690.5	86103.2	99591.6	111109	71943.1	78669.6	84606.3	83241	155874	169317
F1R0I2	F1R0I2_DANRE	apoda.1		256362	253468	196606	194822	195328	199223	239871	237083	189517	179899	227370	224205	250992	248829	266902	264057
F1R0J8	F1R0J8_DANRE	pdhx		200641	197537	175627	169660	164423	158509	160160	157985	261637	226142	171947	181293	176201	176868	157958	162748
F1R0M4	F1R0M4_DANRE	fus		162683	176510	198245	196550	193773	187234	199410	199855	180426	179052	176374	182142	203643	203968	162083	148771
F1R0Q1	F1R0Q1_DANRE	slc2a1b		285259	222644	288404	276323	314935	319668	287469	278549	288488	253154	392813	361761	306973	315048	331998	388224
F1R0Z8	F1R0Z8_DANRE	pfdn4		104266	103486	102117	92714.4	91848.5	99119.6	92402.9	96978.8	93998.9	85585.8	97587.6	89783.4	93660.4	91165.3	113048	107827
F1R116	F1R116_DANRE	gpr37l1b		158991	183527	142383	140684	148134	154558	157614	160850	238310	165203	124734	129447	126946	119196	180739	191482
F1R118	F1R118_DANRE	hexd		26400.1	22460.4	32449.4	34793.5	16343.6	34286.6	27371.9	27479.5	28608.1	34460.8	29804.9	32464.3	23363.7	22788.4	38705.3	35718.8
F1R166	F1R166_DANRE	eif4a2		50412.3	51952.4	70758.2	67190	55276.4	60287.9	58683.9	57895.3	48475.5	56336.9	52446.4	58517	62701	56817	57672.3	58794.9
F1R184	F1R184_DANRE	txndc5		116718	122594	146467	144434	133052	142068	130044	132259	145098	142372	109115	106363	104052	108323	151545	159856
F1R1B9	F1R1B9_DANRE	pecam1a			2893.91	3161.14	3053.2	3907.35	4311.85	1759.92	2260.93				1892.98	2151.89		12044.1	13424.1
F1R1F1	F1R1F1_DANRE	col9a3		63084.6	57705	57321.2	54351	76279.6	72936.8	55037.6	56175.3	80683.9	80958.4	70317.8	60566.3	51486.8	51378.9	81049.6	79519.3
F1R1I5	F1R1I5_DANRE	cgnl1		12699.9	10832.2	13575.2	16132.2	10132	11688.2	10799.6	8935.45	12160.3	10081.4	13558.4	11869.1	10134.1	9670.52	12294.4	13419.3
F1R1N9	F1R1N9_DANRE	cd2ap		4371.86	3165.72	4422.92	5529.51	3805.5	3966.67	2251.77	2148.41	2633.78	3806.06	5582	2607.02	5131.95	2862.35	5912.05	5638.17
F1R1P2	F1R1P2_DANRE	ugt1ab				2649.82				11619.4	11639.9			11386.3		17756	18617.8		
F1R1X4	F1R1X4_DANRE	atp13a1		21488.3	15312.2	15313.8	17973.7	17273.6	20242.6	20679.2	13040.2	20670.4	15371.6	13235.7	21707.8	27980.1	21220.8	22063.1	32421.2
F1R1Z1	F1R1Z1_DANRE	scamp5b		15373.8	17077.3		24932.3	18257.2	22612.5	14585.5	25927.7	35374.3	27050.3		19749.8	19812.9	16908.6	48604.1	77267.6
F1R293	F1R293_DANRE	adsl		62033.1	57259.9	52325.8	49181.6	42120.9	46090.4	45388.7	52899.5	34893.2	37580.8	55726	54647.4	57765.3	58997.1	44287.8	34183.1
F1R2D9	F1R2D9_DANRE	si:ch211-51c14.1		37004.4	32979.1	34671.6	31749.8	28198.1	28002.2	25809.6	34249.2	27359	28368.9	29834.7	28012.7	27087.6	24534	34540.3	40358.1
F1R2E0	F1R2E0_DANRE	hnrnpm		507263	501570	543574	553274	541847	553281	541826	549282	493019	561404	520813	546491	559337	541829	620359	655382
F1R2L8	F1R2L8_DANRE	ddx1		79083.3	80278.2	86099.5	86214.1	82119.4	80859.1	83165.8	86015.2	83866.8	76860.9	78627.6	74937.6	90078.9	90958.2	86848.1	93182.5
F1R2X6	PSM4B_DANRE	psme4b		59350.6	48469.2	56144.6	49018.9	55604.9	56668.5	63259.7	63609.1	63561.9	45146.9	65604.4	64774.6	81384	81004.8	44342.9	45573
F1R2Z9	F1R2Z9_DANRE	spon1b		15908.3	17956.7	14786.5	12882.3	14969	16757.9	11073.5	11733		13106.6	7563.31	10559.7	9532.79	8008.5	10118.4	10928.7
F1R300	F1R300_DANRE	snrpa1		44777.3	45550.9	51680.5	60459.4	51524.5	55859.8	49595.7	52245.6	66733.8	56577.4	50674.5	51499.9	47887.6	51254.1	62933.7	74094.4
F1R355	F1R355_DANRE	cox15		11231.2	13446.1	9988.07	14405.8	12460.6	15098.1		14581.1	16918.1	16974		14178		8769.1	16785.8	18385.1
F1R369	F1R369_DANRE	rcn1		50154.1	50074.4	50322	47468.8	53814.1	43579.9	55315.9	53143.1	31320	51607.4	61547.8	60146.8	65330.5	54934.3	51736.9	48768
F1R3F7	F1R3F7_DANRE	c1qbp		258282	270485	201334	198737	214984	207755	192520	198330	288034	258349	238768	233879	200337	210630	221273	217480
F1R3G8	F1R3G8_DANRE	srm		74652.6	71179.1	54905.5	59409.4	60575	62024.4	59876.7	60440.5	70892.9	57556.9	72760.3	73754.2	72409.2	61145.1	56431.2	53620.6
F1R3H6	F1R3H6_DANRE	slc6a2			13143.7	14363.8	21008.2	28454.4	27831	22742.1	18414.3			14720	20214.6	20731.7	26348.6	19540.1	28243.1
F1R3J9	F1R3J9_DANRE	prmt1		126368	121523	126078	121282	112397	110108	115211	122108	125830	119142	136481	130336	132030	122506	117780	118707
F1R3L9	F1R3L9_DANRE	ap1m2					22210.3							30295		40342.8			
F1R3X3	F1R3X3_DANRE	rasa1a		5603.35	7176.12	8396.27	11192.6	9863.31	7532.22	7683.99	8456.3	10180.3	9609.43	7503.71	8737.63	8609.33	6941.44	9035.2	10770.9
F1R3Y3	F1R3Y3_DANRE	get4		46940.9	50511.5	39902.6	38397.2	42436.5	42305.7	51329.9	47948.5	53141.8	45932.5	47363.6	48453.8	45730	45405	34351.7	37282.4
F1R412	F1R412_DANRE	tpm4a		221844	205550	254713	207688	167720	154537	121370	132083	91165	112262	233201	210472	212014	204559	189640	162525
F1R442	F1R442_DANRE	alox5b.3		51034.6	44170.2	22863.1	27548	29605.4	27990.5	30411.6	27527.5	8255.99	11358.1	65060.8	64163.6	68246.6	66597.2	45899.8	40074.8
F1R498	F1R498_DANRE	rpap3		43254.2	50234.5	54275.9	45098.1	61139.3	50692.6	39900.5	40055.7		46419.2	74404.2	64541	64804.1	82996.7	55154.7	57249.2
F1R4I7	F1R4I7_DANRE	sri		56797.2	60503.9	65550.1	65830.4	61983.6	63808.8	56547.8	64308.2	73270.4	57149.4	36987.6	35094.9	41010.5	45188.6	59784	78536.9
F1R4M0	F1R4M0_DANRE	mepceb				3278.55	2637.89		2143.56	2639.06	1805.62	3988.72	4208.62	3123.19	3787.36		2667.38	3938.31	3455.95
F1R4S7	F1R4S7_DANRE	ak3		13320.5	16584.8	21060.2	24843.5	24539.5	29496.4	18801	13301	54884.9	45960.4	9415.86	10645.7			54101.4	58198.1
F1R4U0	TXTPB_DANRE	slc25a1b		29846.6	21656.3	17820.7	20745.7	20278.4	21740.9	22999.4	24382.8	20043.8	22338	24453.9	24229.4	21891.1	23905.1	15858.2	15422
F1R4X0	F1R4X0_DANRE	ino80c			10223	9199.14	9283.39		10313.2	10121.6	11038.1		9555.34		6237.55			14919.2	7133.54
F1R4Z8	F1R4Z8_DANRE	gsta.1		19641.1	16617.7	17158.4	15499	11792	15973.1	15640.6	17876.2	19945.2	18272.2	12627.5	11493.1	8836.04	9797.73	15457.5	15400.5
F1R520	CSTN1_DANRE	clstn1		23403.4	25099.5	24468.1	22297.2	29295.7	23022.3	27507.9	23202.7	30292.9	21685	28022.6	33075.4	20017	33296.2		22701.4
F1R540	F1R540_DANRE	rtn1b		42766.1	49651.1	41436.9	40277.3	49583.8	51916.8	47615.4	48793.1	57916.6	59625.3	43015.6	41919.2	35670.6	38355	49370.1	50836.4
F1R543	F1R543_DANRE	pom121		12069.3	12206.1	16272.1	18094.8	13266.3	15309.5	17556.4	16130.8	14164.9	13902.9	16425.1	19560.7	14463.3	14179.2	15359.5	17538
F1R5C0	F1R5C0_DANRE	syt2a		155818	181965	133330	137886	135198	140895	126720	127463	155093	163922	139021	133694	123258	126398	135718	147497
F1R5F8	F1R5F8_DANRE	pogzb				5184.65	5569.46	5135.39			6841.75		9422.18						5228.74
F1R5H6	BRD4_DANRE	brd4		22225.7	31523.5	28033.4	26489.9	26530.3	23895.5	28668	25421.1	29135.9	28695.6	25055.5	28872.5	27194.1	27425.4	30576.9	30935.7
F1R5N2	F1R5N2_DANRE	mia3		23398.8	20674	26914	19780.2	18023.3	20133.8	21196.7	22213.5	19035.9	12638.2	19512.1	20824.7	26425	26766.3	18758.7	21189.4
F1R5W5	F1R5W5_DANRE	sfxn1		137698	128290	98479.4	94389.7	103486	104853	115776	120643	154130	133177	123278	119843	119209	121838	103087	98893.1
F1R5X7	F1R5X7_DANRE	dhrs11b.1		124353	128381	150036	136594	112837	109883	118667	117919	102506	95341.5	87911.5	91035.1	99535.4	91920.5	119314	114699
F1R665	F1R665_DANRE	cavin2b		209558	194228	216066	208735	168265	152899	137093	128613	159987	143899	192771	195894	157995	155764	215112	196951
F1R676	F1R676_DANRE	pofut1		42342.1	42591.5	42713.7	43721.2	49189.4	47960.3	34480.2	31587.5	39716.6	40741.1	42446.4	37955.8	40494.9	41014.2	40635.7	43717.5
F1R6C7	F1R6C7_DANRE	myha		11826	10351.9			41105	36902.5									192172	200501
F1R6I1	F1R6I1_DANRE	cox4i1l		59262	53059.7	64925.7	64417.5	63620.8	59447.9	63902.4	60610.2	52382.4	56518.3	63491.9	65679.4	50889.4	44899.3	68104.6	81232
F1R6I2	F1R6I2_DANRE	grnb		2241.75	1630.72	2615.31		1853.39		2185.85	2262.87		3218.22	1176.62	2213.9	2753.41	2692.58	2369.21	1727.1
F1R6K1	F1R6K1_DANRE	phex		24290.8	20918.9	21839.9	22260.3	17628.6	18896.3	17445.4	15826.6	27414.4	16366.8	19477.3	16195.8	16717.6	16643.4	22013.9	21645.9
F1R6L2	F1R6L2_DANRE	hip1		32156.8	31951.3	38153.7	36707.5	36333.1	32850.4	32614.7	32297.5	30639.5	28014.3	32454	35380	39470.6	34439.3	36019.2	37430.1
F1R6L6	F1R6L6_DANRE	ncl		557571	550232	657720	669067	642695	657394	627592	642645	674061	694453	614455	590782	555674	557755	803760	873243
F1R6Y1	F1R6Y1_DANRE	cdk12			20620	27346.6		25023.9	22939.7	33831.2	16504.4		22526.5	30821.1	29326.6	35915.1		19582.6	19451.2
F1R777	MTA70_DANRE	mettl3		12496.3	15428.3	16179.9	20031.9	19120.1	21055.5	14724.8	17506.3	21609.7	18474.4	18159.7	16550.7	19275.9	17457.4	14603.9	13965.7
F1R7A2	F1R7A2_DANRE	niban2b		43846.8	48371.7	48979.3	49511.2	41248	40415.3	40168	43167.3	32207.6	36198.3	45826.9	46455.8	58914	50401.2	53456.2	51733.5
F1R7K0	F1R7K0_DANRE	sfxn5b		47346.6	46737.2	42747.3	47751.6	37162.5	40151.6	47205.3	46300.3	56924	57009.8	29397.2	36859.6	33932	36813.8	51646.1	47717.4
F1R7L1	F1R7L1_DANRE	psmd9		58223.9	51141.9	59409.2	62076.2	49518	51838.6	56736.8	57923.6	75439.9	56226.4	59405.6	64825.2	52104.6	52067.6	70130.5	68957.8
F1R7L2	F1R7L2_DANRE	sgtb		13985.6	27193.3	14072.8	15276.1	12269.8	17966	14956	14204.5	19756.4	21498.9	32798.7	13152.2	17707.6	20108.9	23644.6	24649.4
F1R7L6	F1R7L6_DANRE	chpfa					8589.84			7490.46								6966.36	10025.7
F1R7W6	F1R7W6_DANRE	oxsm		26883.6	24588.9	25186.7	26416.9	19950.8	22638.2	26923	24837	21134.7	16546.4	19347.8	22135.3	24617	20162.2	20036.3	19210.3
F1R869	F1R869_DANRE	ncoa6		19425.1	26653.4	29072.3	36331.2	25932.8	31005.6	27773.4	22378	16549.6	36257.8	24237	21552.6	19917.8	25746.1	23508.6	38892.2
F1R878	F1R878_DANRE	msrab				40675.7	41466.5			21980.2	21849.2			25486.3	21576.7	17055.7			
F1R886	F1R886_DANRE	cfb		51795.9	48572.2	90631.5	90664.8	49028.4	50140	58585.7	53028.8	65729.6	48035.3	55478.7	57444.6	54045	50432.5	62889.5	71038.1
F1R8D1	F1R8D1_DANRE	ndrg1b		174966	165363	189714	179657	175683	165070	182986	179865	45102.1	53996.6	66905.2	67473.9	100729	90343.9	79345	80900
F1R8D9	F1R8D9_DANRE	aar2				4540.99	7208.36	6454.53	7033.16		8120.15	8642.05	8930.19					11803.9	12049.6
F1R8E9	F1R8E9_DANRE	myripa			20466.4	17282.6	19053.9	12865.7	25998	19837.1	17456.6		8218.74	19558.6	16103.6	18552.2	26059.4		
F1R8F7	F1R8F7_DANRE	ston1		12125.4	5230.36	14756.5	11136	10097.9		9748.73	12478.5	9984.85	7592	9484.48	10175.3	6928.69	5353.58	11184.7	9403.09
F1R8J6	F1R8J6_DANRE	ppt1		138587	131978	144306	137665	150105	150362	176718	169250	166165	179079	142249	152931	157559	157685	166000	173281
F1R8J7	F1R8J7_DANRE	rai14		32739.7	21565.2	38578	31377.3	18862.2	19507.1	20048.8	18871.9	11143.3	14829.6	20898.4	24235.4	35166.1	33582.1	32610.2	27843.1
F1R8M8	F1R8M8_DANRE	rsl1d1		6940.02	8377.8	8727.96	8075.77	10811.6	8798.39	12543.8	9915.43	10495.7	10400.8	13922.5	12850.2	10919.6	10584.2	15097.9	13889.6
F1R8S0	F1R8S0_DANRE	drap1		11859.3	12740.7	10048.2	11642.6	12471.2	10074.1	12390.6	10564.9	13302.7	13323.6	13350.7	12531.7	15122.4	14280.6	12846.8	14194.4
F1R8W3	F1R8W3_DANRE	desma		27541.4	23465.6		14322.2	22056.9	20623.8			18919.6				12456.5		96553.5	94298
F1R926	F1R926_DANRE	rnf20		51168.9	55083.4	52361.3	54470.6	54812.6	55639.7	57271.8	55570.3	67619.5	58362.5	64022.1	69033.5	62655.3	67903.9	54475	55203.4
F1R961	F1R961_DANRE	acot9.1				37874	37694.8	65275.2	60748.8	69448.4	66007.1	38187.1	38529.7	73731.9	74097.6	48495.3	43820.8	37345.5	33567.8
F1R9A7	F1R9A7_DANRE	atp6ap1a		28801	24805.6	17188.5	12661.7	26130.7	25237.2	35838.9	30318.4	22172.9	31698.7	34652.5	38136.2	36754.3	38742.4	22433.8	25006.5
F1R9A9	F1R9A9_DANRE	serpinb1l1		23843.1	24489.6	31182	31886.8	33736	41899.7	31652.4		45255.3	37393.5		33293.9	40768.5	36243.3	29772.5	27079.2
F1R9C6	F1R9C6_DANRE	phb2b		67309.4	75082.4	72386.2	72079.5	69077.1	82677.9	49262.4	64085.7	80494.3	94719.6	63767.1	70364.9	50517.3	52599.7	79180.8	80998.3
F1R9E8	F1R9E8_DANRE	gad2		361336	347363	236235	237373	275033	273698	277872	280439	326320	363944	290667	296645	320108	317990	265272	276408
F1R9V3	F1R9V3_DANRE	hspa8b		1.60997e+06	1.72444e+06	1.67673e+06	1.77048e+06	1.6288e+06	1.71053e+06	1.59868e+06	1.58956e+06	1.20898e+06	1.23029e+06	822845	769524	1.60358e+06	1.67602e+06	1.83226e+06	1.9603e+06
F1R9W6	F1R9W6_DANRE	wu:fi12h07		32430.7	40650	41563.6	41050.5	40340.9	36699.2	33730.3	36897	32427.6	33445.4	35917.3	28514.2	32388.5	30678	29730.3	32690.6
F1R9X0	F1R9X0_DANRE	slc7a3a		23553.5	22873.1	17586	21275.8	18862.4	21367.1	19541.4	21049.5	24309.6	23080.9	15208.6	17249.4	22597.7	18699.9	26931.1	26717.8
F1RA91	F1RA91_DANRE	asl		61085.2	55177.5	65200.2	69383.7	58807.7	54655.5	59440.9	59636.3	50748.9	57768.2	54691.3	60887.2	50437	48476	74676.1	82633
F1RAC1	F1RAC1_DANRE	zbtb11		5288.28	4550.2	8037.21	5888.27	4887.35	3371.06	5925.14				6339.67			6475.45	2817.42	
F1RAG3	F1RAG3_DANRE	nid1a		77860.3	78640.7	90958.7	89433.1	79459.8	80277	71674.3	66291	68760.9	60455.3	92744.7	88769.2	72607.5	72581	119402	127377
F1RAM9	F1RAM9_DANRE	tmed7		70369.6	57075	49405.2	52496.4	56317	57639.3	85839.2	77595.1	56759.7	57679.3	65122.6	57054.5	67534.4	63762.8	36975.8	41640.2
F1RAQ5	F1RAQ5_DANRE	necap2		49468.7	41850.1			29525.1	28237.4	21377.5	17909.9				45235.1	63523.7		11772.2	13762.5
F1RAT9	F1RAT9_DANRE	naa30		9812.28		20837.2	13266.3	10429.4	15105.4	12155.5	11668.2		12583.4			9989.56	10947.2	11725.8	15583.9
F1RAW8	F1RAW8_DANRE	ash2l		21551.2	23440.6	24856.4	26394.4	23136.7	26004.9	25859.5	19458.3	34232	14847.5	30216.1	31259.6	30509.3	22006.5	17340.4	21352.7
F1RAX4	STRA6_DANRE	stra6		544524	524385	513267	539670	520018	507418	538792	525228	541210	491599	503584	485671	640853	653941	308871	335727
F1RAX8	COQ6_DANRE	coq6		30244.1	29965	26857.6	27173.3	23588.4	22402.9	28405.7	28662.4	16637.4	29768	22498.4	24993.3	25200.4	28373.3	27946.3	26738.3
F1RB48	F1RB48_DANRE	mrpl44				7451.06	8387.07	8391.45	10351.5	6929.32	7440.04		4703.04		6122.14		7085.51		
F1RB89	F1RB89_DANRE	dync1li2		42390.2	40472.9	35984.8	42840.7	36206.4	33553.5	37980.4	36192.7	33163.6	39444.9	41045.2	38984.9	38852.5	37169.9	46172.5	43262.4
F1RBJ9	F1RBJ9_DANRE	tpk1		14854.5	16131.9	15327.5	13167.8	11142.9	11622.7	14198.6			7552.03	8975.41	8813.2	14605.9	12512.3	15591.1	
F1RBN2	SPAG1_DANRE	spag1a		29489	25757	30207.7	28761.9	37173.6	37984.9	36079	32272.6	27957.4	35152.4	36587.6	37279.8	33522.5	36578.9	33079.7	33456.7
F1RBT2	F1RBT2_DANRE	chd4b		153981	147568	138390	131937	143071	136612	145130	148919	125208	139725	144717	145853	147819	149924	124838	130143
F1RBY0	F1RBY0_DANRE	mindy2			4281.9	7199.52	4183.62	4482.46	6490.42	5628.29				4376.02		3945.39	3224.8		
F1RBY1	F1RBY1_DANRE	akap1b		24333.2	25104.3	22512.9	26186.5	26170.9	25724.6	24763.7	23391.6	37436.1	32679.9	26617.3	26393.2	23715.2	23713.7	33988.7	38140.8
F1RC32	F1RC32_DANRE	napga		24113.3	26521.9	34224.9	29967.6	27801	24596.8	28387.8	30729	30385	21935.3	27908.7	30325.4	26931.8	27118.7	31962.3	32973.3
F1RC64	F1RC64_DANRE	gss		94697.8	96471.5	81135.7	79700.4	69725.4	76280.8	72149.5	76188.1	95715.8	91708.7	100227	99455.5	85091.8	81605	87947.9	92036.9
F1RCB6	F1RCB6_DANRE	acte1		6.6838e+06	7.18905e+06	7.25815e+06	6.61835e+06	6.95747e+06	7.34349e+06	6.739e+06	7.75044e+06	6.59879e+06	7.13389e+06	5.88696e+06	5.6729e+06	5.46598e+06	5.63717e+06	9.25075e+06	8.9303e+06
F1RCG8	F1RCG8_DANRE	ankrd49		24813.3	22373.4	24873	24729.9	22615.9	24031.1	22123.8	19785.2	30636.4	20338.5	33326.9	30728.9	29831.6	24075.8	24164.5	24632.4
F1RCR6	TRIPC_DANRE	trip12		36681.6	36436.2	33829.6	35262.2	35659.6	35202.9	36097.1	38701.2	41592.6	34239.8	36466.9	35538.6	37399.2	36096.8	33557	33720.7
F1RCW4	F1RCW4_DANRE	rdh5		1.03521e+06	1.01774e+06	1.62003e+06	1.67705e+06	1.21523e+06	1.27618e+06	1.35133e+06	1.33866e+06	1.11733e+06	1.10239e+06	1.26506e+06	1.15346e+06	1.48052e+06	1.44072e+06	1.37084e+06	1.55699e+06
F1RCY6	RENT1_DANRE	upf1		36743.4	36966	40963.4	36781.4	36620.6	36573.6	36486.6	41441	42113.9	39314.1	39380.5	42500	40988.9	46404.8	36164.3	37247.6
F1RCY7	F1RCY7_DANRE	rbm15		33148.7	33977.9	33395.6	34900.3	32617.5	31876	36082.8	38241.9	25871.5	34000.6	35810.4	34804.7	31054.7	34203.1	32930.9	32892.7
F1RD40	MYCB2_DANRE	mycbp2		20482.3	21504.4	18965.5	19747.9	21341.6	23391.6	22442.4	23047	24229.2	22309.2	23677.7	23135.8	25801	25592.6	21213.1	18689.7
F1RDP2	F1RDP2_DANRE	gabrg2		44936.3	46107.5	42494.1	40042.4	34003.7	40331.3	36380.3	43257.6	39910.1	44870.4	35314.2	37586.8	38076.2	43110	37271.8	35549.1
F1RDT5	F1RDT5_DANRE	pgs1		12043.9	14034.9	8455.13	10921.1	9767.2	10469.3	13482.1	11361	13364.1	14031.5	11300.9	11643.5	13157.2	11345.7	9868.8	9437.67
F1RDX1	F1RDX1_DANRE	auh		95617.2	94509.2	70072.2	71578.9	93704.7	98793	88986.1	94604.9	121180	112967	84610.7	87348.4	96286.2	102411	111693	128255
F1RE04	F1RE04_DANRE	trappc12		25902.6	32127.9	30564.7	28756.6	33226.7	31621.8	28087.4	28538.2	31811.1	31884.9	34744	32427.9	33721.4	31510.5	27020.8	32138.7
F1RE14	F1RE14_DANRE	ctsf		14030.9	18901.5	22848.4	19759.4	19393.2	21758.7	14238.1	19253.2		18190.8	12810.5	15658.7	13020.4	16786.2	23022.4	26967.1
F1RE30	F1RE30_DANRE	pelp1		39940.4	52523.8	49019.3	56373.2	48557.2	48767.5	42215.7	60741.6	41234.4	42663	43171.8	45238.1	32026.2	33010	53030.4	61736.8
F1RE97	F1RE97_DANRE	ip6k1		15998.3	17452.2	16248.8	18002.3		17366.3	17136.8	16186.4	20353.1	22215.1	20060.1	17324.1			20364.6	21712.9
F1REH1	F1REH1_DANRE	LOC570903		10029.7	15950.7	12484.1	14018.5	9828.17	11479.5	11966	18410.1	12871	10772.2	9091.25	13945.3	12515.1	16205.9	11481.8	11737.3
F1REK0	F1REK0_DANRE	sap130a		9057.19	9536.3	15194.9	12491.6	11638.2	10173.6	11729.3	10906.3	14134.7	14709.1	8604.8	9210.65	6978.99	8905.99	20839.4	19124.2
F1REL9	F1REL9_DANRE	lamb1b		77119.6	76391	102358	102980	79424.7	78624.1	55790.3	54231.4	45554.6	50360.5	70709.2	76487.5	52366.9	51747.9	135906	141992
F1REN0	F1REN0_DANRE	cul5a		48542.6	49954.4	46674.9	43736.3	45334.9	44523.6	50739.5	51506.3	51488.9	52874.2	55806.6	58468.6	52300.9	56043.2	41229.5	48666.5
F1RES5	F1RES5_DANRE	si:ch211-74f19.2		66025.4	67416.8	91989.6	101719	82850.9	112234	66178.3	90944.9	94454.7	116342	58474.8	73127.2	56816.2	87176.4	165930	194258
F1RET2	SMYD5_DANRE	smyd5		56189.7	45348.2	42787.5	44376.5	42892.6	42727.2	47543.3	50067.8	49552.9	43577.1	53125.4	49336.4	53277.9	60208.4	45988.2	36842.1
F2XG13	F2XG13_DANRE	soul4		13095	17696	17905.2	19642.2	14835.1	21902.5	16166.8		28586.1	23616.3	12870.5		19533.8	20694	56064.7	61549.5
F2Z4R1	F2Z4R1_DANRE	sec61g		19648.1	22210.1	39482.3	41228.4	69954.8	88884.1	44788.2	47286	100778	129012	40607.6	27773.9	11628.3	11584.4	63250.6	90016.8
F2Z4U3	F2Z4U3_DANRE	wls			52116.8	25486.5	45113	22205.8	18433.3	13022.1	50062.3	22721.1		10951.1	5081.65	36209.1	67656.9	19118.8	
F4ZGF2	COMTA_DANRE	comta		16281.7	14447.8	6696.44	8395.88	10809.3	12373.2	23193.2	14119.2	25776	14510.7	22021.2	14270.4	15627.6	15211.8	9094.57	6159.16
F6NI44	F6NI44_DANRE	carmil2		28044.6	24019.4	18759	27411.6	20333.7	19060.7	17421.1	24802.8	18705.6	22516.6	31293.9	22499.6	20918.7	16978.2	21980.3	20641.7
F6NI63	F6NI63_DANRE	vsnl1a		41017.8	43833.4	46791.9	46194.8	48641.1	48162.8	45886.5	48274.7	52369.6	47684.2	40201.3	40771	35694.5	37479.1	40613.3	39519.4
F6NIA2	F6NIA2_DANRE	kdm1a		61051	61024.8	57166	51931	72757.8	62459.5	67603.7	61222.6	69234.8	75748.4	77701.6	83205.1	72896.2	73708.5	56977.7	57081.1
F6NM08	F6NM08_DANRE	pnkd		14011.7	15699.4	16666.4	10851.8	12822.4	13408.1	22791.6	18605	22360.1	12882.8	9766.78	14364.6		13533.9	13987.6	12548
F6NMD4	F6NMD4_DANRE	si:ch211-288g17.4		40449.8	37760.5	66978.8	57908.2	45358	45435.6	77171.8	68438.5	36899.2	24115.9	83248.9	71817.7	67042.6	61672.1	101431	105143
F6NMN3	F6NMN3_DANRE	ppp5c		135045	138821	115818	119773	133595	132035	129385	131472	118356	153377	122262	125542	127728	134141	128900	133933
F6NN15	F6NN15_DANRE	lmo7b		22361	21577.7	23063.5	26760.8	15417.2	21351.6	18303.3	19334.6	16634.9	19980.8	21112.9	18698.1	18789.6	15217.7	15865	18903.7
F6NP87	F6NP87_DANRE	ndufa9a		550451	566768	680867	674607	652537	635970	684289	655100	843125	756024	626613	630153	687480	651729	562276	610172
F6NQ58	F6NQ58_DANRE	serpinf2a			13203.6	23461.5	20823.8	23731.7	15289.6				32819	31219.9	21842.8		12089.9	32949.1	40407.8
F6NSX9	Z687B_DANRE	znf687b		23293.8	22400.3	21658.4	26710.7	25715.6	26015.6	26705.9	29475.7	24249.9	22662.2	27074.3	24868.5	23195.6	22115.8	27344.6	27386.9
F6NTA0	F6NTA0_DANRE	txnl1		68926	63991.4	71864	72909	74368.5	69774.2	71710.4	73029	61077	74205	63021.2	67026	66933.6	68477.1	76791.6	62651
F6NVK8	F6NVK8_DANRE	cul3a		51019.1	50174.4	49726	48401.8	52137.2	51088.9	50432	49605	65085.5	53261.1	54535.9	54223.8	53562.7	55221.9	47916.8	55085
F6NW08	F6NW08_DANRE	si:ch211-13c6.2		22596.5	30217.8	27449.7	25474.4	21956.8	18875.5	24119.4	29268.5	19306.2	27131.1	22621.2	18916.8	24790.7	28595.5	23437.1	23637
F6NXD5	F6NXD5_DANRE	marcksb		12917.6	14076.9	18202.1	17339.2	14942.1	17080.5	13892	16293.4	19976.8	18366.7	19053.2	18855.8	19837.3	19757.3	23132.3	22894.5
F6NXG0	F6NXG0_DANRE	arid2		3266.83	4699.02	5229.62	6731.43	6098.4	6834.81	7037.22	5319.86		5643.65	4970.84	6567.62	6176.17	4986.92	4228.76	4581.28
F6NXI9	TRNT1_DANRE	trnt1		24206.8	25789	20800.8	22012.9	23034.1	14120.9	21058.2	26541.6	40615.5	24558.9	18339.9	26157.5	21032.4	26582.1	19475.2	19311.5
F6NZ76	F6NZ76_DANRE	tomm5		65862.1	68878.5	52039.2	63001.5	54149.8	55607.2	46015.4	46089	53568.1	64716.5	50075.7	61692.9	54042.4	59751.7	55326	56541.4
F6P0E6	F6P0E6_DANRE	prr36a		21526	16963.7	22701.7	22180.5	20246.5	21081.6	20250.1	18518.2	18779.5	19333.8	21109.3	23888.5	20391.5	21094	22574.9	20401.2
F6P1A9	F6P1A9_DANRE	otub1b		82976.5	89278.9	85482.7	86772	73687.7	83864.5	81175.1	86278.3	76768.8	93937.3	77801	83023	79417.5	80996.3	122708	128435
F6P1Y9	F6P1Y9_DANRE	acot13		19369.8	17554.4	11388.4	10313	12842.5	15906.5	16813.4	12536	20145.5	22300.5	13414.3	14413.7	18321	14582	14411.5	18266.2
F6P2R4	F6P2R4_DANRE	gcat		40008.8	35700.3	40398.6	39307.7	39197	39714.3	36010	32152.2	46461.7	47385.9	54479.4	51488	51001.9	56080.6	47690	44736.5
F6P2T1	F6P2T1_DANRE	si:dkey-32e23.4		60605.2	55957.2	61330	63796.1	64587.3	63145.8	67245.9	72819.7	71743.7	79319.2	62265	59257.7	60782.4	69194.7	60172.1	59544.1
F6P390	F6P390_DANRE	brpf3b						105574	196067		109621			64242		44492.6			
F6P3G4	PS11A_DANRE	psmd11a		155930	147990	150979	155236	149556	149033	153707	151429	110542	122712	150607	143641	166068	161534	175114	175281
F6P528	F6P528_DANRE	tmem209		12557	14447.8	15626.8	16136.2	14126.8	15085.5	16593.7	13503.8		10993.7	17146.7	16123.8	16084.6	14782.2	15709.2	13879.6
F6P529	F6P529_DANRE	pag1		10190.1		10161.8	11607.7	10670.4	14314.6	7531.42	7367.71	7002.09	8967.34	8057.13	8955.7		8125.55	14207.3	12396.6
F6P697	F6P697_DANRE	hsf1		47077.5	33924	39469.9	36819.3	36961.8	23800.6	39383.7	33983.1	39870	38847.7	38646.2	28689.1	43241.2	38834.7	36091.9	56434.3
F6P6X0	UBAP1_DANRE	ubap1		25105.1	21774.5										29799.7	36469.2	34314.1		
F6P6X1	F6P6X1_DANRE	ylpm1		34833.5	34829.3	34243.2	32322	34701.2	33789	38951.5	39032.3	28809.9	38983.4	39820.9	43728.8	39024.1	36746.3	35016.4	34650.8
F6P873	F6P873_DANRE	atp5mf		175920	191238	181358	188225	160126	156927	248915	215671	133704	158073	122199	136035	197416	190388	144772	158172
F6PBL6	F6PBL6_DANRE	cops7a		37860.3	31597.6	37112.9	32991.1	27596.1	35472.3	32754.5	29252.7	38486.8	48613.1	27593.3	29265.6	27571.7	24815.5	51691.4	56748.2
F6PBM1	F6PBM1_DANRE	macrod1		71225.8	70123.3	71027.4	67528.2	72175.2	72737.4	61285.6	62107.5	63338.1	53429.4	60562.1	58589.7	76730.9	75374.2	58369.2	57697.2
F6PEJ8	F6PEJ8_DANRE	si:ch211-74m13.1		41114.2	41158.9	41509.6	36426.8	39699	31674.2	29962.6	29490.3	21903.3	20138.1	33417.7	28132.7	35574.6	26045.1	58643.3	57214.9
F8W2D1	F8W2D1_DANRE	fkbp4		224913	232556	264559	275017	257270	260404	262300	270920	284088	302391	210037	226270	212610	209935	310607	326214
F8W2E8	F8W2E8_DANRE	rbm27		10416.3	7810.39	10305.7	9730.85	8300.66	8529.47	8929.45	6254.31	7769.85	5423.38	11013.5	11586.1	11316.5	8648.23	7594.33	6012.39
F8W2M8	TPP1_DANRE	tpp1		187671	176121	160469	160095	203558	201415	172655	151669	176442	187091	167990	172308	213443	199621	145015	149102
F8W2P1	F8W2P1_DANRE	arl8a		229367	223642	220184	207860	162610	174867	196352	206137	123902	142854	233906	231089	259845	255629	163137	151652
F8W315	F8W315_DANRE	palld		26071.1	27994.9	28868.7	26714.5	27675.6	24135.6	26165.2	21592.7	22022.9	19438.8	30892.9	27990.5	33316.8	29249.7	22330.5	21320.2
F8W3H2	F8W3H2_DANRE	atp5f1e		87956.7	127387	133797	131407	82210.1	106181	57271.2	86041.9	72998.9	150615	46853.6	45515.9	24714.2	40723.2	98581.4	101407
F8W428	F8W428_DANRE	cul4b		28421.9	24412.5	26837.4	29448.9	27954.3	23920	27564	25417.2	21238.7	26226	31829	26141.3	31145	28260.7	22690	28655.3
F8W442	F8W442_DANRE	gnao1a		1.22256e+06	1.1798e+06	1.14034e+06	1.11863e+06	1.21043e+06	1.19516e+06	1.28118e+06	1.23216e+06	1.58332e+06	1.27394e+06	914149	828454	1.32842e+06	1.2526e+06	1.22307e+06	1.26932e+06
F8W494	F8W494_DANRE	slc25a22a		103247	109470	74186.8	80667.9	99358	109712	93089	104313	225444	180092	114750	109493	104321	109008	126952	160606
F8W4B7	F8W4B7_DANRE	hdac6		8487.22	8506.05	7852.12	7982.79	9995.75	8913.11	5285.84	8680.12	6910.84	7270.75	13359.4	9408.69	10530.1	7819.8	8807.72	5663.3
F8W4I7	F8W4I7_DANRE	ca14		32053.1	38619.2	28365	31407.8	33009.8	35515.2	27564.9	30782.1	28570.9	46318.7	28278.2	29522.4	22390.6	23492.4	35912.5	36370.4
F8W4R5	F8W4R5_DANRE	ypel5		12734.9	14238.3	17514.5	16501.5	17982.1	17471.9	15808.3	18117.4		21809.5					24480.7	
F8W4V6	F8W4V6_DANRE	grsf1		22914.3	23694.4	28085.1	23420.3	25013.8	25745	28525.1	25158.8	30450.9	18451.5	34428.9	36506.8	33932.6	31284.9	26999.4	27331.9
F8W4Z6	F8W4Z6_DANRE	porb		15907.9	15813.5	18649	17827.9	18021.4	16681.5	15154.8	20019.1	9712.25	13788.9	19951.5	21859.4	21757.2	15373.8	18047.6	17273.7
F8W512	F8W512_DANRE	pdca		189464	184949	155189	157034	225907	222772	255767	254561	229541	219905	227360	222788	270706	268246	171664	161241
F8W539	F8W539_DANRE	mfap4.13				448409		465274	463579					590479	600143	297331	436717		
F8W545	F8W545_DANRE	gprin3a		22891.5	23931	24450.7	26487.7	26762.6	28918.9	36045.3	28022.2	33790.7	32338.5	23146.4	28540.1	37230.1	38019.5	22755.6	25020.7
F8W5A8	F8W5A8_DANRE	pcare2		12805.7	7608.89	12852.2	11202.2	15185.5	14772	14004	9262.55		7608.58	11242.7	17693.6	15582.4	16112.2	10552.3	9266.43
F8W5C6	F8W5C6_DANRE	snx6		61569.7	65430.2	65449.7	64732.6	58445.5	62164.5	58170.4	58914.1	60834.8	67164.3	61197.2	63152.3	71403.5	68580.9	69065.8	65288.3
F8W5L3	F8W5L3_DANRE	oat		193082	197692	161712	164663	172053	172782	170060	163877	192602	225420	181396	183042	175963	178121	175951	206549
F8WK50	FLII_DANRE	flii		48872.6	48153.9	51354.4	48977.3	42099.4	48770.3	46443.5	42143.4	42657	47133.3	56614.2	55486	52015.6	51224.1	48527.4	47513.3
G1K2G6	G1K2G6_DANRE	gpatch1		10883.3	7555.19	9897.63	11561.5	10824	10798.1	14427.5	14113.3			14528.3	11391.2	11134.4	14838.4	11812.2	8876.61
G5CTT5	G5CTT5_DANRE	pnpt1		43945.6	42556.7	38101.1	40557.4	36944.9	36167.7	40383.5	42212.8	42215.3	41437.1	42674.8	41227.8	48721.8	47195.2	36304.4	41347.2
G8XYX6	MOT8_DANRE	slc16a2		16538.9	15949.4	19093.8	18906.8	20569.3	20117.9	18788	20536.7	19874.7	15890.9	19102.3	15020	19169.7	10990.6	14282.1	14342.6
G8Z411	G8Z411_DANRE	opn4b		100534	90698.8	109240	95735	107410	103212	130227	128132	106854	102505	126102	113574	153591	153291	62402.4	68492
G8Z413	G8Z413_DANRE	opn4xb				3552.41		4670.57	4607.46		3683.76	3197.92			4038.62				3278.85
H0WES8	H0WES8_DANRE	atp5md		1.68689e+06	1.67711e+06	1.37209e+06	1.39696e+06	1.45796e+06	1.39982e+06	1.3678e+06	1.34523e+06	2.29038e+06	1.74095e+06	1.64278e+06	1.58948e+06	1.55102e+06	1.44018e+06	1.10152e+06	1.28772e+06
H9GXB9	H9GXB9_DANRE	ppic		31691.5	30942.2	42416	41322.8	20107.2	24074.8	22892.6	19384.7	31193.6	30063.9	20890.2	24280.3	24616.2	21911.7	35075.1	45760.1
H9GXN3	H9GXN3_DANRE	LOC100333482		58537	88632	100590	122070	73856.2	105668	59288.3	111908	32621.4	134547	42416.2	52834.2	27298.4	30852.5	190014	231656
H9GYR4	H9GYR4_DANRE	dnajc11b		43804.5	39548.8	40992.9	34450.9	37504.3	37369.9	39583.4	39059.1	52903.7	42500.1	48697.9	53402.4	40156.1	49034	39833.8	31671
I3IRW7	I3IRW7_DANRE	abat		287333	276106	215002	218759	226331	225404	229281	219565	245570	265058	237340	236880	255432	240901	212968	236763
I3IS33	I3IS33_DANRE	syt3		6646.44	7259.43	9437.62	8411.15	6483.31	10463.8	8820.93	8586.97	5884.03	6905.35	10756.5	11255	7981.87	6804.96		11736.1
I3IS56	I3IS56_DANRE	gpatch8		15953.7	14881.2	14488	12516.8	14629.5	14439.7	15406.1	12008.6		15168.2	17904.3	16836.2	19231.4	15201.9	12846.2	14176.5
I3ISA6	I3ISA6_DANRE	eppk1		274350	268067	124658	125434	98521.7	91872.4	64883.3	67941.5	88310.5	107694	79460.1	88948.5	80703.4	67438.7	325205	315064
I3ISS4	I3ISS4_DANRE	oxr1b		48785.7	55485.6	58476.3	58066.9	58729.5	62247.7	53000.4	58070.3	66575.7	70551	50405.4	47948	48361	43933.4	67384.8	72767.6
I3ISV3	I3ISV3_DANRE	nob1		28716.4	43555.7	40575.3	38123.2	34406.5	31429.2	42275.8	37539.3		33445.5	33219.4		37456.7	37081.8		
I3ITI8	I3ITI8_DANRE	abi2b		69703	65894.5	75008.8	75610.1	78931	64295.1	75966.4	71878.2	79055.7	69825	90946.8	73184.7	80900.6	84110.6	47868.9	45091.6
I3ITK3	I3ITK3_DANRE	si:dkey-19e4.5		59191.7	69577	68204.2	74788.8	61783.6	65566.3	60129	58577.3	61247.1	68184.5	73586	77942.9	82277.9	86645.8	73131.2	86279.5
I3ITM8	I3ITM8_DANRE	si:ch73-362m14.4		32142.8	25920.6	27056.2	30563.3	25553.7	21913.4	25913.4	18272.3	11610.5	23641.9	26458.5	37786.9	20657.6	31359.5	30989.9	33474.1
I3ITP3	I3ITP3_DANRE	mbpa		354718	356107	259764	266598	149762	139062	142181	151892	120466	139668	127892	137382	154623	152433	136768	137701
I6LD67	I6LD67_DANRE	pcdh2g28		30495.4	36390.8	38585.8	40446.8	44364.3	41219.9	37386	44082.6	32030.5	26883.3	22085.8	22936	27257.9	30754.2	35862.3	40802.9
I6LD73;B3DGX5;I6LD60;I6LD61;I6LD66;I6LD74	B3DGX5_DANRE;I6LD60_DANRE;I6LD61_DANRE;I6LD66_DANRE;I6LD73_DANRE;I6LD74_DANRE	loc103909937;pcdh2g1;pcdh2g12;pcdh2g13;pcdh2g6;pcdh2g7		15832.1	18593.6	14692.1	11478.8	16369.1	15732.7	16212.5	16356.5	9473.43	10419.3	21486.6	17213.5	15066.6	22456	15276.1	14290.5
K4I722	K4I722_DANRE	ago3a		58218.4	57788.1	49938.4	52128.5	53296.5	52216	55775.4	54194.5	48837.3	50947.3	56488.7	55924.7	61964.7	61762.7	50566.7	47043.8
K4IAH1	K4IAH1_DANRE	ago4		80500.8	77259.7	78851.1	75933.7	79445.3	77354.5	86489.6	84446.6	76603.8	69637.5	90333.8	81816.8	84406	87310.3	73413.6	73923.8
L0S5L0	L0S5L0_DANRE	col2a1b		3452.01	3216.96	1380.03	2033.07	2499.24	1630.76	1765.59	3020.72	2400.95		3160.24	2814.58	1511.86		4256.58	4362.42
L7RKJ8	L7RKJ8_DANRE	mapk8ip3		22537.6	22685.3	19860.7	21800.3	19066	18240.9	19943.4	14608.1	17693.7	16731.3	26850.6	27323.6	22342.6	24442.5	20068.2	16886.3
O12990	JAK1_DANRE	jak1		12380.7	10403.6	14199.5			10339.7	9504.83	10234.2		13886		13247.1	7854.33	11372.7	11929.7	13105.6
O42182	FBLN1_DANRE	fbln1		581099	570064	605714	642652	547185	575781	407001	445810	402362	409864	486891	464693	367275	391017	455994	461005
O42222	GDF8_DANRE	mstnb		13105.8	11168.5	9360.3	13029	12288	12198.8	9257.22	9025.74	8122.87	10465.2	8660.67	9775.18	9525.74	6028.25	10038.3	7165.4
O42248	GBLP_DANRE	gnb2l1		274103	279038	314847	323728	334252	342611	324300	320031	349524	295762	231703	227367	222265	216904	359879	408872
O42250	VSX1_DANRE	vsx1		26400	29728.6	38117.1	38088.3	34802.4	29835.5	34832.6	32548.1	33184.1	27539.3	41027.9	36825.9	30770.2	34425.6	26441.8	28890.6
O42356	RX1_DANRE	rx1		52902.1	51833.5	57008	47084.8	56529.6	53133.1	63028.9	55967.9	41409.5	37096.7	56120.3	55579.5	40224.8	53571.8	35274.5	34370.6
O42363	APOA1_DANRE	apoa1a		2.51019e+06	2.46889e+06	1.40086e+06	1.39026e+06	1.41226e+06	1.40157e+06	1.30981e+06	1.24412e+06	1.27565e+06	1.22678e+06	1.54774e+06	1.44565e+06	1.3646e+06	1.33546e+06	1.62465e+06	1.75034e+06
O42364	APOEB_DANRE	apoeb		175129	181949	389206	405606	270123	278044	282506	300857	136182	138691	217160	225501	257430	256786	223277	223468
O42477	VSX2_DANRE	vsx2		6094.13	11662	17239.2	17128.7	15607.8	25502.5	14534.6	18410.1		17839.6		22085.9	10026.8	6729.89	19841.3	22796.8
O57330	O57330_DANRE	psmb8a		35785	65459.6	75284.7	69892	97445.9	110037	55158.1	62595.7		88251	54733	57160.5	65155.7	46550.4	90731.8	86073.9
O57332	O57332_DANRE	psmb6		154027	154489	168441	166536	161125	153275	162817	148277	198931	147917	169924	168096	195532	182332	154150	161894
O57457	E41LA_DANRE	epb41l4a		28855.7	29112.5	23074.7	26249.7	22823.4	19418.8	23999.2	22903.8	31398.3	20087.7	19635.7	23447.7	24910.8	21625.5	18522.2	22168.5
O57474	CXA1_DANRE	gja1		50851.5	50161	40271.9	41351.5	50160	46762.4	39441	40246.6	40916.6	45884.2	49128	48818.3	51621.3	48596.5	36514.3	32458.8
O57521	HS90B_DANRE	hsp90ab1		783116	768312	794724	770389	820452	812333	822458	803822	912630	835335	829852	815784	849086	842079	812028	859928
O73715	LDB1A_DANRE	ldb1a		22150.3	22157.4	16110	16506.7	20303	17128.4	23194.8	18075.9	12823.5	11754.4	21632.4	20500.9	25805.4	31230.2	12160	17984.2
O73872	SODC_DANRE	sod1		588847	560859	603127	631533	608792	615744	577544	567069	667372	656758	621232	626000	522458	542925	724442	749280
O73874	EFNB2_DANRE	efnb2a		49757.5	49552.4	44538.3	49736.7	50527.6	45764.3	58317.9	59037	49608.8	59104.4	66359.4	56438.5	56060.9	64489.7	65301.7	61060.5
O93409	MLRSA_DANRE	mylpfa		52104	43876.7			136189	134796									513630	534677
O93431	O93431_DANRE	efna1b		10944.8	10679.3	5675.78		15558.6		14500.3	11829.8		5933.22		9281.23	10854.9	11627.4		
O93598	O93598_DANRE	stat1a		29586.9	31514.4	29529.8	28431.9	30864	30988.9	31618.5	37237.9		30118.3	31316.7	37427.8	37062.1	24454	27551.8	32519.5
P0C8Y2	CR032_DANRE			32750.1	31089.7	30217.6	29609.3	36710.2	37860.7	38578.1	31395.2	37943.2	39488.7	40178	41944.2	36934.8	35274.5	37453.4	31267.9
P0CAT2	S238B_DANRE	slc25a38b		12660.3	14700.1	15410	14636.7	11471.2	10367.5	20069	16498.3	33049	14013.6	16035.5	20881		15789.1	17809.6	
P0CH95	PHF8_DANRE	phf8		19239.8	15719.7	20192.2	18925.1	19073.3	17683.3	20750.2	20372	16629.8	18135.4	21403.6	21331.7	21309.4	21023	20467.9	20823
P13104	TPM1_DANRE	tpma						25426.4	23766.9									70764.9	100447
P17561	EPD_DANRE	epd		254430	218775	138188	126138	171262	115213	105555	121175	226506	166929	149989	158449	116578	126394	124552	155929
P26630	PAX6_DANRE	pax6a		24596	25056.1	25754.3	23985.1	22560.3	24182.5	29917.9	25637.5	12978.3	18173.8	23831.6	23246.3	33365.9	29618.9	19309.8	18337.1
P35359	OPSD_DANRE	rho		3.68807e+06	3.83038e+06	3.32136e+06	3.7019e+06	4.48828e+06	4.93317e+06	5.84194e+06	6.18832e+06	6.88753e+06	6.21824e+06	3.80075e+06	3.8406e+06	4.25262e+06	4.35246e+06	5.05382e+06	6.41681e+06
P50392	PA24A_DANRE	pla2g4a		16462.2	17466.1		16044	22173.6	19901.2	18837.5	23543.4	11968.5	18357.9	24202.3	25524.4	27898.8	23624	20343.3	22045.8
P52161	MAX_DANRE	max		9614.51	7907.6	10380.4	8371.17	10492.6	8344.88	10830.4	10496.4	11850.7	9579.17	9698.73	11076.6	9918.34	9187.93	10569.4	7426.14
P52722	MT1_DANRE	mt		672043	661570	405924	383074	362026	355787	284399	300059	400887	477241	383019	377741	413752	423088	285907	263995
P58239	CNMD_DANRE	cnmd		52562.9	55185.3	11370.6	10212.7	18487.4	18767.8	20588.3	22315.3	16214	13163.8	16518.7	14684.5	15982.8	14813.8	36773.1	33653.8
P59015	VPS18_DANRE	vps18		13447.8	12747.9	10509	11807.3	14937.1	13363.7	13253.2	16594		12486.6	17372.3	18443.9	13169.1	16466.4	10421.4	13305
P59679	ARP8_DANRE	actr8		7167.87	8944.3	7729.92	10057.6	9234.62	3170.7	6371.4	9034		7236.71	15191.8	11166.6	13329.1	10922.9	8925.91	10940.1
P61485	RL36A_DANRE	rpl36a		146362	192664	205478	226186	152358	195128	138872	273761	98720.4	236706	138484	142918	90006.1	105421	363312	393725
P62084	RS7_DANRE	rps7		208284	204404	176394	187569	192629	196426	200529	201572	169209	187336	168983	170712	222906	236089	196711	236597
P62247	RS8_DANRE	rps8		102061	110279	103758	113373	122953	122079	104461	103821	167139	147969	105075	103784	95276.3	96532.5	144277	177348
P79735	RAN_DANRE	ran		289369	302889	294223	298790	268333	293538	324743	330499	256535	312233	268052	269333	268160	278341	361923	438386
P79741	PESC_DANRE	pes			6502.6	6127.65	7288.39	5843.95					8249.25				4969.46	7793	
P83571	RUVB2_DANRE	ruvbl2		76051.2	70040	74148	75515.8	80646.9	77308.6	81539.4	75400.1	89715.1	81245.3	88474.5	87719.7	98978.1	106852	79729.5	87628.7
Q04475	B2MG_DANRE	b2m		55340.1	54734.4	58355.5	35855.2	89162.1	73300.9			69966.4	57978.3	71420.2	72697.7	156263	122924	51311.6	44701.7
Q05AK3	Q05AK3_DANRE	cpox		25001.6	23740.6	25391.1	27179.7	25499.6	25589	20779.6	23583.5	18729.8	29698	16647	16596.4	13681.7	19038.4	24581.3	26192
Q05AK9	TMA7_DANRE	tma7		53750.5	65823.7	90348.2	94836.3	63899.9	72269.9	45541.7	61988.2	47360.8	58096.9	58265.3	59235.9	43390.1	50562.3	70754.6	78910
Q05AL1	ARMC8_DANRE	armc8		20264.1	16815.3	19122.7	15951.7	16744.5	20163.2	14583	18367.5	18965.5	16792.4	18243.5	21971.1	19792.4	14766.8	14940.1	17009.2
Q05AL2	PPM1H_DANRE	ppm1h		12898.3	13271.4	11086.3	12592.4	8517.74	13236.4	12082.3	11667.2	14806.4	14116.2	19091.4	11046.8	10116.4	10670.4	11257.6	13704
Q05AL9	Q05AL9_DANRE	krt94		123098	118533	112071	104227	78745.9	84666.2	52854.2	52883.3	53134.9	58343.5	93637	86970.7	63964.7	69278.1	143494	152956
Q05AM5	ELP2_DANRE	elp2		17474.5	23182.2	27524.5	24871.9	22746.7	23937	26693.7	23785.2					27209.5		19678.7	16141.3
Q05AN2	Q05AN2_DANRE	mrpl21		22232.7	21735.3	16759.1	11093.5			9236.32	10463	2413.78	11464.9	7550.34	12016.5	6054.88	5792.54	7037.48	7373.38
Q05AP2	Q05AP2_DANRE	atp2b4		109656	110063	116745	120288	107925	112906	104191	104773	118973	112761	112390	111481	103024	104625	127200	141013
Q06RG6	Q06RG6_DANRE	mtor		102522	96664.7	91605.2	90850.5	91447	88181.3	96993.6	92521.2	93390.1	88374.7	113069	111478	109821	106421	74633	70878.5
Q08BA1	Q08BA1_DANRE	atp5fa1		3.70592e+06	3.7665e+06	3.71603e+06	3.89756e+06	3.73691e+06	3.96513e+06	3.54714e+06	3.53544e+06	5.06542e+06	4.65132e+06	3.13124e+06	3.13845e+06	3.32615e+06	3.37177e+06	4.58818e+06	5.53471e+06
Q08BB1	EFGM_DANRE	gfm1		46186.8	44055	33989.1	31026.8	33945.3	34125.9	30740.2	31041.4	39882.6	38991.2	38761.8	38724.5	47260.7	42843.3	31276.6	30935.8
Q08BB5	CTL2A_DANRE	ctdspl2a			14557.2		19072.1	16749.6	22924.7	22634.8	21893.7		18112.4	29710.1	20361.3	18674.9	17921.5	19450.8	18983.5
Q08BC7	Q08BC7_DANRE	tmcc1b		42150	42559.1	39468.4	33987.5	39494.2	37573.4	39500.3	37468.8	29638.9	34666.1	48604.2	45916.3	47354.2	48802.2	31067.7	33959
Q08BD1	Q08BD1_DANRE	hmga1b		213087	202444	227367	233471	245588	243222	212105	197917	249245	198897	304731	294869	295508	281593	333091	349658
Q08BF1	Q08BF1_DANRE	ces2a		54430	65938.9	63853.4	60558.4	37771.2	37239.6	51252.4	52743.9	53127	48239.7	59910.5	51896.5	49959.8	45912.3	70558.7	69635.2
Q08BF2	Q08BF2_DANRE	slc27a1b		11022.1	18005.4	13570.4	17305	16363.5	13741.4	15298.6	15972.6	25182	14639.4	15838.6	19040.9	16184	14940.1	12404.3	10655.7
Q08BG1	TMPPE_DANRE	tmppe		17069.1	18453	16619.1	15720.7	15359.4	15096.6	16974	15482.5	11678.3	9339.6	14260.6	15907.8	25297.4	23555.8	18094.5	14916.8
Q08BI9	MCU_DANRE	mcu		14098.5	21414.6	21739.1	22269.4	14770.5	32292.7	14642.1	18785.2	27002.1	23070.2	13653.3	21120.5	19489.4		36458.8	54920.7
Q08BK6	Q08BK6_DANRE	cplx4a		920367	902496	886754	865862	862064	830479	957947	891512	548153	778039	1.04032e+06	913500	1.21228e+06	1.22011e+06	932758	942170
Q08BL2	Q08BL2_DANRE	tfam		115746	115797	116100	120189	94837.7	100653	107169	108829	104747	109468	114817	106369	130487	121215	119668	125334
Q08BL7	GLCTK_DANRE	glyctk		65308.2	71810.5	77055.3	76787.2	73305	73443.4	73680.5	67799.8	79732.3	72962.2	62842.6	67288.8	62020.9	58902.1	88059.7	97537.1
Q08BM4	Q08BM4_DANRE	pick1		15785.2	10489.2	9427.11	11992.9	11209.6	11267.8	10546	15412.2	15525.7	11458.8	10762.2	12448.2	12313.1	12003.1	10989.5	11734.5
Q08BR1	Q08BR1_DANRE	dr1		22302.6	26201.2	19413.2	22232.8	26736.1	27449.8	26055.9	23820.2	36416.6	31148.5	17326.2	24425.9	23470.9	19707.8	30949.1	33449.3
Q08BR7	Q08BR7_DANRE	sec23ip		52357	58166.9	60870.1	60366.8	57295.2	62110.6	60161.4	59628.3	69014.1	69328.5	53304.4	59717.2	51848.1	57868.6	57928.9	62912.1
Q08BV5	Q08BV5_DANRE	rangap1a		32955.2	31029.5	32396.5	35451.5	32843.5	32654.1	31416.9	32237.3	34728.3	33965.5	33319.6	32500.3	35939.7	33718.1	33607.3	32750
Q08BV8	Q08BV8_DANRE	zgc:154075		11864.4	8591.69	11366.6	11541.1	9273.89	9591.03	8324.56	9278.27	11829.5	13106.8	12169.5	12013.5	9468.8	7997.86	11631.1	11728
Q08BV9	Q08BV9_DANRE	atp8a1		22739	22860.7	17468.5	19473.1	26998.4	25972.7	27642	28197.3	24106.5	25954.8	20665.4	22709.6	23662.5	22185	24103.5	22075.7
Q08BX0	Q08BX0_DANRE	rab21		43248.5	37846.3	34174.8	35028	32113.7	28330.9	30982.8	36231.6	19680.1	25779.8	38702.9	39619.5	59859.2	54693.4	27503.7	28373.9
Q08BY0	NDUF7_DANRE	ndufaf7		14360.6	18267.5	9797.12	11571.2	13421.7	12213	11639.5	13042.6	16288.7	16969.9	12629.4	11104.6	11304.9	12117.9	10143.7	11841.6
Q08BY9	Q08BY9_DANRE	clgn		269138	270102	272168	263919	273355	267775	296245	292793	246238	264678	280495	276163	293810	271373	238155	244014
Q08BZ6	Q08BZ6_DANRE	vps4a		20438.1	20788.5	17111.2	16356.1	17260.3	17475.2	14890.6	16619.1	19824.2	14690.6	16598.1	15982.4	16614.1	15887.1	13865.8	13599.1
Q08C18	Q08C18_DANRE	bbs7		58894.3	60820.9	53475.6	50081.6	51626.1	55537.8	58765	55507.8	59133.5	58976.8	58798.8	67693	82637.7	72190.1	56991.6	55170.4
Q08C33	ISOC1_DANRE	isoc1		43324.5	44928.5	45385.3	52947.7	44083.4	50239.8	44096.8	47045.2	77320.9	60391.8	45504.5	38181.7	36404.2	50174.2	60071.7	69903
Q08C39	Q08C39_DANRE	mrps5		26374.9	26960.2	43817.3	47463.5	38756.1	39645.7	44925	42732.1	35421.5	40403.8	38326.4	45365.5	43804.3	41399.6	44276.5	43237.8
Q08C42	Q08C42_DANRE	atp5meb		342391	332769	306488	316459	263446	274656	296279	257901	411044	411218	363802	326985	271845	312143	382120	461501
Q08C46	Q08C46_DANRE	sdr39u1		46049.4	49689.2	46230.5	48391.1	46080.6	51560.5	48606.3	45259	54861.3	70924.2	45799.3	44040.7	43994.2	43724.2	54729.4	64282.3
Q08C47	Q08C47_DANRE	fscn1a		351919	362527	409335	424752	407858	471818	440378	472372	410745	446880	386187	384725	322161	346865	531283	552946
Q08C49	Q08C49_DANRE	prkar1b		62749.3	68591.2	65244.2	60792.7	57981.5	53836.9	67266.3	63850.4	48647.9	43883.9	65513.8	72492.8	73309.1	75818.6	61209.7	63265.9
Q08C57	FDX2_DANRE	fdx2		27728.1	33917.7	35521.3	32845.3	35572.6	32083	32542.8	33181.2	65336.9	21576.9	27660	28142.4	44092.8	27631.2	30476.2	29358.1
Q08C74	Q08C74_DANRE	selenou1b				15724.1	13588.3					25497.9		8685.04				16605.8	29551.5
Q08C75	VACHA_DANRE	slc18a3a										53009.5	30165.9					22026.3	38601.5
Q08C83	Q08C83_DANRE	slc25a21		9340.4	12820.4	18782.8	22394.2	22337.2	15405.8	10735.2	11640.9	7835.65	22906	15387.2	17863.8	11480.4	14480.6	26657	36554.9
Q08C89	Q08C89_DANRE	lman2lb		61461.7	61325.4	47370.1	46319.6	66378.1	57992.9	64120.9	53251	69368.9	64134.5	60720	67963.1	68716.2	62057.7	48034.6	50139.1
Q08C90	Q08C90_DANRE	zgc:153372		5898.92	5553.24	7544.62	7156.77	5028.83	5712.99	6989.89	4860.63	10574.8	7703.37	6274.94	7976.99	4384.42	4181.47	13723.5	17211.7
Q08C93	ABD12_DANRE	abhd12		145084	136000	127621	130987	125161	122086	129174	132215	124093	137638	143814	127848	115323	126715	126310	115130
Q08C97	Q08C97_DANRE	agmat		225175	199007	187281	187400	208497	239064	260065	262632	319615	286042	152212	196924	196647	196035	220711	276365
Q08CA5	Q08CA5_DANRE	prps1b		34219.4	27420.8	28456.6	31044.1	32257.1	31267.8	36388.9	32198.6	35647.3	28135.5	22200.4	24994.4	34337.7	26875.1	27150	29868.8
Q08CA7	Q08CA7_DANRE	manf		57304.2	63003.4	62994.3	61262.1	66662.6	63059.9	59784.3	60168.9	51229.6	73262.7	65038	62041.6	63760.2	60892	75115.7	87808.2
Q08CB4	Q08CB4_DANRE	tkfc		59021.4	61379.8	96892.7	94904.8	95335.2	92385	69218.6	63496.3	74153.2	61720.4	72695.8	72678.8	104539	107827	25166.9	28326.5
Q08CC1	Q08CC1_DANRE	ftr82		18715	19041.9	25074.8	24574.6	20790.6	25144.5	15576.8	16496.6		15847.4	19805	19808.8	14811.1	16405.8	26178.9	23547.9
Q08CD8	Q08CD8_DANRE	rhebl1		139479	135407	128654	128854	133218	125446	138917	129850	158842	133514	147240	133124	136190	135776	131252	120170
Q08CE4	Q08CE4_DANRE	uqcc1		100964	108444	93881.9	99769.8	83270.1	86820.8	66545.4	82609.4	120239	104018	67554.2	75444.1	84102.2	71978.7	99365.8	96001.3
Q08CE7	Q08CE7_DANRE	cox7a1		11198.8	12669.6	13671	9525.5	15533	12796.2	12770.2	16616.7	8557.93	13862.1	16697.9	16405.4	14280.3	15569.7	18598.7	14766.2
Q08CF1	Q08CF1_DANRE	klc3		29086.1	30587.2	32152.6	35307.7	34829.6	31615.9	37824.9	41871.4	31058.9	36139.7	34943.6	35402.2	49804.3	49016.1	39259.2	31704.5
Q08CG5	Q08CG5_DANRE	rabggta		15784.7	17156.1	15225.4	11763	10379.9	13557.1	12531.6	10619.9	17527.3	14648.5	11466.6	9734.67	11635.1	18010.1	13151	16661
Q08CG9	T229B_DANRE	tmem229b		13680.5	15856.4	12850	14555.4	14756.4	13105.6	10768	17068.9	30004.8	24604.1	13422.8	14121.3	10645.2	10425	19903.9	24841.1
Q08CI4	CCYL1_DANRE	ccnyl1		17266.2	14334.1	8640.42		14883.3			12308.2				19696.6	15198.3	11910.7	14908.1	
Q08CI5	Q08CI5_DANRE	blvra		51037.9	50611.2	50175.2	48338.3	37570.6	34360.4	41543.3	44442	41855.8	41740.9	51218.4	52910.7	42341.5	43113.6	54837.5	62947.6
Q08CJ4	Q08CJ4_DANRE	minpp1a		10499.2		19267	18524.8	15139.7	15909.9	12512	18527.5			15649.1	17573.6	9388.66	6645.5	16861.2	23884.8
Q08CJ9	Q08CJ9_DANRE	sybu		25006.7	25222.7	21296.7	17970.7	25730.1	21238.5	25272.6	27075.7	32866.9	32650.2	36474.1	38140.5	51737.7	46682.4	32728.5	28097.5
Q08CK1	ECSIT_DANRE	ecsit			23196.9	21229.2	29235				10756.8							31230.4	
Q08CL8	CNO10_DANRE	cnot10		22522.8	19473.8	19503.7	17550.9	20535.7	17547.8	23500.8	21594.5	16511.5	13522.9	25151.3	17735.8	26990.2	25675.3	14021.4	12359.7
Q08CQ0	Q08CQ0_DANRE	sb:cb283		45429	46305	45707.7	44085.7	42891.5	49683.1	45155.8	51215.1	48234.7	50479.2	47643.3	48329.3	42828.3	37858.4	52198.8	50898.8
Q08CR1	Q08CR1_DANRE	rnf40		10567.3	13852.4	15987.7	11490.7	13851.8	18520.2	10000.7	14862.9	23423.9	26150.1	14826.7	13985	15379.5	8960.23	27703.2	20353.3
Q08CT0	Q08CT0_DANRE	zmynd11				4538.28	3557.93	3453.93	6100.96		3636.52	5443.19	5746.26					5965.75	6625.05
Q08CV8	Q08CV8_DANRE	rps6ka1		72804.2	68054.8	52314.7	49050.1	49702.4	44827.8	51426.2	47451.1	68241.4	57844.2	50160.2	50711.7	51586.5	60188.1	47694.8	45684.8
Q0D273	Q0D273_DANRE	gabpb2b										48536.5							
Q0D282	Q0D282_DANRE	zgc:153704		143957	143008	78140.6	76295.3	73784.4	66480.2	112101	104326	41353	34856.2	56504.8	52446.4	117614	111860	98162.8	90263.8
Q0D284	Q0D284_DANRE	dhrs12		32367.4	29155.6	38559	36682.9	32414.6	30835.1	44857.6	44261.5	28881.6	28687.5	43101.9	42670.4	41429.9	42077.7	36974.6	37852
Q0D311	Q0D311_DANRE	bhlhe40		15294.6	15572.5	17086.3	11416	15077.2	14033.2	15935.7	17056.3		10577.5	21496.9	22109.1	26013.4	24435.4	17548.6	14904.9
Q0E671	NEUAA_DANRE	cmasa		39261.2	35833.4	39735.7	39595.1	36839.1	36408.1	41505.8	36914.5	40965.3	36766.2	47356.7	44995.3	46410.9	46438.4	40476.9	46645.9
Q0GKD6	Q0GKD6_DANRE	tbk1					11517.3											17683.7	12388.1
Q0H0R9	Q0H0R9_DANRE	lect2.1		34766.4	29475.5	29777.9	22507.5	19964.4	16694.3	54376	49720.4		37234.1	65367.4	39430.3	70140.9	55017.8	30662	56300.7
Q0H2G3	Q0H2G3_DANRE	aldh1a3		83797.1	82973.1	88635.3	89707.2	78041.3	82459.8	83330.3	90086.5	86454.3	101801	78816.2	74665.1	80493.7	80480.8	107002	118595
Q0IIP8	CRP_DANRE	crp				34760.9	39076.6						12257						
Q0IIP9	Q0IIP9_DANRE	tmx3b		134141	127931	124458	120371	120306	115428	127236	122585	128160	112983	129927	134984	139231	138015	113184	114962
Q0IJ39	Q0IJ39_DANRE	gpib			11932.5		12620.4			12934.9		19629.6	13945.6	21831.3	18979.1	15038.8	14376.6	21182.8	14996.9
Q0KIZ7	Q0KIZ7_DANRE	kcnj13			8955.59			5612.63		22425.4	23920.4		4394.96	5372.45	6458.74	8205.52	11883.2		
Q0P3U1	Q0P3U1_DANRE	dhrs7		125543	115370	169836	174215	142793	139266	151730	146285	117405	118000	107149	95396.8	179558	173733	137868	133006
Q0P3U2	Q0P3U2_DANRE	aimp1a		122851	131818	135517	129072	124025	118310	127932	105470	130685	119542	123016	126330	127558	124641	121453	121396
Q0P3U4	Q0P3U4_DANRE	cox5b2		50266.2	48760.1	59904.4	62761.7	51571.9	49404.4	46234.6	37511	64278.8	43525.7	58968.4	60354.3	59818.7	67220.8	118900	117763
Q0P3V6	Q0P3V6_DANRE	slc27a6		13902.4	7561.61	18402	20047.6	12646	14302.7	15184.2	19291.3		18938.8	15525.6	15737.3	16176.9	18658.8	15000.2	
Q0P3W0	Q0P3W0_DANRE	spartb		41816.4	40788	44260.8	46279.6	58478.6	62401.7	55286.5	55888	54102.1	58505.2	33809	38553.4	34479.9	31903.5	42006	50051.4
Q0P3X8	LTOR4_DANRE	lamtor4		21759.3	26071.8	20370.9	17665.4	21237.2	21443.2	24888.8	27287.3	13510.9	20335	20948.1	19951.2	22079	29252.3	25361.1	24918.9
Q0P3Z2	PTER_DANRE	pter		53345.6	54213	39234.5	39677.9	44430.6	46201.1	65155.2	66739.7	37283	38711.6	30781.9	31416.6	44413	41689	36745.1	36733.7
Q0P405	Q0P405_DANRE	micos10		178886	166693	186278	178746	173834	173609	171363	159984	145504	178404	163459	170697	181445	185486	180342	139426
Q0P435	Q0P435_DANRE	si:dkey-200h23.4		181469	178803	177199	173641	149297	143717	193723	199009	106138	132951	135187	130863	173791	168198	142472	135489
Q0P449	Q0P449_DANRE	soul3		58257.9	50506.2	63529.6	58426.9	56090.5	55338.2	70017.5	73754.8	42840.3	61482.8	68302.4	71640.1	90222.7	93361.7	61980.5	60874.3
Q0P451	COA5_DANRE	coa5		75438.1	64017.2	60136.5	50719.4	58655.3	49873.1	55486.9	53778.4	96669.6	62841.2	54250.7	47301.7	66765.4	54094.5	56077.1	50087.4
Q0P453	Q0P453_DANRE	pex11b		10780.1	11084.8	9694.16	9495.78	11895.9	11120.1	15909	14747.2	9434.88	15453.2	7659.52	10034.2	11455	8625.03	6494.24	6877.06
Q0P458	Q0P458_DANRE	rab9a		13907.2	14888.8	15186.7	11627.1	16265.9	11232.8	15487.3	14960.7	11606.6	14298.7	18948.2	24053.7	24253.2	20159	14292.8	14712.1
Q0P471	Q0P471_DANRE	btd				9358.23	7973.43	8834.1	9794.45	14328.6	10038.4	16977.4	5382.43	10725.8	10193.9	15349.3	10516.8	7928.66	6886.67
Q0P479	Q0P479_DANRE	cldn33b		24991.1	18398.9	27551.1	24792.9	23962.2	25221.1	16501.1	17032.8	61853.4		37882.7		34022.6	42515.3	26666.7	28849.6
Q0P495	Q0P495_DANRE	arl9		77450.8	90201.8	104945	112137	84140.8	94173.9	70739.9	104675	106819	112840	80988.1	82240.9	76127.6	74156.1	155267	162761
Q0P499	SYEM_DANRE	ears2		21371.6	16565.4	21617.4	19498.5	18936.9	19323.3	20837.5	12769.1	20891.3	18640.9	19444.9	17063.9	22168.4	19448	17999	15680.7
Q0P4A4	NAT14_DANRE	nat14		12349			10400.2	7104.26	9528.05	12267.2	13613		10342.8	9764.04	7601.88	13079.2	12977.4	8756.47	
Q0P4A6	TSSC4_DANRE	tssc4		111130	109959	94109.4	102745	119564	111500	120497	117633	83570	96148.7	109368	115457	113057	110474	101668	103860
Q0P4A9	Q0P4A9_DANRE	ppp1r14ba		7325.43		9952.87	6803.63	9103.76	6951.71	9513.7	8674.51	9263.8	5856.39				8992.6		9176.81
Q0P4B9	MCRI1_DANRE	mcrip1		11706.9	15283.7	16417.8	16395.6	14548.8	18033.3	15701.1	14833.3	14263.8	11946.5	12992.3	12958.2	11977.6	9828.1	15879.3	15609.1
Q0P4C2	Q0P4C2_DANRE	ptgdsb.2		53139	60511.5	66549	59856.2	52425.5	48482.6	45870	46335.6	53574.3	35438	30699.1	32899.3	40929.7	42096.9	42151.8	40446.1
Q0P4C4	DCAKD_DANRE	dcakd		35092	31815.9	37235.7	34605.2	41839.9	43317.7	38721.2	36452.1	55520.5	30595	42646.5	35128.4	32124.6	41070.2	34801.4	22165.1
Q0P4F1	Q0P4F1_DANRE	fam169aa		65441	61790.6	50206.1	54429.6	56179	56934.7	62052.4	59169.3	51785.1	55211.6	60962.9	61729.8	67555.5	65945.5	49046.3	43880.4
Q0P4F7	ACSF2_DANRE	acsf2		14035.7	14952.1	27960.8	24916.9	23348.8	19903.4	21256.2	16654.7	14655.4	11815.4	22842	31425.4	21139.6	24038.8	26133.8	26153.7
Q0PJT9	Q0PJT9_DANRE	chrna6		23954.8	17409.1	18377.9	24262.8	20606.6	17412.5	19572.5	18055.6	16792	18262.1	25074.4	22929	18740.3	20236.6	26752.3	27132.7
Q0PWB9	Q0PWB9_DANRE	pdlim4		13048.6	10437.6	9973.83	10618.8	9349.43	13055.7	11516	9894.6	9616.6	7469.95	14986.7	14901	19418.4	18301.3	8243.19	10561
Q0R4G9	Q0R4G9_DANRE	hspa12b				8490.59	7857.19		5162				6620.75					17395	20425.9
Q0V965	Q0V965_DANRE	cnpy2		32800	34369.4	40555.4	37193.8	38098.6	34533.7	39091.5	42165	28685.6	29215.6	47500.7	43375.3	40495.1	38672.7	33774.8	36842.4
Q0V973	Q0V973_DANRE	cryl1		55205.2	44644.4	46597.3	44961.6	50788.4	51137.3	99184.9	81117.3	78506.1	43460	92669.2	81446.6	97387.5	86133.5	45217.3	51496.1
Q0VA81	Q0VA81_DANRE	emilin1b		14422.3	13389.6	15124.9	16172	21818.2	15264.5	15008	14062.3	14378.9	15695.2	15236.5	18894.8	11582.9	16642.7	25678.4	21964.7
Q0VFV6	SELS_DANRE	vimp		26077.8	22443.7	23157.3	23809.5	28667	25760.7	25980.3	20544.4	26123.5	24506.7	32085.1	30104.7	39201.6	34510.1	20303.9	19148.7
Q0VFW0	Q0VFW0_DANRE	rpl22l1		5060.17	5869.96	7905.65	4712.79	7154.36	7917.54	6994.61	11630.9		6508.46	5674.71	10147.5	8801.54	9487.08	10346.7	5724.09
Q155U0	VPS51_DANRE	vps51		15188.5	17124.5	16659.1	16389.6	20150.9	24494.2	17484.1	21542.4	36649.8	32494.7	15102	12768.6	10313.9	12885.9	24406.4	30439.8
Q1A5L0	Q1A5L0_DANRE	crb3a		18051.5	15732.6	17066.2	15298.1	12403	15207.3	11466.9	12593	13339	14369.6	13872	16311.9	15690.3	19812.4	12060.7	11594.3
Q1A5L2	Q1A5L2_DANRE	crb2a		150882	146448	157104	156277	164073	161185	157725	161044	141205	175673	154483	148734	148676	154873	167640	169183
Q1A5L3	Q1A5L3_DANRE	crb1		10386.9	8778.56								13754.7			8044.77	9324.99		
Q1AMT3	FAB1A_DANRE	fabp1a		1.8136e+06	1.78766e+06	2.41426e+06	2.42045e+06	2.1015e+06	2.08135e+06	1.93257e+06	1.85122e+06	2.13724e+06	2.15015e+06	2.07333e+06	2.13973e+06	2.34346e+06	2.32895e+06	1.70517e+06	1.66759e+06
Q1ECW6	LEGL_DANRE	lgalsl		11550.4	11385.8	14363.5	9998.04	11748.9	12008.8	9789.83	12582	10960	12424.5	9987.79	8353.36	9802.95	7752.34	18629.7	16838.3
Q1ECX3	Q1ECX3_DANRE	tgm2b		29464.7	32551.9	20575.6	20810.3	18850.6	19331	30882.3	31669.4	17640.9	23857.6	10947.9	14861	25479.7	24597.1	45703.6	48844.2
Q1ECX9	Q1ECX9_DANRE	pdia4		62102.8	62181.1	66644.8	66793.6	71334.7	73804	69239	67134.4	71165.5	67898.7	64422.4	61942.2	69001.5	70081.9	79090	82665.9
Q1ECY6	Q1ECY6_DANRE	grinaa		9134.45	10994.4	15215.6	15719.5	8946.05	15057	12602.4	10004.7	23930.1	22390.8	10881.4	11638.7	9946.71		25879.4	37120.3
Q1ECZ4	CASC3_DANRE	casc3		7665.47	7333.15	7903.35	8465.07	3737.25	6582.37	4353.09	4317.15	9166.9	8549.51	10625.7	14049.3	8645.26	7725.77	12011.9	7135.46
Q1ED16	Q1ED16_DANRE	acad9		196336	196432	191527	193074	156263	151690	172509	170411	187648	180194	145097	146625	158847	150296	171929	187040
Q1ED17	Q1ED17_DANRE	top1a		73473.3	74222.2	77748.7	80943.1	81926.4	78160.1	77580.2	82505.3	88414	85858.4	79630.8	81698	72470	76655.4	85362.7	93257.8
Q1ED27	Q1ED27_DANRE	dnajc8		65254.8	64504	70863.5	63381.1	74378.3	69504.7	79893.2	76260.6	84233.3	75052.9	78420.5	83103.7	79808.6	80171.4	79479.4	78332.1
Q1JPT8	Q1JPT8_DANRE	clybl		77618.2	83492	75461.9	75520.4	64338	61334.1	54565.1	57886.4	78066.6	82358.8	74929.8	71000.9	78662.4	76474.4	72980.6	68413.2
Q1JPU8	Q1JPU8_DANRE	ppcs		55895.4	60625.9	73453.7	62255.9	58985.2	57965.8	52455.3	57304.7	43056.2	56226	61180.6	59682	65702.5	65814.1	54225.1	56604.8
Q1JPX3	SYFA_DANRE	farsa		134768	129943	113942	122307	124094	116676	131248	128191	159193	140883	138797	138328	150698	142370	131368	144717
Q1JPY6	Q1JPY6_DANRE	pfdn2		63153.5	65865	83974	75200.6	72603.9	76690.8	76637.9	69301.6	69729.8	70496.7	67322.4	72403	68894.8	77515.2	72512.1	66752.6
Q1JPY8	PSPC1_DANRE	pspc1		49263.9	51697.3	45143.6	40552.5	51227.4	51557.2	56422.6	52709.3	64423.1	51039.1	56434	53838.7	62966.3	56100.4	50266.2	50708.6
Q1JPZ2	Q1JPZ2_DANRE	akr1b1.2		493541	495567	430709	438464	474548	451717	505482	489583	377140	420736	442828	425181	427810	447547	414766	399470
Q1JPZ7	PRP39_DANRE	prpf39		104170	102667	104540	108684	101664	105381	109092	106131	109627	100736	115107	114968	125201	126276	97079	98241.2
Q1JPZ8	Q1JPZ8_DANRE	ppp1cb		71854.4	76259	86096.6	81746.7	76787	94076.4	82101.9	87188.9	62916.9	92400.8	72391.9	76961.5	54833.9	56356.1	109992	106666
Q1JQ47	Q1JQ47_DANRE	si:ch211-160d20.3		9724.56	8038.66	9800.08	11531.9	11722.2	12277.4	11741.6	10568.7	6652.43	8392.05	11388.9	11156.2	9124.64	13329.6	5014.56	8652.69
Q1JQ71	Q1JQ71_DANRE	pmelb		120986	139754	109035	115597	65968.4	74834.6	79908.7	83106.3	84430.2	151230	109154	87909.9	84272.8	78247.7	135084	186503
Q1L864	JGN1B_DANRE	jagn1b		24297.4	18739.9	23891.6	22614.5	17939.6	17033.7	22257.7	20941.7	14161.9	19384.9	17301.8	24072.6	22805.4	21754.4	11524.9	14007.7
Q1L8B0	Q1L8B0_DANRE	snx27a		23067	21588.3	23402.1	23796	18271.1	15994.7	23392.5	18007.3	21511.1	16156.8	19112	24748.7	23030.4	25686.8	23539.3	19522.7
Q1L8C0	Q1L8C0_DANRE	si:dkey-220f10.4		26878.3		30195.7	31576.9	31039.3	31266.5	30476.7	32256.1	60777.4	28950.8	40822.3	38014.6	39910.3	35007.9	30753.3	18916.7
Q1L8D8	Q1L8D8_DANRE	si:rp71-15k1.1		32898.2	29574.8	56291	52943.2	34622.8	35304.3	46916.5	47023.9	10715.5	15498.3	60543.8	60655.8	63436.7	58593.1	48093.6	57454.8
Q1L8E1	Q1L8E1_DANRE	rad21b			17554.5	12652.6		19935.4	7244.98		14463.7		15252.3					21925	36509.5
Q1L8F4	T178B_DANRE	tmem178b		34397.8	37709	30412.2	20738.9	30606.5	19067.1	28604.2	30574.8	32763.6	31333.1		34744.6	36419.3	40981.9	30322.1	34335.7
Q1L8G7	GATD1_DANRE	gatad1		21737.7	18402.4	23245.8	24753.3	18833.9	22431.3	21726.9	19408.4	18754.8	17270.8	23605.7	25488.8	23759.8	21533.1	15968.6	25632.3
Q1L8J7	YAP1_DANRE	yap1				7338.21	10021.9	7480.28					6022.33					22699.1	24825.3
Q1L8L9	KAD2_DANRE	ak2		38589.1	40238.2	35487.3	34591.5	35737.2	37603.2	32498.2	35172.5	45568.2	45702.8	51801.8	40769.6	45755.7	42166.5	47203.7	54043.2
Q1L8R9	Q1L8R9_DANRE	snapin		9874.83	8000.56	5810.8	5594.81	5608.9	5297.26	5102.8	5189.63	7748.54	11210.6		11470.6	8923.07	10537.7	9978.03	8631.02
Q1L8X2	ENSA_DANRE	ensa		31997.8	34724.5	38819.4	38023.9	40648.4	35461.7	31541.3	33429.6	32609.9	41068.2	48491.8	38110.4	36871.3	46469.3	30761.9	38753.4
Q1L8Y6	BBIP1_DANRE	bbip1		54047.6	45387.2	58319.9	64273.4	69663.1	64847.6	62474.1	63368.3	113483	76605.3	69134.8	78452.8	77107	80646.3	68217.7	75649
Q1L907	Q1L907_DANRE	gstr		302626	313736	369734	402804	330846	391199	277274	327971	457279	404113	207935	214594	205670	212373	598899	674304
Q1L908	MSTO1_DANRE	msto1		49478.7	52777.8	59647.5	59961.8	36638.1	37745.3	31301.4	30223.5	33027.5	29077.6	50999.2	44907	47284.2	32462.1	43287.8	33834.9
Q1L941	Q1L941_DANRE	znf516		13160.6	10321.9	15932.5		11903.6	9716.54	16219.3	10732.7		3370.96	7605.73	6975.68	16155.2	12588.6	5241.5	4969.52
Q1L959	Q1L959_DANRE	usf2		45161	53039.5	52004.8	53177.6	59997.7	55626.9	50665.3	54069.4	49361.9	52371.7	57738.7	55313	55735.6	57019.2	56710.6	58227
Q1L986	Q1L986_DANRE	rab3b			3497.95			1616.47	104643					3190.63	4924.43	6785.62		353938	
Q1L987	ATPF1_DANRE	atpaf1		56673.4	53258.2	49515	58952.1	56422.1	62204.3	49581.3	56195.5	50463.2	58578	44135.6	50552.4	54184.6	53651.5	62388.4	58789.1
Q1L994	PPR37_DANRE	ppp1r37		36552.2	42235.6	29359.3	32591.9	37115.7	34223.2	39252	29641.1	31640.5	34835.3	42882.5	47503.4	43936.4	53336.9	28759.4	29999.8
Q1L9A2	OPA3_DANRE	opa3			8862.19		9610.37	9767.07	12363.3	8427.82	9504.57	17504	12754.7		6120.99	8521.44	8919.67	11749.3	18314.6
Q1L9G6	Q1L9G6_DANRE	cd9b		28445.2	24000.3		33685.6		21763.4		20874								
Q1LUA8	EI3EB_DANRE	eif3eb		47224.1	53023.9	47822.1	54956.3	53864.4	55024	55948.4	56049.9	59803.3	52912	61142.2	64791.1	57606.8	52290.7	51546.7	59180.4
Q1LUC1	5MP1_DANRE	bzw2		39275.3	39086.7	45004.6	41580.8	49155	50099.4	46813.6	43807.9	68461.1	49896.5	42316	43687	52622.8	55557.8	37791.2	36145.1
Q1LUD3	Q1LUD3_DANRE	rcvrn3		319980	321810	506735	509438	506718	503888	497569	512494	443890	388422	520744	511487	458806	445928	515724	568545
Q1LUE5	ZCH18_DANRE	zc3h18		19277	20382.4	19768.9	14972.9	18880.6	17434.1	18780.1	19974.2	27408.5	18348.1	20047.3	23122.3	24514.1	21269.1	18703.1	19282.2
Q1LUK1	MIC13_DANRE	micos13		156208	160704	157083	166670	175057	186667	154365	155528	262068	217965	124862	128710	111293	115052	220609	243610
Q1LUM4	Q1LUM4_DANRE	ppfibp1b		10043.1	10222.4	8661.71	13458.9		6770.63	6788.53						4543.65		9715.59	5905.47
Q1LUM9	Q1LUM9_DANRE	dync1li1		101961	99103.7	108053	105687	103718	101562	96777.3	97328.1	120698	118952	115991	118646	106349	99580	107334	102280
Q1LUQ2	Q1LUQ2_DANRE	ticam1						10201.7	26347.5					32768.8			14779.7	31451.5	29061.6
Q1LUT0	Q1LUT0_DANRE	nutf2		39577.6	36016.8	43076.4	40804.2	42020.4	43156.7	41220.8	40038.9	40787.3	37012.7	43025	47181.4	37376.1	31425.6	41652.9	45267.8
Q1LUT1	EDC4_DANRE	edc4		33795.9	34653.1	32150	31289.3	36469.7	36757	37153.8	35358.9	39153.8	36457.1	42989	45009	41035.1	45699.7	36074.5	35369.7
Q1LUT2	Q1LUT2_DANRE	top2b		92261	90455.6	100867	92421.1	101322	98160.1	111725	107559	104848	103924	112983	109184	101173	108872	90984.7	89042.9
Q1LUU3	Q1LUU3_DANRE	tapbp.1		12399.8	14291	14234.6	12991.4	25976.6	25623.5	16236.7	19329.3	17529.8	19114.7	15628.4	13192.9	26388	30081.2	12078.9	11219
Q1LUX8	Q1LUX8_DANRE	siae		10450.7	11559.3	9522.47	11503	9737.56	5744.01	12254.9	8882.98		6269.17	6363.01	6613.51	8944.38	9164.45	7167.33	5693.9
Q1LUX9	Q1LUX9_DANRE	tbxas1		15030.2		17979.2	24028.6	20342.9	20498.2	21502.4	14066.4		19164	17315.4	23759.1	21355	19122.2		
Q1LUZ9	Q1LUZ9_DANRE	ces3		155444	156049	127400	114829	54378.8	53885.3	89380.2	81445.7	60061.4	76197.7	122360	124101	97196.2	95943.9	85382.5	89617.9
Q1LV17	I2BP1_DANRE	irf2bp1		47854.9	49379.3	63386.3	47367.4	58363.8	56532	53287.8	48908.2	37775.8	54537.6	67860.1	59790.6	64741.4	57179.3	60453.5	55063.2
Q1LV19	SPKAP_DANRE	sphkap		20475.8	18128.8	19048.8	18930	23216.4	22508.1	23248.2	20409.6	23320.5	16025.7	24850.3	20991	24541.9	24781	19266.8	17873.8
Q1LV46	ABHEA_DANRE	abhd14a		25232.3	20580	20174.6	17200.5	19022.1	21167.1	30073.7	29046.1	14819.2	23523.2	17380.3	21113.9	22971.3	24372.1	20142.5	22837.6
Q1LVA8	Q1LVA8_DANRE	acsl3a		151948	158304	191649	188604	186584	191154	177815	174896	190218	178431	157484	163290	189004	189515	125257	131651
Q1LVD6	Q1LVD6_DANRE	taf10		20859.5	19512.2	22513.9	18879.2	18964.7	18301.3	14959	13548.6	6860.4	4644.28			28052.1	25304.9	16036.8	13789.7
Q1LVD7	Q1LVD7_DANRE	efhd2		79760.9	79696.9	84387.8	85848.5	90900	79805.6	83419.7	87458.8	69306.6	77544.5	85086.7	80625.2	77106.3	75801.6	95141.5	82030.2
Q1LVE2	Q1LVE2_DANRE	borcs6		16720.2	11164.8	6419.95	7477.64	19699.1	19656.8	10222.7	17703.3		24960.2		5686.19			29003.4	37834.1
Q1LVE8	SF3B3_DANRE	sf3b3		123529	128853	125177	123028	124579	126141	141833	141147	122081	123032	125733	125652	128420	125333	120354	133880
Q1LVF0	LAMC1_DANRE	lamc1		62743.2	61281.8	87763.8	86866.1	64341.6	61370.5	40463.6	39674.6	37860.5	35127.4	59734.2	59665	42419.5	42574.3	94583.4	99803
Q1LVI2	YJEN3_DANRE	yjefn3		127200	135893	128998	134973	123018	119046	112781	107976	141899	142529	107311	112938	86190.5	95851.8	141390	151748
Q1LVK2	Q1LVK2_DANRE	polr2i		13656.6	12520.3	20873.4	23218.3	23699.1	25735.2	18762.1	19363.9	16266.4	18957.8	18376	18749.1	11299.4	8753.55	24763.4	22391.1
Q1LVK6	Q1LVK6_DANRE	vaspb		69102.3	63542.1	70240.9	64273.6	59743	58514.7	55644.8	61541.9	50664.3	56968	67696.9	67455	60227.6	63544.6	67727.7	60982.8
Q1LVL3	Q1LVL3_DANRE	aars1		198148	200824	189329	186237	203969	212998	200137	198377	253546	239335	228829	202060	208491	204559	203900	226113
Q1LWC3	Q1LWC3_DANRE	pip4p2		34326.4	30297.1	34031.8	48572.2	36488.9	30263.9	31495.9	34730.5	28800.6	29443	52596.1	65119.1	44295.4	32806.1	34563.3	25892.5
Q1LWF3	Q1LWF3_DANRE	si:dkey-12e7.4		16181	14174	129402	117296	15116	11058.6	18125.4	14006.4	94692.9	99692.3	375878	348281	163613	160370	11598.4	12612.5
Q1LWH1	Q1LWH1_DANRE	rps16		118954	121583	94844.3	89854	102266	100563	114126	111565	90808.7	102583	99135.3	100436	105862	118575	105844	110199
Q1LWI2	Q1LWI2_DANRE	glsa		455470	452727	275973	267411	351719	342022	341262	323793	490709	453893	362835	366973	410560	424895	312699	311724
Q1LWJ1	Q1LWJ1_DANRE	pnp6		195289	192278	157095	160566	193174	180540	203121	188693	150742	165759	166942	161604	182423	174898	170667	163538
Q1LWJ6	ARPIN_DANRE	arpin		48329.3	48190.5	42693.2	38677.5	49803.6	49579.8	44764.6	48259.7	37066.1	30385.6	32631.6	29532.9	33265.3	36728.4	48330.2	48704.5
Q1LWK5	Q1LWK5_DANRE	ints14		4804.76	4330.66	4716.24	5027.84	4303.23	4023.5	5763.84	5529.65		6269.72	2370.42			2984	6712.4	7640.08
Q1LWN2	Q1LWN2_DANRE	vtg1		16331.4		1.78168e+06	1.75909e+06	2.02092e+06	1.91287e+06	1.05932e+06	1.0402e+06		3095.57	2.20216e+06	2.3703e+06	2.69915e+06	2.83971e+06	3.00514e+06	3.21546e+06
Q1LWV7	MEAK7_DANRE	meak7		7616.82	10477	10511.1	9033.97	11720.6	9101.26	11430.6	6847.57	9209.42	8205.79	12716.6	9745.55	11277.7	11695.9		
Q1LX53	Q1LX53_DANRE	bcl2l13		37365.6	39353.2	34904.4	35341.8	36709.7	35726.5	35257	34556.1	42632.6	41172.7	35374.7	35796.4	48383.8	48104.5	32357.7	34369.9
Q1LX72	Q1LX72_DANRE	synm		91283.8	86694.4	74019.1	76888.3	81024	78343.5	91928.7	92232.8	118057	93812.3	86573.4	81627.6	89103.9	90177.3	92447.4	93354.8
Q1LXA2	Q1LXA2_DANRE	dpm3		96090.5	94472.7	93355.1	103878	97011.8	104420	107432	107075	54033.9	116289	91021.2	91668.9	79206.1	93786	90416	97055.1
Q1LXC9	INT3_DANRE	ints3		23587.9	32450.8		23571.1	29596.6	29659.7	28921.8	28785.9	16178.9	23336.5	35853.3	34851.6	35493	32730.4	26670.8	29121.4
Q1LXE1	Q1LXE1_DANRE	hapln1a		14801.4	19062.5	13849	12384.1	12254.5	11347.1	19862.9	17750.8	10229.7	11452.7	14665.4	12831.4	9774.11	11170.8	29869.5	28220.7
Q1LXG2	Q1LXG2_DANRE	bloc1s1		34158.1	37469.2	35999.6	32227.6	32286	33859.8	28384.7	36374.9		33041	33285.1				38732.6	36393.1
Q1LXJ1	Q1LXJ1_DANRE	krt17																42076.1	48270.7
Q1LXK0	Q1LXK0_DANRE	krt1-19d		45144	45983.3													100957	96902.5
Q1LXP8	Q1LXP8_DANRE	gnl1		6289.37	10111	5579.43	7779.03	7337.99	6227.26	8435.53	6249.58	5774.1	4609.64	9192.24	10818.5	8336.62	10975.7	5832.79	5099.27
Q1LXS2	PSMG2_DANRE	psmg2		332308	383234	448495	473014	438109	456044	407556	426637	531090	431123	448816	390904	462728	482497	463199	467204
Q1LXT9	Q1LXT9_DANRE	chkb		31918.5	26735.2	21192.2	26814.9	25178.7	30986.6	34233.8	28448	25421.4	25669.3	30962.9	25744.4	31287.9	31545.4	25259	25093.4
Q1LXU2	Q1LXU2_DANRE	col9a2		63295	54488.7	54447.9	53863.4	82193.2	81721.9	47441.8	49268	58024.1	88611	95780.8	91884.3	61467.6	54031.9	71139.2	72709.6
Q1LXZ5	Q1LXZ5_DANRE	nudt14		47166.4	51766.6	52829.6	59800.5	54830.9	72018.6	52088.1	64746.8	97676.9	91609.9	50956.7	44819.6	48756.9	35490.8	95560.7	103123
Q1LY10	FSD1_DANRE	fsd1		17157.6	16084.2	13275	13592	19466.4	18956.5	21870.6	22290.7	20890.3	22484.6	16956.5	18096.6	17241.7	17850.6	20748.2	20398.7
Q1LY19	Q1LY19_DANRE	ube3c		20248.2	16959.2	11431.4	16093.4	17528.2	23684.2	17977	17035.8	8779.94	12232.2	20265.3	12827.8	21007.1	20052.9	15940	11353.6
Q1LY46	LETM1_DANRE	letm1		115002	121830	104172	105043	86647.6	90969.6	94324.2	90564.8	104538	114416	117030	112597	101238	105640	110897	115327
Q1LY62	Q1LY62_DANRE	map2k2a		108110	106535	91286.8	92581.3	91924.2	91019.6	104629	90300.3	89039.7	87784.8	100960	104718	115804	109517	85999	82179.4
Q1LY91	Q1LY91_DANRE	irgq2		90776.5	94593.5	85197.9	83626.1	87818	88787.1	103856	105905	68150	76232	98673.8	107606	155129	150521	73971	71288
Q1LYA0	Q1LYA0_DANRE	fam107b		5668.55						10406.2	9443.48			8904.73	6306.62	9242.63	10526.8		
Q1LYB6	ATF1B_DANRE	atp5if1b		537650	509405	442655	429537	472360	451343	453813	433719	551055	523625	484552	486389	464695	465333	454543	447769
Q1LYC9	Q1LYC9_DANRE	capns1a		108736	112490	77678.4	73893.7	91316	87457.3	91788.6	86109.5	60164.5	66192.9	70348.9	77223.2	72044.3	73733.4	97704	99267.1
Q1LYG2	Q1LYG2_DANRE	braf		24303.3	30277.9	39802.1	39075.5	37277.1	33470.7	34273.7	35908	38361.3	29463.8	37440.1	22755.1	30373.9	25766.6	33910.3	39512.3
Q1LYG5	Q1LYG5_DANRE	eef2a.1						11966.6	13078.2					12573.5					
Q1LYI0	Q1LYI0_DANRE	ubxn6		56347.1	55291.9	56983.5	56502.6	54557.4	56937.4	58271.6	61086.2	37047.6	50765.1	57640.8	56513.3	70410.8	67127.1	52956.7	57052.2
Q1LYM1	Q1LYM1_DANRE	cmtm6		5040		8114.32	17868.4	7523	8461.27	4431.78	5484.24	15133.9	22453.2					45526.2	47854.5
Q1LYM8	Q1LYM8_DANRE	sin3b		3771.87	5157.73	2008.92	2810.05	4765.74	4468.9	4676.6	4250.66	2797.75	4860.51	4446.38	2440.92	5294.13	5103.53	1878.93	
Q1LYN2	Q1LYN2_DANRE	tpk2		18677.2	22556.2	26762.7	23749.6	25845.9	26634.5	20876.6	23949.6	35010.8	28630.8	15037.2	11704.7	20361.4	17609.8	29441.4	31878.9
Q1LYN4	Q1LYN4_DANRE	gsk3aa		19849.8	21596.9	19936.7	19026.3	14930.9	18765.3	23469.3	20823.4	16752.7	18894.3	24204.2	22618.2	28598.4	32125.8	19712.4	11454.9
Q1LYP9	Q1LYP9_DANRE	CH211-31O18.3-001		52406.7	51082.7	18674.8	19669.6	65496	55272.8	53252.7	57674.5	56840.8	76944.8	42929.4	39438.2	37394.6	38758.2	34641	28208.7
Q1LYQ0	Q1LYQ0_DANRE	si:ch211-31o18.2		86267.4	80969.3	60764.6	57496.3	117394	126866	60560.2	59528.4	118811	114896	60501.1	65476.4	68060.8	66074.1	93569.5	93779.7
Q1LYQ9	Q1LYQ9_DANRE	nfs1		200574	203331	146227	149591	180452	176817	184156	183534	198972	202182	202844	199712	219742	212877	168781	158561
Q1MSX8	Q1MSX8_DANRE	itgb5		53169.6	52379.4	42469.7	41555.5	42343.5	42301.1	56328.4	50916.9	53328.8	57304.2	63814.4	58863.3	54976.1	56811.7	39159.6	40345.9
Q1MT41	Q1MT41_DANRE	rbbp9		70388.1	68817.7	67943.7	64999.8	71678.7	60141.1	68039.2	70538.7	66225.3	61112.7	74105.8	77984.3	73563.6	66270.8	75548.4	80052.1
Q1MT86	Q1MT86_DANRE	usp5		86741.2	86272.9	74225.2	73732.6	74187.3	75336.3	73804.6	73004.5	88416.7	86786.4	86650.4	81831.9	96449.7	93440.1	87495.5	94283.9
Q1MTC4	Q1MTC4_DANRE	vtg2		28748.4	23216	564831	575943	615625	613081	323063	325422	55322.9		746424	729746	629390	646414	830226	838089
Q1MTD3	MCES_DANRE	rnmt		92862.8	83613.4	94268.9	93007.2	103452	99564.9	100905	96950.3	94237.3	97533.2	94751.2	95671.3	107463	95445.3	98871.5	99180.5
Q1MTD4	CR19A_DANRE	si:ch211-105d11.2		58819.3	53707.9	52107.4	48392.7	53386.9	48660.9	52964	40550	56924.5	53186	55084	58663	58477.9	61208.9	36280	32891.4
Q1MTE5	ARL3_DANRE	arl3		69117.7	69214.8	75367	72389.2	72207.4	69676.5	59255.9	60358.2	76897.8	67109.2	81896.3	74686.1	74286.6	72512.5	97341	108765
Q1MTI4	TPISA_DANRE	tpi1a		929944	921754	797237	787261	907281	875093	949774	900453	863565	1.05754e+06	920757	909030	1.00342e+06	999606	846074	883417
Q1RLR9	Q1RLR9_DANRE	macroh2a1		43204.6	43980.6	45775.7	50310.1	48424	46111.4	44723	51289.5	48512	59310.4	39758.8	36412.4	35542.4	34709.5	59045.3	60395
Q1RLT0	Q1RLT0_DANRE	mat2al		21845.7	18232.9	13988.6	17207.8	7159.38	3781.96	6106.46	7757.05		3208.12	4638.61	9524.27	5975.55	6333.94	7697.35	7025.09
Q1RLT1	Q1RLT1_DANRE	gmpr2		107957	107687	84362	87190.7	98475.1	96199.5	114643	119040	93727.9	94185.2	91381.7	79181.3	103437	97750.4	81837.8	84219.9
Q1RLX4	TPC11_DANRE	trappc11		24470.5	27499.1	23751.8	23561	23476.5	25621.2	20552.2	23365.9	32479.4	26309.8	19685.8	19181.7	17171.8	17063.5	19866.1	23003
Q1RLX7	Q1RLX7_DANRE	ttc8		111891	116720	93823.1	106593	127285	118588	129279	137463	115682	123256	131419	130298	153925	154406	102503	104180
Q1RM09	BASP1_DANRE	basp1		426635	435687	442962	431147	438466	452366	430349	423935	441869	474996	463192	472192	436632	437949	488116	482649
Q1RM42	Q1RM42_DANRE	unc119b		73201.8	87567.8	103809	104148	134903	155443	105446	113345	208879	173016	76947.5	77142.2	68151.2	63883.9	150842	181979
Q1RM81	Q1RM81_DANRE	emg1		26053.2	19619.5	30537.5	21658.8	26003.6	30696.8	24581.4	23005.4	24103.4	30507.9	25406.1	28755.7	24293.8	27271	26250.4	25587.8
Q1XD15	Q1XD15_DANRE	numb		26218.3	27734.2	27079.4	26906.1	28025.9	20968.7	14488.6	24529.6		23986.7	30638.8	30513.7	35054.6	24742.1	27004.2	26894.1
Q1XHK0	Q1XHK0_DANRE	nr3c1		19662.1	15152.6	20878.9	21372.9	20512.7	17804.1	20569.2	20110	18404.7	21303.5	20561.6	17622.7	16468.6	17923.1	20163.5	24492.8
Q1XHL7	GRK7B_DANRE	grk7b		18771.1	23761.9	20328.1	21002.1	27800.5	29931.2	24167.9	33245.1	43558.3	40963.1	31519	28634.6	30012.3	33203.1	39872.5	40040.4
Q1XHM0	Q1XHM0_DANRE	grk1a		1.35156e+06	1.33634e+06	1.55249e+06	1.52656e+06	1.53602e+06	1.56037e+06	1.64886e+06	1.59611e+06	1.34278e+06	1.55857e+06	1.29553e+06	1.28093e+06	1.73812e+06	1.74736e+06	1.33554e+06	1.48018e+06
Q24JV1	Q24JV1_DANRE	rpl32		391132	373759	406655	409340	396277	389711	401259	373898	443037	357491	438117	424002	416010	406013	396010	377568
Q24JV3	Q24JV3_DANRE	rpl31		121858	138295	143372	121938	131493	137217	111011	114064	184087	144488	124347	99360.1	125696	118947	159427	185599
Q24JV4	U390_DANRE	zgc:136864		15485.9		12955.4	13953	11946.7	10457.2	9871.05	12465.6	15330.2	12654.2	12419.5	7846.52	6880.83	10419.9	8118.27	
Q24JV6	Q24JV6_DANRE	myl2b																28893.4	19311.2
Q285P3	Q285P3_DANRE	slc2a1a		559626	577720	571635	620584	606217	764321	582552	675966	907494	1.27875e+06	568763	556949	520922	464077	997808	1.28649e+06
Q29R95	Q29R95_DANRE	as3mt		16259.6	15063.8	17845.8	17686.9	20682.1	19336.6	22095.3	18508.6	18604.3	14680.5	19223.8	14492.8	21905.3	19780.9	16357.2	16116.6
Q29RB1	COG4_DANRE	cog4		15485.7	13180.4	11809.3	19435.2	14925.8		12736.1	8631.12	10367.7	11478.9	11542.5	12296.5	12344.6	13718.7	12568.7	
Q29RC5	Q29RC5_DANRE	rac1b		32937.1	31805.1	30850.7	29808.6	30790.7	29892	34605.8	29853.7	62122.4	27813.5	53822.9	50001.8	37868.3	39709.6	26666.1	25845.6
Q29RE8	Q29RE8_DANRE	neflb				6765.92				11220.1									
Q2EGT7	Q2EGT7_DANRE	lsamp		48924.6	46891.1	50006.7	51188.2	52336.1	59509.4	57454.3	61160.1	73772.4	75090.3	43334.2	40907.7	46809.6	39669.9	50052.4	62587.5
Q2L6K8	CNPY4_DANRE	cnpy4			17350.2	13344.1	13122	14466.7	16955.1	13103.7	12860.8		21936.5					27089	
Q2L6L1	CNPY1_DANRE	cnpy1		34892.9	27131.6	32271.7	32701.3	34860	33333	33206.3	35926.8	49754	31284.1	29648.3	31519.3	30050.2	34665.5	26608.8	33779.2
Q2LDA1	Q2LDA1_DANRE	col2a1a		81991	100677	91224.2	99826.8	97948.8	117957	87034.2	121105	62880.6	98172	81415.7	83052.6	60468.6	73244.5	153758	155474
Q2LEK1	Q2LEK1_DANRE	dync1h1		344309	335973	312599	317538	305728	303346	324384	323499	327668	332117	338652	340742	350977	340618	320433	339691
Q2LK83	Q2LK83_DANRE	si:ch1073-376c22.1				6376.44	12082.9	10164.2	13980.9					9505.65			7635.79	16391.5	
Q2M5E9	Q2M5E9_DANRE	lin7b		29614.7	37772.4	68628.6	55455.4	33985.5	37074.2	28961.1	32796.1	74239.9	45081.8	16671	21950.1	37519.4	42775.4	66708.1	69149.7
Q2PW47	MED24_DANRE	med24			61627.1	57120.9	60270.9	55075.9	55804.4	51292.3	56644.5	46276.3	59304.1	41848	51378.3	47170.3	56040.2	72205.3	73184.4
Q2QCI8	MED12_DANRE	med12													6657.77				
Q2TJF5	Q2TJF5_DANRE	lama4		79076.6	81025.5	107767	113223	80570.5	85166.3	52508	55157	50991.8	52837.8	71372.1	70978.5	47571.6	48502.7	136459	131389
Q2TTK0	Q2TTK0_DANRE	igf2r		12651.5	15689.3	19507.9	13792.8	19299.5	19557.6	16783.4	18945.1	19450.3	17048	18756.5	19809.6	24282.7	18793.6	17226.7	10443.1
Q2VRP7	Q2VRP7_DANRE	slc6a6b		55425.8	51349.4	36319.1	36541.2	38970.9	42145.4	52671.7	51528.7	57554	60306.4	51875.2	61102.2	48491.6	45721.4	39142.8	36259
Q2VW43	Q2VW43_DANRE	mfap2		123739	114371	82142.4	77932.3	160387	158751	121833	124943	166232	125263	125945	117503	116216	116516	144186	132848
Q2YDP8	THNS2_DANRE	thnsl2		5370.94	5941.78	10079.3	6309.32	10139.4		9299.54	12217.7	14116.4	8583.96	3725.31		22290.1	21119	7494.92	8311.52
Q2YDR0	Q2YDR0_DANRE	inpp5l		39332.8	41464	35330.2	43596.6	45392.1	40990.7	50280.6	45361.6	59714.4	40839.9	42837.2	44423.6	45899.1	48798.1	47101.9	57770.6
Q2YDR3	IMPA3_DANRE	bpnt2			29638.7	26739.8	20084.2	23534	29334.9	30393.8	26271.9	34911.5	32863.7	32627.6	38536.8	34978.5	35775.5	22681.6	18812.5
Q2YDR5	Q2YDR5_DANRE	actn2b		39743				47041	37126.8	36363	30153.9	27680.6		40305.2	29945.8	44282.1	43767.4		
Q307I6	Q307I6_DANRE	wwtr1		5367.44		8483.95	9511.42			6915	7424.82					5848.12		12249.8	
Q31365	Q31365_DANRE	mhc1uba		57877.1	53993.8	55647.8	56173.8	105463	97043		26236.4	112118	83395.5	29091.7	28842.4	45038.4	51982.9	60832.1	60279.4
Q32LQ2	Q32LQ2_DANRE	maip1		19972.9	19782	20814.4	19486.3	19286.4	19870.9	17926.4	14006.3	15064.6	22349.4	17890.9	17855.4	19279.5	18956.2	17649.5	18381.2
Q32LQ3	OSGL1_DANRE	osgepl1		20501.4	21554.6	17703.4	15429.4	14014.1	14496.3	13825.2	20695.2		13039.1	11297.5	12858.6	14373.2	17369.5	19096.1	19660.6
Q32LR4	Q32LR4_DANRE	poglut1		8819.46	9210.3	8876.15	8674.14	7880.44	8371.1	8488.57	10197.8	3617.18	6608.41	7098.72		12033.8	12909.9	8758.71	9594.09
Q32LR5	ASHWN_DANRE	im:6907446		23011.3	30804.5	23883.5	21202.7	20506.9	22336.9	23021.6	19054.3	34338	21042.2	32112.4	27504.6	30763.4	32629.3	23906.9	7372.9
Q32LS2	Q32LS2_DANRE	kin		15404.6	17205.9	13488.7	15238	18865.9	19833.1	19877	17758.2		16687	17714.4	21011.7	20135.1	19404.1	17842.7	16339.3
Q32LT0	Q32LT0_DANRE	snx2		39708.9	31526.8	33476.3	31504.4	40266	44801.4	42519.4	43628.5	39266.9	36232.6	47857.7	41864.4	45993	43304.2	34345.7	33663.5
Q32LT7	TTYH3_DANRE	ttyh3b		26498.9	27929.1	20784.4	22235.9	28538	31346.3	29610.5	31824.5	40723.4	39741.2	23854.6	26025.9	24336.7	24251.8	26676.5	33216.6
Q32LU1	MIRO2_DANRE	rhot2		38485.6	31666.9	35949.7	33137.8	38304.3	37952.7	38119.8	36950.8	36926.8	44198.6	38547.2	34414.1	42947.5	38674.8	37560.2	34029.9
Q32LU3	Q32LU3_DANRE	septin4a		25881.7	27951.9		11203.8		14825.7	18385.8	19032.1		8710.3	11804.6	12433.3	22248.6	22505.6		
Q32LU4	Q32LU4_DANRE	ppox		21305.6	20622.9	31076.7	21027.6	25838	17674.1	24473.4	22040.3		32019.3	37695.2	31873.5	32121.3	23418.7	23058.1	21262.8
Q32LW9	Q32LW9_DANRE	pdp2		29248.4	23699.8	24171.1	23750.3	23061	24592.7	21734.4	25052.5	16589.7	19688.8	25796.1	24933.9	32061.6	33991.3	21438.7	20508.6
Q32LX1	Q32LX1_DANRE	eefsec		13536.7	11858	13235.7	15831.7	16628.4	12701.8	13799	10776.3	18067	10385.4	19091.6	21808.3	23138.6	24721.5	9072.37	10018.6
Q32PL1	PP1R7_DANRE	ppp1r7		114972	110327	113125	109042	101388	98389.2	116889	115276	104570	103653	124696	117090	111019	118410	117767	127410
Q32PM2	Q32PM2_DANRE	ccdc92		8743.43	11469.8	12972.9	11725.2	10305.6	9030.29	14691.9	10476.7		10659.8	9953.72	10090.1	14406.5	12585.7	8949.89	
Q32PM4	Q32PM4_DANRE	bscl2		14945	19329.5	15773.1	18953.1	19307.8	16619.7	18624.5	16859.6	20238.9	16477.7	28124.8	22617.5	19106.6	23570.8	14614.9	15017.5
Q32PM7	Q32PM7_DANRE	katnal2			30266.1	45019.3		39879.2	46123.7	30370		56767.6	42953.5	27783.5					
Q32PQ5	Q32PQ5_DANRE	tfr1b		42426.6	47710.1	54128.4	50883.8	44989.3	50187.2	63351.2	64175.3	53475.1	59907.4	54547.9	50386.2	48369.1	46748.3	75185.7	77356.5
Q32PR0	T55BA_DANRE	tmem55ba		136452	134108	165386	171093	158041	156763	153004	156010	158077	170160	150999	138576	171397	164770	163973	168892
Q32PS5	Q32PS5_DANRE	grpel1		273977	262736	243617	240093	266229	282176	239367	228110	339305	328306	254659	267274	249035	270834	261807	269744
Q32PS6	Q32PS6_DANRE	myef2		105271	101397	98608.9	101467	111215	112310	119471	115988	127511	114851	103243	98671.6	107907	114565	109901	117193
Q32PS7	Q32PS7_DANRE	rad23ab		70759.4	67784.6	68311.8	70960.4	69730.8	67012.5	66363.2	69140.9	67978.9	63765.6	76233.9	74428.5	67196.8	73611	66900.2	67908
Q32PT3	Q32PT3_DANRE	hmgb2a		1.34301e+06	1.42144e+06	1.54832e+06	1.53189e+06	1.49786e+06	1.51027e+06	1.46146e+06	1.47567e+06	1.47457e+06	1.34647e+06	1.28181e+06	1.30743e+06	1.40644e+06	1.42953e+06	1.60044e+06	1.84259e+06
Q32PT4	Q32PT4_DANRE	lgals3b		94019.1	90279.4	62838.5	65693.5	67427.7	65550.7	65782.9	67427.5	64247.2	52418.2	70086.3	70822	76101.6	72966.5	108178	105175
Q32PU2	Q32PU2_DANRE	cnn3b		50796.3	41199	42312.4	49705.5	54119.6	46153.5	45683.1	34714.6		34189.1	47103.9	62312.4	64850.6	45277.8	54427.7	43980.2
Q32PV0	GULP1_DANRE	gulp1		40433.7	40023.8	44309.6	40245.1	41282.2	39413.4	43519.7	40886.8	39396.8	38269.4	40784.7	40960.4	42530.8	39806.9	49341.3	37905.1
Q32PV8	Q32PV8_DANRE	ro60		123129	123119	114808	110006	134647	133345	120374	130860	116900	126407	125176	122407	150225	144711	116488	119435
Q32PW4	Q32PW4_DANRE	taf5		8357.5	9298.26	11257.4	13145.9	12524.2	13987.4	11277.2	11806.2	21369.1	15069.5	8331.47	8177	7885.76	7981.75	16214.9	18010.2
Q32Q51	Q32Q51_DANRE	rpl22		241319	244058	301024	297715	270697	298069	238179	253581	210903	268763	207980	224105	232462	241611	365958	448676
Q32SG7	Q32SG7_DANRE	slc8a1b		23170.3	18965	17883.4	20566.1	16545.7	17956.5	25878.7	21134.1	21198.6	24935.1	23424.5	28643.3	25266.6	23889.6	12610.2	16389.6
Q38JL1	Q38JL1_DANRE	rgs6		22674.2	32190.1	21161.6		27336.6				29176.6	20383.8	25584.5		33508.4	22233.8	17667.9	
Q3B732	Q3B732_DANRE	hmgn2		177089	188853	234127	227048	206426	203051	180981	197610	175995	169885	189995	190930	204834	204709	220229	231310
Q3B736	ATGA1_DANRE	atg101		6558.38	8014.4			2791.95		3800.55				6922.47	10076.2	10229	12431.3	4951.51	4100.72
Q3B738	Q3B738_DANRE	ppifb		275727	279705	219593	222544	245389	259828	246008	250961	366172	337082	208345	218059	198524	206829	255479	295599
Q3B750	Q3B750_DANRE	uqcrh		203971	195599	93969.8	91894.8	177320	189052	165358	162925	245124	270042	197817	189482	206943	196508	136938	138216
Q3B7E7	Q3B7E7_DANRE	snx3		92378	97022.4	98988.9	92215.6	102308	86001.4	93629.4	78055	94210.6	106468	94545.6	101148	111104	117523	114016	119181
Q3B7F0	Q3B7F0_DANRE	ube2v1		42647.9	49774.7	40588.3	45355.8	57631.8	64033.6	64955.2	71651.1	41725	64935.7	40917.6	51005.6	57875.1	52804.9	64311.4	57509.6
Q3B7G2	Q3B7G2_DANRE	zgc:123103		270957	267896	287842	276580	135237	140332	243211	242018	190043	167921	269447	268047	227768	223672	317238	323938
Q3B7G4	Q3B7G4_DANRE	apoa4b.1		96739	87488	116362	124583	81524.4	79899.7	111565	120540	45891.2	38178.4	177864	155340	113068	117229	115586	130081
Q3B7G7	SR1IP_DANRE	srek1ip1		30572.5	33866	32372.2	36862	32041.7	27544.9	31817.2	30244.1	22549.2	31233.2	37731.1	35626.6	37890.4	35549.3	28159.4	30813.3
Q3B7H1	GALD1_DANRE	gatd1			9080.24	9458.12	9008.55	8943.88	10288.8	5990.8	5882		14273.2		7939.27			21595	34786.3
Q3B7Q7	NUBP2_DANRE	nubp2			9557.65	7473.67	5592.5	7119.92	6926.59	7744.6	6663.74	10889.9	7839.3	7078.77	9681.05	5576.3		6696.16	6269.24
Q3B7R0	Q3B7R0_DANRE	cyc1		2.08842e+06	1.99186e+06	1.72162e+06	1.68891e+06	1.89836e+06	1.7829e+06	1.72283e+06	1.53157e+06	2.48655e+06	2.2878e+06	2.00786e+06	1.91448e+06	2.0114e+06	2.03906e+06	1.69866e+06	1.71366e+06
Q3KR14	Q3KR14_DANRE	ppil1		56546.1	60669.7	74034.6	67981.6	70506.3	74152.6	66834.3	72677.7	49103.5	74416.9	63587.1	70018.5	55875.5	65110.4	89063.5	94736.4
Q3LGD4	RFP4A_DANRE	rab11fip4a			9807.69		12088.4					11493.1		16824.5		15645.1	13369		
Q3LTM3	Q3LTM3_DANRE	itgav		33227.7	35182	34640.3	32545.2	35037.2	32818.5	32254.6	31398.4	34103.4	41219.5	36781.5	32456.6	36030.8	35880.7	37460.8	42758.8
Q3MU74	Q3MU74_DANRE	c3a.2		147188	142252	158293	159209	116158	114071	182360	177237	105728	101337	150971	150420	125496	125597	127184	136397
Q3S344	Q3S344_DANRE	gfpt1		38850	38661.6	31545.5	34036.7	38235.6	36517	41306.4	44597	44000.8	43951.9	38919.1	36224.7	34339	33473.3	39752.2	46926.7
Q3YAA0	Q3YAA0_DANRE	itgb1b		63023.8	58275.7	74431.3	79971	62857.5	59064.6	40719	41977.2	36934.8	40453.5	64669.5	68364.5	47468.5	46113.2	84701.3	89677.1
Q3ZB93	Q3ZB93_DANRE	sgcb		31664.2	32357.1	26545.3	32079.1	26919.3	29581.2	25210.7	26109.4		17059.1	31919.2	30757.4	33776	34542.2	33941.1	32283.4
Q3ZB95	Q3ZB95_DANRE	mpi		110096	121680	127083	132572	116406	133302	106046	116659	133313	168651	112582	117755	95322.9	103165	129681	150803
Q45QT2	Q45QT2_DANRE	tmsb4x		5.14175e+06	5.2769e+06	6.23114e+06	6.01167e+06	5.0074e+06	5.32842e+06	4.44128e+06	4.59799e+06	4.57288e+06	4.4746e+06	5.10153e+06	4.91323e+06	4.52701e+06	4.62819e+06	6.60099e+06	6.79402e+06
Q498P2	RT35_DANRE	mrps35				26139.1	21980.4	11902.6		12245.3		39521.9	24744.2	26105.3	28294.4	25779.4	29853.7		
Q498V7	Q498V7_DANRE	psph		40082.8	40152.9	35335.7	31911.4	35938.7	37090.6	35847.6	35652.4	44380.2	36721.8	37755.6	40638.1	43505.9	40232.9	36852	35345.5
Q498W6	Q498W6_DANRE	ndufa12		300017	290570	375841	368490	366335	371315	330310	355826	490687	461643	322812	323776	304750	329820	324111	346574
Q499A2	Q499A2_DANRE	plgrkt		153371	148654	164729	148017	99501	104388	141341	147452	100655	97750.8	70216.7	69593.4	148124	147081	185397	197587
Q499B1	Q499B1_DANRE	pora		50861.4	47462	45700.5	47034.1	46680.7	44585.3	46168.3	44086.2	40543.6	47632.3	51115.8	45681	50588.5	48132.6	43346.2	42143.5
Q499B2	Q499B2_DANRE	spcs1		23841.5	17172.1	21751.9	23594.2	22441.6	26838.2	24955.4	24449.8	35391	26011.4	15013.4	17124.4	11557.9	11241	26159.1	26117.2
Q49HM9	GRK7A_DANRE	grk7a		562826	557593	659658	640154	713597	727908	719005	707839	650312	666597	608495	611560	640865	622185	675834	727230
Q49HN0	Q49HN0_DANRE	grk1b		206392	209162	236506	242556	285908	281825	244423	239294	201389	206483	210765	216201	235345	235979	173362	162423
Q49SH1	NCKX5_DANRE	slc24a5		25690.3	26012.5	25111.7	26179.5	25075.3	22435.5	25995	25918.5	10695.4	27927.1	14417.8	17581.6	24449.2	26122.1	17159.6	15528.8
Q49U75	Q49U75_DANRE	arhgef11		3033.72	7545.19	7445.85	4664.62	5958.47	4558	3702.66	4224.46	5492.42	4141	4253.52	4437.07	5877.58	5219.21	3179.63	6592.11
Q4FIV6	Q4FIV6_DANRE	slc6a9		45115.5	49922	50532.9	50515.4	52823.7	43428.5	46168.4	48990	80227	44012.4	76795.3	68164.6	45697	44071.4	56206.1	74241
Q4G000	Q4G000_DANRE	ubqln4		41656.6	35547.9	33005.7	33824	36218.2	32650.7	40903.3	42679.9	37428.2	35461.4	37150.3	50525.1	39548.8	33881.1	38929	38780.6
Q4G0A0	Q4G0A0_DANRE	vps11		20104.4	17001.4	22146.7	20421.1	16227.3	22945.6	14324.1	23310.1	25001.2	26155.1	21400.3	19535.4	21711.2	15340.7	19327.3	18122.3
Q4G5V7	Q4G5V7_DANRE	rtn1a		224358	223663	201813	196902	198710	197624	204462	205730	226074	240893	222353	218787	202918	206645	200354	196454
Q4G5W2	Q4G5W2_DANRE	rtn4a		773479	784273	769408	778342	764565	810210	750574	770920	800628	898118	728015	760686	680937	713347	678744	675330
Q4H4B6	SCRIB_DANRE	scrib		16214.7	15703.6	19035.1	17869.4	20517.2	22917.8	20159.6	19406	16248.4	19819.1	15945.6	20261.2	19045.2	19246.1	27377	26555.4
Q4KM14	TSP1L_DANRE	trnau1apl		24538	27255.9	31308.9	30323.3	25365.9	23799.7	25760	35695.5	33428.1	26763	35871.3	30514.9	29817.6	31517.2	38269.5	40033.3
Q4KMC9	CA198_DANRE	wu:fa18f11		19299.9	15620.2	13554.3	20613.7	21656.8	19779.6	19669.4	20861.5	17825.2	14431.9	18209.3	18525	25333.8	22609.2	18108.7	16237.4
Q4KMD0	Q4KMD0_DANRE	coro7		14171.8	13093.5	16422.7	18575.4	16553.6	20275.8	17632.3	16162.8	13950.1	15243.7	17140.1	14692.9	14694.5	16610.9	19831.6	23465.9
Q4KMD2	Q4KMD2_DANRE	exosc3		17449.2	15770.9	18300.1	19037.4	20469.6	18299.4	20398.9	19425.8	14556.4	17270	22263.4	22267.2	24516.5	23649.4	18337	20305.2
Q4KMD4	Q4KMD4_DANRE	tmx4		71596.2	80660.8	82525.7	78634.8	88106.6	83020.2	72191.1	80831.3	55697.9	85429.5	67794	68802	112259	120779	113496	117546
Q4KMD5	Q4KMD5_DANRE	lpgat1		48025.9	43802.3	42380.7	41356.1	47993.9	38476	42396	44114.1	32864.6	34206.6	40426.8	35648.1	38794.4	43145.4	34170.9	26438.8
Q4KMD7	STPAP_DANRE	tut1		11682.6	12013.3	23844.2	25175.1	26686.3	25723.7	27887.2	17679.2	20751.1	15326.4	19335.3	17776.9	35020.1	30440	18143.7	20243
Q4KME6	GGYF2_DANRE	gigyf2		16378.5	19904.8	14834.8	15748.2	23991.9	19876.5	19562.8	17973.4	11804.7	15897.8	21948.2	19313.6	23359.8	19395.1	16684.4	19583
Q4KMF4	Q4KMF4_DANRE	rrp12		6345.45	11072.2	10993.1	5944.73	13890.8	6184.91	9510.42	11040.6		9444.37	9951.18	13513.6	10741.1	7818.5	8792.36	6522.38
Q4KMH6	Q4KMH6_DANRE	rcn2		23863.4	19957.7	16143.4	18753.6	17736.8	17131.3	17573	17931	25958.2	18741.4	19164.9	21384.2	20747.5	19097.6	20309.7	21695.2
Q4KMH7	Q4KMH7_DANRE	eml2		322321	321361	320023	317347	247781	248744	279139	265453	270313	239894	337764	327334	326675	332479	336497	358183
Q4KMH9	Q4KMH9_DANRE	tmem128		5323.38	5913.94	6915.49		4592.68	5694.67	4749.9	5983.52		7863.94	5109.37	5621.2	5709.29	5223.98	9026.1	5985.19
Q4KMI4	REEP2_DANRE	reep2		11676.9	9183.36	9552.87	11594.5	12160	8651.2	9517.38	10988.8	8754.45	8654.8	15289.4	15726.2	11365.6	9293.96	10321.4	6495.72
Q4KMJ5	Q4KMJ5_DANRE	nif3l1		40062.9	36958.4	39239.9	24217.1	42859.8	44323.2	39134.6	38592.5	34983.9	31891.3	75862.3	52153.2	50453.1	52083.4	38796.5	44493.7
Q4KMK4	Q4KMK4_DANRE	atp1a3b		1.30303e+06	1.35515e+06	1.16965e+06	1.187e+06	1.27801e+06	1.31827e+06	1.20945e+06	1.33885e+06	1.66331e+06	1.58064e+06	1.1838e+06	1.15428e+06	1.2724e+06	1.17487e+06	1.5131e+06	1.63069e+06
Q4L216	Q4L216_DANRE	afp4		101471	101984	95201.3	97466.2	125438	126488	89331.9	94791.6	87254.5	61605.5	80649	81555.7	92748.6	102298	144216	158654
Q4QRC6	ISCA1_DANRE	isca1		11859	13348.2	10545.4		8335.04	8873.55	8084.2	11601	10654.2	11382.9	16065.8	14910.3	14681.3	12829	10757.9	9016.27
Q4QRD6	Q4QRD6_DANRE	ompa		172216	206412	143849	157896	153439	188934	154731	211931	210213	210363	105461	116209	144273	149292	293766	305320
Q4QRD9	Q4QRD9_DANRE	chordc1a		20545.4	20631.8	21874.8	19122			20484.5	18681.9	13284.9	25620	9117.32	10194.3	14223.4	9577.04		
Q4QRF7	LEG1B_DANRE	leg1b		109263	104343	27017.6	28319.2	19624.3	21369.8	27566.5	26276.2	64718.4	62879.1	32377.5	31446.6	37558.7	34121.8	29680.4	27967.1
Q4QRG0	Q4QRG0_DANRE	ewsr1b		112823	125165	136531	132837	142964	134744	122268	124375	116023	135327	133724	129501	131367	139542	136069	152778
Q4QRH7	PEX16_DANRE	pex16		11294.2	13707.2	13909.9	11616.7	16564.1	14537.3	13941.8	13516.2	23157.1	12687.9	16961.8	13739	11876.3	15532.8	13311.9	11325.8
Q4QRJ7	EIF2A_DANRE	eif2a		51528.2	51240	51005.9	49855.4	54166.4	55937	51293.8	52169.7	53662.5	50727.7	49852.8	54746.3	59713.9	53636	58147.7	60745.8
Q4QRK0	MAP11_DANRE	metap1		51307	51388.9	43157.9	41469.6	48840.5	45044	51801.1	49614.9	47163.1	42069	56885.2	49399.4	50521.5	51402.7	46182.6	44653.2
Q4QRM2	Q4QRM2_DANRE	nip2		9206.95	15581.4	8452.93	13657.1	8073.47	17373.6	5699.63	10862	13666.1	27868.9	5822.94	9076.74	6166.18	3689.85	24493.6	15853.3
Q4TVV3	DDX46_DANRE	ddx46		73108	72869.2	72059.2	67794	72017.2	67294.2	79381.7	73039.7	68375.2	70072.5	76115.7	79298.9	76952.7	78825.6	70918.7	67431.2
Q4U0S5	PAF1_DANRE	paf1		18749.1	18588.6	17343.2	16612.3	16716.7	23241.4	21805.6	18468.7	39057.4	29956.6	15598.6	20207	9741.9	18638.2	20535.8	28643.1
Q4U3K9	Q4U3K9_DANRE	ahr1b		6686.42	4725.31	9893.34	9826.89	8529.42	7863.5	4187.09	9451.97		9419.34				5186.15	11868.5	12696.5
Q4V8Q5	Q4V8Q5_DANRE	srsf7b		29305.6	26672.8	34267.2	25532.6	31040.8	26138.7	36324.1	31173.3	27092.4	21559.9	47033.1	39147.3	56536	58749.4	28908.7	28529.3
Q4V8R0	Q4V8R0_DANRE	sagb		639502	659535	604812	610839	718417	744948	772950	822139	347315	434697	543293	566001	833786	801834	635636	694433
Q4V8S2	Q4V8S2_DANRE	rcvrna		1.93152e+06	1.95647e+06	2.17213e+06	2.287e+06	2.17443e+06	2.25282e+06	2.22059e+06	2.22923e+06	2.42776e+06	2.39415e+06	1.97756e+06	1.97493e+06	2.03116e+06	1.98129e+06	2.189e+06	2.34248e+06
Q4V8S5	Q4V8S5_DANRE	acbd7		2.59375e+06	2.49147e+06	2.92494e+06	2.93009e+06	2.80835e+06	2.85528e+06	3.02337e+06	2.97421e+06	3.0527e+06	2.91535e+06	3.12395e+06	2.90812e+06	2.8794e+06	2.9552e+06	2.87829e+06	3.23951e+06
Q4V8U2	Q4V8U2_DANRE	scamp4											34312.5						27669.2
Q4V8U4	Q4V8U4_DANRE	pdf		8172.97	10637	6712.85	7758.24	8275.8	9722.21	9631.92	7214.3	10372.4		11488.3	3665.24	11547.2	7888.04	5082.93	
Q4V8U5	ANO10_DANRE	ano10		26269.8	21893.4	22891.4	20830.2	24512.5	27659.6	28032.4	23631.8	22663.5	20578.5	32174.9	24815.9	27417.3	26491.5	22354.8	20899.4
Q4V8U8	Q4V8U8_DANRE	rab27a		42330.3	39091.1	56025.6	55658.4	47930.9	56864	49621.7	44368.5	45524.6	39351.6	38674.9	39772.8	40551.4	42023.8	65632.5	86040.4
Q4V8V7	Q4V8V7_DANRE	srcin1b		16501.5	18830.4	19259.2	14783.4	14847	17459	18306.5	16396.1		19988.6	19211.6	20945.5	14492.7	14329.9	21680.1	15646.7
Q4V8W3	Q4V8W3_DANRE	lrrc8aa		12541.2	21325.8	15825.6	15631.4	15189	13139.5	15483.7	16199	12972.1	14359.6	14838.9	24942.8	18899.4	16980.6	15424.5	16076.1
Q4V8W8	Q4V8W8_DANRE	snip1		5360.32	4937.87	5416.46	5033.09	5309.58	4519.32	5634.77	5125.16					5389.23	4363.19	5508.17	4335.72
Q4V8X4	ACBD6_DANRE	acbd6		30298	37197.7	36015.4	35663.8	35219.6	41554.7	40233.9	35159.3	52717.4	51791.2	41107.4	39578	36613.4	35807.1	43606.8	43176.9
Q4V8X5	Q4V8X5_DANRE	mlf2		9242.08	13347.6		9145.48	16395.2	13649.5	13591.7			18462.2	15315.8	19730.2	17269.7	17219.4	14299.3	
Q4V8X8	Q4V8X8_DANRE	slc25a29		4227.67		4778.7	5477.56	7524.62	5839.88	5586.47	7534.98	22973.3	16868.6	6482.26				12080.3	13574.3
Q4V8Z1	Q4V8Z1_DANRE	tsnax		41452.4	42810.1	33329.4	33501.2	42496.1	33565.7	39270	42888.5	29264	34867	38501.4	40981.6	48469.6	52366.6	33065.2	33470
Q4V8Z4	Q4V8Z4_DANRE	snx1b		51661.1	58457.8	33222.2	41642.1	33883.1	37611.4	52581	54260.5	41354	47974.4	63096.6	61906.1	68269.5	37109.3	39637.7	35976.2
Q4V8Z6	Q4V8Z6_DANRE	sec62		43694	34072.9	39812.8	37471.9	36526.8	39893.4	36466.2	39960.7	28240.2	32863.4	44566.3	39567.3	45950.2	50583.5	27931.4	23570.2
Q4V902	Q4V902_DANRE	gnsa		40592.6	38518.1	35571.8	32945.4	31164.7	27530.6	36529.8	31043.5	20625.8	22814.8	39810.4	39531.2	40013	38928.2	29308.3	28337.9
Q4V914	Q4V914_DANRE	macroh2a2		871294	915496	1.01204e+06	1.05212e+06	982594	1.03793e+06	932732	941452	1.13794e+06	1.10582e+06	834118	873005	760925	813911	1.25255e+06	1.4512e+06
Q4V916	Q4V916_DANRE	fdps		104898	112432	115132	106492	112065	97209.7	122664	124307	110494	99744.5	102644	104238	100142	95229.2	121508	113566
Q4V918	Q4V918_DANRE	psma3		385518	383360	395697	399060	401262	374687	397574	362220	321418	332373	390099	393154	426954	426436	383338	387951
Q4V920	PACN1_DANRE	pacsin1b		11454.2	14006.2	11553.4	13282.9	12338.3	8877.24	10287.6	14531.2		14763.9	13335.5	14167.1	14395.5	12585.1	10482.5	13213.1
Q4V942	Q4V942_DANRE	g3bp2b		50776.9	51209.6	41397.1	36857.6	48661.3	41070.4	61966	59778.3	42593.7	47697	67262.4	67910.8	74850.2	77426.5	37744.5	35935.2
Q4V946	Q4V946_DANRE	rabggtb		48856	44602.2	43411.3	44605.7	39103.9	34259.3	44313.3	39363.6	34416	39364.5	47677.7	51767.3	53030.5	54305.1	35353.1	29860.2
Q4V947	Q4V947_DANRE	map2k1		286891	228660	262342	190397	212907		226005	222714	297074	267258	279709	241239	193657	193537	306448	326374
Q4V966	Q4V966_DANRE	septin7a		28916.9	30627.4	30350.7	29836.1	32431.7	26892.7	29454.4	25771.2	39512.8	28369.6	31363.4	30702.1	32172	33540.2	28878.7	28840.7
Q4V984	Q4V984_DANRE	rab1bb		22578.6	30528	34180.8	32925.4	39229.7	44724.2	34525.2	32282.3	47706.1	50756.4	42081.5	36585.8	32074.5	62352.2	33754.6	41808.6
Q4V9A4	Q4V9A4_DANRE	neu3.2		24867.2	25570.5	27049.8	25516.1	24554.3	23736.6	26366.9	24602.5	19930	16932.7	27773.8	28610	26232.1	27551.9	36996.8	36290.5
Q4V9B9	Q4V9B9_DANRE	pak2b		15350.1	17311.8	17138	11523.6	21224	18225.6		13980.3	11407.6	18489.7			24541.6	16348.5	18757.8	
Q4V9C0	Q4V9C0_DANRE	si:busm1-57f23.1		27457.6	22198.1	26702.4	25300.3	28435.9	30710.4	23575.7	20460		23973.7		18280.4	21182.6	24788.8	18683.1	20512.4
Q4V9D6	Q4V9D6_DANRE	zgc:113828						32757.8	30154	24951.1	23727.6	15262.4	15573.4	32973.8	33824.8	15304.1	14129.9		
Q4V9E0	Q4V9E0_DANRE	fmoda		78758.1	92596.2													58215.9	56851.5
Q4V9F5	Q4V9F5_DANRE	bloc1s5		20936	15489.1	19385.7	16108.3	18409.1	21955.5	15798.3	20693.8		24921.3	16330.3	19450.1	21485		28437.4	24290.7
Q4V9H6	Q4V9H6_DANRE	fam210b		35576.8	39911.4	38763.7	39259.8	38818.9	43961.8	34778.9	39820.4	33221	56718.2	26716.3	32370.3	20030.4	19219.6	47568.1	43811.5
Q4V9I5	Q4V9I5_DANRE	srp14		15608.7	16160.1	19220	18050.7	21849.1	19442.8	18803	18165.4	35054.3	39423.4		18174.6	21479.1		29634.5	31657.4
Q4V9K2	Q4V9K2_DANRE	fgd		14002.8	14063.2	13986.1	8632.81		15469.7	13429	11570.8	10119.3	15897.8	13797.7	16626.2	13706.5	10346.6		22044.3
Q4V9N1	Q4V9N1_DANRE	tsn		106074	93844.2	95827.6	86993.7	90178.9	85751.9	93009.4	97826.5	79216.9	81448.3	109066	105688	115718	117654	96164.5	96478.7
Q4V9N9	Q4V9N9_DANRE	eif1axb		152718	153364	150573	145202	148505	142341	143615	142602	94219.5	110469	109422	106614	115087	124843	127771	119274
Q4V9P2	Q4V9P2_DANRE	qrich1			12175.2	13817.2	18871	8019.85	14948.3	9998.91	8682.83	18050.7	14130.7		9402.62		5137.35	21393.5	19843.7
Q4VBH5	Q4VBH5_DANRE	gna13a		33001.7	36719	36395.1	32248.4	38744.1	35800.3	35036.6	38797.4	46107.7	41882.8	33365.6	31035.3	38715.7	36254.8	36454.2	39528.5
Q4VBH6	Q4VBH6_DANRE	anxa13l		142959	136523	81430.1	77819.6	122199	123382	97242.5	94437.8	77503.6	82792.9	96407.1	100009	124871	127320	81540.6	90766.8
Q4VBI2	IR3IP_DANRE	ier3ip1		191648	185571	235783	293892	262974	283156	295848	264045	309604	295292	225138	222578	135824	139157	194632	251312
Q4VBI5	Q4VBI5_DANRE	ndufa2		624230	582641	633666	635892	668910	642781	700877	667021	787586	677448	756134	739052	788460	740641	509872	533961
Q4VBI6	Q4VBI6_DANRE	tubb2		434439	543842	422789	556899	383434	451110	442108	407719	669473	831216	425898	288308	451176	599787	851741	1.16252e+06
Q4VBR6	Q4VBR6_DANRE	bcap29		21685.2		28309.2	25478.5	21632.7	25606.3	25899				15743.4		21673.3	14004.6	17042.1	
Q4VBR7	Q4VBR7_DANRE	nmt1a		62057.9	55765	66506.2	64617.9	68732.2	66591.9	64550.9	62958	62876.5	63454	57383.7	57222	72360.7	73684.2	57009.9	58337.7
Q4VBR8	Q4VBR8_DANRE	psma2a		10270.2	15034.9	12976.4	15530.8	16983.1	15322.1	21191.7	19501.3		13521	8846.58	13352.5	10007.9	10955.4	17929.8	13813.6
Q4VBU0	Q4VBU0_DANRE	bckdha		134221	131357	121159	130364	120339	129578	122463	116947	155745	172056	143546	141109	111864	128925	142483	154792
Q4VBU5	Q4VBU5_DANRE	polr2j		20459.2	23147.3	19358.2	20127.7	16192	17500.9	25530.4	23905	10744.6	15702.5	23446	21435.4	22403.1	23263.4	15076.9	13372.5
Q4VBU7	Q4VBU7_DANRE	cox5aa		290790	338021	331079	316453	324399	333320	351822	370224	302745	362625	200777	217975	159824	217649	309403	317137
Q4VBV0	Q4VBV0_DANRE	wdfy1		62588.3	64867.9	65780.1	66104.7	69258.5	65223	70668.8	65721.1	63281.2	66944.7	62482	59831.8	60786.5	54721.9	63122.8	55700
Q4VBV1	Q4VBV1_DANRE	uqcrb		492089	523920	439292	440981	498470	495422	521411	513176	508557	598598	426317	444591	517478	514109	516490	555525
Q4VBV2	Q4VBV2_DANRE	rps27.1		1.98335e+06	2.12402e+06	2.553e+06	2.45015e+06	2.06856e+06	2.0839e+06	1.95331e+06	1.88872e+06	2.87637e+06	2.25449e+06	2.1093e+06	2.0971e+06	2.37042e+06	2.25389e+06	2.23718e+06	2.69158e+06
Q4VBV9	NIT2_DANRE	nit2		97453.7	110175	90051.4	92737.8	61316.2	62005.7	79348	78192.1	117232	139213	70014.6	58464.6	96888.2	119206	98136.4	113838
Q4VBW0	MTX3_DANRE	mtx3		8322.25	6867.15	9057.14	8450.19	12979.2	7755.97	6921.62	8890.12		12378.3	11219.7	9340.69	8639.88			
Q502B2	Q502B2_DANRE	vkorc1l1		6750.31	6817.87	7200.2	8513.69	9411.79	8601.36			16116.8	13780.4	7004.81	6894.1	5361.15	5182.03	14203.7	21166.7
Q502B7	Q502B7_DANRE	mcee		62998.4	72242.4	67522.3	69358.1	69132.1	76472.3	74667.8	83355.1	63605.2	91867.6	45403.4	64092.3	59451.7	57653.9	80155.2	81173.3
Q502B9	Q502B9_DANRE	clpp		38168.6	36386.6	37567.4	44997.9	33983	43924	31970.1	36217.4	44534.6	39156.6	40262.3	35167.7	34896.4	36604.5	44256.6	49017.1
Q502C0	Q502C0_DANRE	zgc:112332		19580.1	23282.3	26470.1	19229.8	20583.9	20110.5	15927.1	22382.4	13475.6	13963.5	20078.1	21255.4	25041.6	21906.9	25163.4	24557.6
Q502C6	Q502C6_DANRE	pde6ga		251113	243104	288255	273694	277858	271303	286185	242418	138173	286688	280122	366636	487478	487030	364607	386645
Q502C8	Q502C8_DANRE	prdx5		619834	708732	736350	769995	790758	911087	693698	771617	1.00234e+06	987878	620524	591264	370208	392781	912385	1.10251e+06
Q502E4	Q502E4_DANRE	ndufs4		203993	199594	221479	214324	214322	222128	215244	217427	201122	230390	264789	252379	236080	230039	163534	144152
Q502F6	Q502F6_DANRE	zgc:112271		22297.2	23759.6	25761.7	33170.7	27009.7	31052.8	23970.9	31739.2		22591.5	25097.1	24846.2	23772.5	24293.9	34948	34034.9
Q502G6	Q502G6_DANRE	sptlc1		18366.2	17100.5	22227.9	23807	22959.5	26324.6	20268.1	21703	13018.4	20825	19006.8	21765.7	15824.6	15424.2	31930.6	33543.5
Q502I9	FCHO2_DANRE	fcho2		21080		11934	14370.1	11590.4	14000.6		10513.5		13701.9				11329.3	17570.4	12918.3
Q502J1	Q502J1_DANRE	napba		374619	368705	388483	396289	348327	332383	339843	345472	402082	390166	442935	449011	377418	382440	376572	388330
Q502J7	DCTN6_DANRE	dctn6		34842.3	41696	36311.2	42902.3	25020.5	34956.7	32866.2	39335.6	35036.1	35477.8	35226.2	34630.7	30206	35603.5	46872.9	43014.4
Q502J9	Q502J9_DANRE	mrpl30		36629.8	26000.4	36153.7	25634.4	24050.1	21609.8							23924.3	32120.1		
Q502K1	EXOG_DANRE	exog		9543.35		10104.7		7350.67		11276.2	12773.6			10089.4	14769.7	13494.3	15047.3		
Q502K2	SAMH1_DANRE	samhd1		39591	36296.4			24721.5	19322.4	31630.3	22513.4	17081	11796.4	22910.3	23227.6	31534.5	23769.4	22106.5	
Q502K9	SELT2_DANRE	selenot2		31288.8	28947.9	30959.4	29832.8	28410.8	26512.3	28945	20364.8	18673.7	21193.4	28705.8	32737.2	33121.5	31637	22295.5	11637.1
Q502L1	ACB5A_DANRE	acbd5a					10553.4	10769.9	13141.2				21136.4			6159.37	5339.94	12919.6	24513.3
Q502L2	PGAM5_DANRE	pgam5		34414.7	36528.5	35020.1	29786.1	30980.4	34070	34064.4	40310.6	41233	44181.5	32253.9	37908.8	37298.8	38535.7	32055.6	34437.7
Q502M9	Q502M9_DANRE	elocb		196275	196963	202625	217954	203578	217105	200265	193695	197197	198754	177153	192301	206944	213642	223202	227920
Q502N9	Q502N9_DANRE	rragca		34400.9	34729.7	30888.6	24888	33375.7	38996.4	35727.6	33108.6	19089.3	30504.7	31088.2	36190.1	38094.9	33778	35919.3	37826.9
Q502P0	AR6P4_DANRE	arl6ip4		14401.4	7225.83	9691.7	13038.7	11671.8	11210.5	12175.7	14006.1					11885.9	10444.8	7763.89	
Q502P2	Q502P2_DANRE	homer2		43760	42193.8	36353.3	34758.8	36407.5	35761.4	38523.4	38680.8	48195.5	40088.9	42442.6	40455.5	42688.5	42436.1	41216.1	38299.5
Q502P6	Q502P6_DANRE	ndufs5		191256	181764	207265	212098	223748	216588	219099	235035	257653	238346	202724	215716	234477	234673	173014	188775
Q502Q0	Q502Q0_DANRE	rab12			6070.69	8232.38			5516.47	6549.89			8116.02					10827.5	8389.07
Q502Q7	Q502Q7_DANRE	prph		24320.1	26120.7	26493.6	26057.6	26692.5	26817.7	25041.7	27195.7	41404.4	38817.7	25831.1	28405.3	24610	23086.7	40087.2	48283.4
Q503C0	Q503C0_DANRE	fkbp3		139082	131660	165606	156188	133175	126827	132154	126324	106614	127600	129374	138445	141926	143933	158871	160628
Q503C7	Q503C7_DANRE	pygma		40947	49466	36207.6	42469.7	48790.8	36306.2	42313.1	34871	58810.1	39799.2	43771.6	45326.2	33802	41652	55456.3	58898
Q503C8	NUDC1_DANRE	nudcd1		23338.2	23730.3	24034.3	21852.9	24717.9	25805.3	22114.6	15478.4	26256	14871.4	28335.5	24011.3	19580.7	25359.4	20375.4	23484.6
Q503D5	Q503D5_DANRE	vbp1		14328.2	17242.2	19584.1	17114.8	15475.6	16413.5	16948.8	18105.4	12759.3	16173.7	16962.6	17356		9583.29	21095.2	22514.2
Q503D7	Q503D7_DANRE	rbm14a		21075.3	22053.6	24340.1	26356.6	19494.4	22985.9	21451.5	23679.1	20293.7	24865.4	26424	19250.2	15678.2	22394	26818	22489.6
Q503D8	Q503D8_DANRE	txndc12		225580	228704	208668	209638	209660	207080	182996	200866	144656	155330	217360	196291	261190	268290	200370	178132
Q503E2	Q503E2_DANRE	prep		85523.4	85052.9	87986.8	89104.9	101783	100515	100572	101058	133929	125172	99903.3	103765	94416.8	89617.1	101381	110464
Q503E3	Q503E3_DANRE	prmt5		29989.9	33302.1	31187.6	33814.1	29664.5	28487.4	32610.2	29054.1	19969.1	27716.8	27195	30591.7	33077.1	32097.9	22667.3	24452.5
Q503E9	IMA6_DANRE	kpna5				14006.4	12805.2	17501.6	20265	7593.94	16173	43712	32020.7	14943.9		9466.45		27741	34572.8
Q503F8	Q503F8_DANRE	crot		51372.2	53633.7	48506.7	45341	81431.9	78898.4	87749.9	83263.6	75498.3	74034.8	64085.1	65036.9	64032.3	57992.7	49419.5	48493.7
Q503F9	Q503F9_DANRE	pudp		35938.5	40084.2	38266.1	38094.4	43868.5	40775.3	44139.9	43720.8	47619.3	49041	49019.4	43549.4	43556.9	39208.6	37142.4	26430.3
Q503H8	Q503H8_DANRE	tspan2a			12065.2	16369.6			22891.3	9595.03	20887.1		48807.1					51710.6	78996
Q503I8	NGLY1_DANRE	ngly1		20458.1	17021.9	15461.3	16967.6	21168	22059.2	18583.7	14766.1	18377.7	16965.9	20318.4	18121.7	21955.1	21345.9	20647.9	17701.7
Q503J3	Q503J3_DANRE	tmpob		339281	332507	381494	369936	336959	351171	356539	361146	382456	374987	395271	405290	377565	366060	407975	431272
Q503L9	NXN_DANRE	nxn		17418	16786.4	11928.3	10237.1	15325.7	13344.5	18151.4	12748.6	11125.9	12282.9	14340.1	17561	18787.3	18249	12170.9	13459.1
Q503M9	Q503M9_DANRE	zgc:110425		413438	448958	592818	580272	521877	552977	563825	542156	368628	393293	499913	514978	601095	602151	797914	1.24133e+06
Q503N6	Q503N6_DANRE	syngr3a		31808.3	43614.9	40628.6	41420.5	49193.7	59068.9	40650.6	45492.7	54687	70072	22491.1	17905.6	16292.8	18314.5	55676.3	62128.9
Q503P4	Q503P4_DANRE	itih3a.1		18058.5	16496	30024.5	27784	21776.1	19813	33371.1	30492.9			34853.4	27991.8	39214.7	39582.2	37110.2	36555.1
Q503Q1	MIEAP_DANRE	spata18		41116.7	40970.2	28768	28642	34750.3	34091.1	28984.2	29305.6	34487.2	34003.3	43251.1	44994.1	70236.9	73596.4	31008.2	28597.5
Q503S6	LTOR3_DANRE	lamtor3		8734.51	7076.37	8832.29	9223.33	12673.1	13283.7	7320.27	9141.5	11588.3	13371	12916.6	12499.8	6847.88	5830.75	13108.5	9773.97
Q503S9	Q503S9_DANRE	impa2		13432.6	15812	40583.5	22362.6	26653.5	31539.5	19990.5	21791.3		22797.8		10529			56400.9	61008.2
Q503V0	CHMP6_DANRE	chmp6		25501.9	30467.7	26925	30899.4	33379.7	34418.6	29180.8	32224	39191.9	30542.2	35829.1	25526	24516.2	26956.8	32368.5	38664
Q503V1	CYBR1_DANRE	cybrd1		10039.5	10077.9	10191.8	12402.3	8329.38	8900.14	6431.8	5261.66		7167.57	10917.4	9583.33	7892.24	8223.39	8033.16	6466.79
Q503V2	Q503V2_DANRE	apoea		12538	8389.85	45910.3	47534.1	22653.8	21720.6	51079.1	50234		8441.3	80266.4	80723.5	55490.3	53420.2	47340.9	44716.2
Q503W7	ATD1B_DANRE	atad1b		14560.5	9727.73		16315.2	12766.9		12317	10681.6		19577.2	15704.8	24334.6	11754.9	17372.5	20562.6	27819.1
Q503X4	Q503X4_DANRE	mrps17		12156.4		19935.9	19556.7	17748.7	17934.5	19693.6	16117.4	27204.6	20308.9	18246.8	17796.3	23569.3	27148.2	16114.7	19832.4
Q503X5	Q503X5_DANRE	fabp4b		371271	378734	544589	589676	598177	747175	490020	553164	690831	1.07233e+06	460700	435050	457991	461248	843423	1.08235e+06
Q503Y0	Q503Y0_DANRE	endog		13431.3	10247.4			10014	3894.43	17211.4	13273.3	26865.8	18107.7	8122.68	8279.12	5917.71	13658.6	3154.13	3895.97
Q503Y7	PIN4_DANRE	pin4		30365.4	26625.8	33256	23564.7	29108.1	26033.2	32369.5	25821.7	13909.6	17372.5	24682	21637.4	48715.5	48303.4	23783.2	21229.5
Q504A4	Q504A4_DANRE	zgc:109982		14824.8	16452	20723	18427.2	25323.2	22741.7	26736.3	23736	18584	17361.8	24690.8	23886.4	25022.1	27000.1	20786.4	19420.5
Q504A5	TPMT_DANRE	tpmt		51923.9	49199	46482.6	51469	45715.8	53485.6	49259.7	52692	71054.5	59299	45156.2	46458.5	44300.8	43880.6	72506.7	67779.2
Q504B1	Q504B1_DANRE	sub1a		203739	187451	238378	241193	205682	206894	228591	221414	197601	175071	250052	235634	228820	234028	234019	232222
Q504B4	Q504B4_DANRE	cox7a2a		1.24042e+06	1.23573e+06	1.12697e+06	1.14951e+06	1.3005e+06	1.24932e+06	1.22997e+06	1.21145e+06	1.44004e+06	1.48814e+06	1.44917e+06	1.34951e+06	1.26662e+06	1.25583e+06	983630	951379
Q504C0	Q504C0_DANRE	uchl3		109801	109682	103921	106252	98771.9	104997	143092	150659	92528.9	115882	159137	157484	135212	143424	108258	98188.2
Q504C3	Q504C3_DANRE	sarnp		443635	447306	474391	477531	485978	484031	479899	478310	371510	495000	440248	470034	503142	446256	505261	519889
Q504D1	Q504D1_DANRE	mrpl13		26268.9	25349.5	12384.4	15495.8	13650.4	14473.3		8628.83		10899.1		19620.5	22523.1		12378.4	
Q504E5	Q504E5_DANRE	fahd1		26132.2	25163.6	41207.1	35225.4	31253.6	33573.8	23897.4	26669.1	41834.6	31782.8	29626.7	24835.9	27451.7	27896.2	29880.6	26070.1
Q504E7	SZRD1_DANRE	szrd1		7549.79	8021.09	13585.6	10944.5	9558.18	13179.8	11214.8	9664.66	5080.46	12703.8	4762.15	5219.75	5496.63		15937.9	14923.6
Q504F5	Q504F5_DANRE	capn2b		101861	89933.2	63614	68364.7	64177.2	64365.7	62262.8	57888.6	41827.1	37167	64639.6	63789.3	64405.2	61346.4	113892	105603
Q504F8	Q504F8_DANRE	pgpep1		14787.7	12819.2	12686.1	11232.6	12681	13275.2	13209.9	12898.5	12558.4	13319.2	17650	11351.9	14161.9	10731	14327.9	16884.8
Q504F9	Q504F9_DANRE	grhpra		89909.3	74476	91136	87606.8	90511.3	98347.5	102708	91082.5	137371	94338.5	89296.7	93732.4	86720.3	90781.3	90730.6	112928
Q504G3	Q504G3_DANRE	cyp46a1.1		30492	27330.9			21058.9	17928.7	20914.1	24197.4		22694.9	27278.1	17987.3	25142.5	33392.8	16512.4	
Q52JI3	Q52JI3_DANRE	crybb3									17382.3			43541.8	47602				
Q52JI4	Q52JI4_DANRE	crybb2		32276.4	26160.4					20737.1	47953.9			73929.7	84943	30191.5	32953.8		
Q52PJ5	DPYL3_DANRE	dpysl3		679090	727540	693719	692305	640039	710710	641033	718083	985498	1.03972e+06	666068	633458	545821	616023	999759	1.15226e+06
Q52PJ7	Q52PJ7_DANRE	dpysl5a		397905	383694	379209	389624	350783	372763	353764	350584	422763	435560	413547	396797	415282	397590	389466	418449
Q52PJ8	Q52PJ8_DANRE	dpysl5b		373986	371003	354041	361737	344135	349346	344491	367222	444112	488859	372094	363048	361996	345393	440267	491000
Q52WY2	Q52WY2_DANRE	cdc42		309157	292087	305580	296109	288534	276395	284062	281765	404781	291403	320859	319606	311141	325419	286129	305510
Q53VM5	Q53VM5_DANRE	ppm1e		219521	210497	174111	168458	195493	184760	199326	185599	230181	234298	219238	223798	228141	214667	189303	180506
Q561S1	Q561S1_DANRE	hsd17b8		9746.97	7893.45	8820.86	10828.8	6559.88	4639.82	9814.6	7590.72	9106.19	7207.01	14033		7127.44	11516.7	9985.84	6172.51
Q561T2	Q561T2_DANRE	ppie		13759	6818.78	15805.3	17108.7	17975.2	16828.5	16251	16844.8		12158.1	12387.6	12587.4		2922.61	12808.8	17115.2
Q561T3	Q561T3_DANRE	kctd12.2		20545.3	24090	30627		33061.8	32278	32238.7	30960.2	34420.7	21831.3	29322.3	35559.1	35849.1	39692.3		
Q561T4	Q561T4_DANRE	npepl1		151897	167301	181694	197221	182491	206982	191188	202992	192416	215843	136872	144196	109548	119388	240090	273656
Q561T8	Q561T8_DANRE	dctn4		45832.5	47119.8	52694.4	49521.6	35546.9	41369.7	45344.6	47028.9	40425.5	52651.7	55606.4	49257.2	54575.1	53129.1	57470.5	56466.7
Q561W9	Q561W9_DANRE	pex19		39890.4	42615	44370.3	39856.5	42200.1	46884.4	43979.6	44719.8	64234	54554.7	53563.6	47595.7	44641.1	40715	58415.1	59696.7
Q561X0	NEPR1_DANRE	cnep1r1		13841.8	8414.78	14460.3	15912.5	12822.1	11431	13848.3	15576.6	9983.68	7843.14	17240.3	18662.3	16999.3	21516.7	7183.62	9089.7
Q561X2	Q561X2_DANRE	tmed9		19050.7	25417.8	31471.5	37030	22463.5	28389.1	17398.7	16155.3	58633.9	91929.1	23815.5	19519.1	21768.8	17126	89106.8	110411
Q561X9	DHRS6_DANRE	bdh2		47776.4	52629.5	57546.2	63665.7	56830	67276.1	54537.7	61920.2	56250.8	66407.2	39108.1	44964.5	36461.5	43067.9	79255.6	82843.7
Q561Y0	DAA10_DANRE	dnaaf10		13056	10698.3	14970.7	11824.5	11474.4	11628.4	15204.4		8941.49	10139.8	12635.8	14090.3	17764.9		12779.3	
Q561Y1	Q561Y1_DANRE	psmd4b		247273	226484	238154	222022	235917	227946	234607	229918	215688	212436	275086	261993	281304	260919	236434	273689
Q564A4	Q564A4_DANRE	bcl2a		28155.7	21488.5	27467.5	23942.1	30637.2	33885.9	18932.5	30651.3	25014.5	29307.3	42811.5	40530.9	39755.9	29712.2	29816.8	28809
Q566P4	Q566P4_DANRE	serpinh2		26952.5	25398	26989	24304.2	18406.3	16578.9	25558.3	27685.6	23962.8	21910.3	27591.8	25118.4	16003.7	23493.1	38112.8	41660.5
Q566S4	Q566S4_DANRE	ndufs3		231587	236186	243710	247395	237926	237276	241562	242230	239751	241905	244933	235107	264299	257894	192773	206646
Q566S6	DRS7B_DANRE	dhrs7b		78945.4	86340.2	89976.3	90429.1	78057.9	73634.5	73649.1	74166.6	80901.6	98132.6	78737.8	83526.7	97599.9	97442.5	60515.6	57459.4
Q566S7	Q566S7_DANRE	mrps18b		30149.3	17264.8	13840.7	23879	14293.5	19614.6	21816.2	16867.6	27517.6	21486.4	30431	29190.5	31576.1	31296.2	18557.2	18768.8
Q566T5	Q566T5_DANRE	prmt3		17474	11956.9	18005	20017.5	15838.8	20100.5	16899.9	21815.4	10865.4	12646.6	24432.4	21914.7	25431.5	25050.9	15578	10403.2
Q566T6	Q566T6_DANRE	lgals3bp.2				65636.7	66088.9	57433.2	50211.7	42652.4	41698.2		10075	31595.9	30655.3	21078	20502	78801.2	75653.6
Q566U2	Q566U2_DANRE	nsdhl		14698.7	12569.8	14422.4	9104.38	11807.9	13669.4	17605	17279		13408.2	24561.9	18776.1	15379.7	18500.6	14941.1	
Q566V0	ARCH_DANRE	zbtb8os		38038.2	35243.3	38192.1	36548.6	35125.6	31140.9	37001	31689.2	24583.4	28397	29719.2	32156.4	34405.4	28949.1	38590	34345.3
Q566W5	Q566W5_DANRE	frg1		39423.8	50148.6	46712.9	46748.6	45504.2	47053.1	39623.3	46519.6		43130.5	51239.5	42512.3	50242.7	48889.6	41058.7	
Q566W6	Q566W6_DANRE	cirbpa		758234	714781	696882	778618	879234	871873	1.13632e+06	1.21252e+06	909611	896654	709619	753175	831460	814293	737562	789955
Q566X4	Q566X4_DANRE	alkbh7		15170		14444	15917	11396.1	11744.5	15219.7	11073.1	11605		16986.2	16159.5	9082.6	20850.8	12629.7	9297.42
Q566Y1	ELP4_DANRE	elp4		16776.5	25393.5	21597.3	24741.4	20102.1	17518.5	16560.6	22541.6	26200.6	21548.7	20683.5	16410.3	14072.6	16018.9	15192.9	14469.4
Q566Y4	Q566Y4_DANRE	higd2a				2877.18	2642.17	3230.22	2259.89	2574.52	2647.56	3294.39	2996.82	1588.87	2974.57	2070.91			
Q566Y8	MGN_DANRE	magoh		168345	171450	173380	179097	170661	193808	172647	210511	132377	183791	165356	159345	180766	189455	212266	227746
Q566Z9	Q566Z9_DANRE	arf4b				81546.6				64545.7	69161.6	93606.6	74258		47878.3	62342.7	51661	110510	
Q567A1	Q567A1_DANRE	gpd1a		22026.6	18295.8	19481.2	25723.3	20316.9	20100.3	38039.6	36336.1	32729.8	31611.1	15228.2	17064.1	29125.2	22794.2	13394.6	14177.5
Q567C7	Q567C7_DANRE	pecr				5116.02	6460.18		5950.55			7076.83	8393.21			5318.52	4071.51	12288	22231.3
Q567D1	Q567D1_DANRE	prkar1ab		131951	133327	116817	117230	112527	105665	133364	133448	74632.4	87212.1	124436	121382	150573	143872	94184.9	93486.8
Q567D4;Q7ZUB6	Q567D4_DANRE;Q7ZUB6_DANRE	mpped2;mpped2a		22317.1	20300.2	10264.4	11250.1	17730	18561.7	22613.2	15752.4		22652.2	17512.1	16829.7	15426.6	16112.3	15020.3	18546.6
Q567D7	Q567D7_DANRE	slc27a4		63511.1	62335.3	65875.7	69215.2	61083.5	65740.2	66596.2	64860.8	93562.8	79377.3	72712.6	67728.2	67453.2	66447.8	63691.2	71092.4
Q567F7	Q567F7_DANRE	ube2g2		14026.9	16662	27036	21664.1	27084.7	17421.8	14824.1	28219.6	33820.3	20675.8	24758	18431.6	14039.4	15298.3	26744	24537.2
Q567F8	Q567F8_DANRE	cops6		71275.9	68438.7	69085.3	65599.1	71246.7	70717	68173.8	70197.1	66440.3	57918.8	70562.6	69515.9	71364.6	69064.3	64192.1	60320.4
Q567G0	Q567G0_DANRE	hmgb3b		69837.5	73173.8	77191.9	76036.7	92337.6	87535.7	101296	107470	84282.5	88696.4	69369.9	71350.8	97746.3	101742	65377.6	69361.9
Q567K2	Q567K2_DANRE	esd		155717	154163	158865	165494	158652	156542	133993	127847	165259	181059	115617	125699	126268	124548	177186	189181
Q567K5	Q567K5_DANRE	dcxr		25055.2	22303.1	19310.3	18772.2	31421.6	29657.4	31886.7	29590.4		8753.65	29513	33954.6	13561.1	11869.6	20901.8	23749.9
Q567N5	Q567N5_DANRE	rpl6		681601	650397	731662	756375	753783	752282	859268	797834	813010	767119	736157	680948	697288	767506	656631	761365
Q567V5	Q567V5_DANRE	snrpd2		76592.7	77644.3	77377.9	75420.8	87183.8	86821.5	106556	96318.4	81576.3	69942	63799.2	61324.2	75277.4	80147.8	94816.1	124940
Q567V6	EIF3K_DANRE	eif3k		81433.6	83525	91329.5	87625.2	82812.1	84827.2	81390.3	81409.3	100749	93220.5	75747.6	80408.3	84355	86181.4	95138.7	123589
Q567W4	Q567W4_DANRE	mrps25		22518.1	25894.5	34003.4	27551.2	24871.4	24145.4	30883.9	26109.1	36118.5		31608.2	34453.8	31518.5	29052	27920.1	31396
Q567W8	Q567W8_DANRE	ppp1r14aa		23334	23421.3	23925.6	23136.4	21999.4	20812	22661	19458.1	29667.5	27066.1	18455.5	18506.8	17974.3	18386.1	22372.8	23441.2
Q567X3	Q567X3_DANRE	gnpda1			20790.8		17406.4	20998.6	14660	21176.3	14490.5	17621.3	14043	28473	18323.9	25288.4	28959.6		
Q567X7	Q567X7_DANRE	pdlim1		57856.1	57654	64241.4	66981.1	65471.2	53730	52672.1	45020.8	36873.6	38060.3	75107.2	75567.5	57925.3	49516.1	65238.3	64936.1
Q567Y2	Q567Y2_DANRE	rgra		87030.3	102515	123473	117114	112608	125536	111944	137397	112231	115134	70229.6	69731.9	81460.6	73794.4	109711	103381
Q567Y3	Q567Y3_DANRE	stx6		21364.4	22418	18285	15412.4	17006.6	18625	15740.1	17073.9	16860.5	24831.3	21016	25241	16236.3		28174.3	21154.6
Q567Y4	Q567Y4_DANRE	ndufb9		300385	296093	246920	256293	355194	342212	620777	621121	356300	381165	288671	314438	444670	474414	192927	178794
Q567Y8	Q567Y8_DANRE	ppp2caa		58378.3	58825.2	63827.4	60836.2	64119.4	68704.8	51872.7	61628.7	99441.4	83285.9	74943.4	75586.9	60322.1	62754.1	77582.4	87130
Q567Z7	BUD31_DANRE	bud31		7592.55	10677.2			7038.47	6336.13	15412.5	11638.3			3929.16		12316.4	10808.7		
Q567Z9	Q567Z9_DANRE	commd10		6174.92	14357.2	14690.7	12925.8	13606.7	15312.1	14142.2	15952	7772.22	13761.3	11578.4	13185.1	10838.4		10603.2	13386.8
Q568A0	PKRI1_DANRE	prkrip1		9418.82	10844.4	8550.42	9210.22		13951.6	11167.2	11742.5	17437.5	11908.2	17878.8	14333.6	17535.6	14984.6	8145.32	10750.1
Q568B3	Q568B3_DANRE	septin10		66835.7	69856.2	83552.3	90420.3	62692.3	72328.5	60157.9	59868.5	58987	71566.9	62926	61128.6	53773.7	53322.8	80974.4	96865.1
Q568D0	Q568D0_DANRE	histh1l1		953216	997994	1.43427e+06	1.52075e+06	1.27434e+06	1.43833e+06	1.29327e+06	1.55419e+06	1.17235e+06	1.3344e+06	1.02972e+06	961121	1.4154e+06	1.31713e+06	1.4407e+06	1.65861e+06
Q568D8	Q568D8_DANRE	arhgap1		739977	721800	570276	559151	610527	571900	637725	617563	719085	662223	704936	705494	733482	726746	549173	553538
Q568E7	Q568E7_DANRE	zgc:86794		37535	39673.4	28575.4	29665.7	35347.8	42847.4	28846.1	35519.1	95562.7	71867.2	46550.5	47919.9	66953.1	59616.2	59612.1	67443.2
Q568H0	Q568H0_DANRE	epcam																27642.6	25612.2
Q568H8	Q568H8_DANRE	polr2h		55989.3	49396.9	58913.8	56807.4	67106.6	60859.1	62106.9	62572.6	53531.4	71521.6	55155	52895	59988.7	64197.1	53897.8	52513.5
Q568J5	Q568J5_DANRE	lypla1		32849.1	30822.9	29652.1	30430.1	29883.9	32832	32836.3	38947.4	40510.4	46156.8	13181.3	14070.5	26653.4		22649.7	27809
Q568J7	Q568J7_DANRE	icmt		118286	83117.1	91339.1	70515.4	87507.8	76419	102783	87858	45268.1	41441.7	95805.2	78588.5	132587	104993	64852.8	54973
Q568K1	Q568K1_DANRE	pcyox1		36014.9	31290.6	37235.2	31221.8	36649.3	36659.5	41459.6	34979.1	41146.9	37477.9	37807	34085.9	38257.8	41378.1	29391	28667.2
Q568K2	PP1RB_DANRE	ppp1r11		46885.9	47660.2	48307.6	47377.4	50427.9	41949	50399.4	46286.1	56014.1	41629.6	53183.5	51412.6	50181.7	53278.4	45191.7	41354.9
Q568K5	NAA40_DANRE	naa40		1609.26	1558.93	1689.51		1912.9		2298.79	2262.62			1941.95			1439.5		
Q568K6	Q568K6_DANRE	uros		14957.8	15558.9	24574	19576.1	21746.8	14087.1	19461.9	15599.1	20476.4	9489.25	23619.8	22765.7	26356.5	25379.6	19943.2	16261.7
Q568K9	FA50A_DANRE	fam50a		46093.5	38772.9	54654.4	51371.4	48312.6	47134.6	44736.9	45929.4	44580	49186.9	51888.9	45800.8	49511.4	48976.4	51221.2	52401.8
Q568L5	A1A1B_DANRE	akr1a1b		46185.2	46470.8	54550.9	51203.8	51876	51402.5	53759.5	49695.9	63357.7	43533.9	50771.3	51906.7	43140.8	45159	53290.8	53873.9
Q568L9	Q568L9_DANRE	alad		167542	177725	251045	253797	225932	224599	185410	198783	176349	215089	172319	197718	160322	172108	204748	222747
Q568M0	Q568M0_DANRE	rras2		44282.2	44564.6	31641	31854.9	39305.7	31521	30098.4	29129.7	39917.5	37167.4	43029.6	42121.8	45076.8	41148.8	31805.5	38112.9
Q568M3	CRLF3_DANRE	crlf3		61170	63979.5	34870.7	37298.3	35018.6	37066.8	37733.9	36557.4	44698.2	47617.4	45555.5	41751.4	38813.3	39861.5	37687.6	41168.4
Q568N3	TIDC1_DANRE	timmdc1		23060	24727.6	18888.2	21909.2	26387.3	26840.7	17917.3	21610.3		18898.7	28787.1	22760.1	24167.7	24993.2	19719.8	19410.2
Q568N9	Q568N9_DANRE	ppa1b		422316	455793	533330	551123	575655	608283	538930	594593	680950	702105	531588	519200	440673	458225	611192	615070
Q568P5	Q568P5_DANRE	stk11		15252.6	15135	12523.6	14857.3	13946.3	8637.57	11347.6	10286.8					23739.3	20878.2	12468.2	7397.01
Q568Q5	Q568Q5_DANRE	necab1		10625.8	8382.51	12919.3	11886	13435.8	15633.3	8359.36	5729.35	10336.7	13890	4505.5	5328.71	5737.9	7970.88	19069.5	22940.2
Q568Q7	Q568Q7_DANRE	stmn1b		658145	690207	732693	752906	658984	715145	701623	762124	655470	787360	642822	634788	504695	557450	816426	860352
Q568R1	NSRP1_DANRE	nsrp1		18822.2	20439.9	16910.4	19737	22089.2	21412	19177.2	12063.2	19963.7	20895.5	22840.4	24414.1	23102.3	20622.3	27773	21736.6
Q568R2	Q568R2_DANRE	atg16l1		22125.8	17615.5	23592.2	20075.7	17747.6	16891.2	10029.9	12265.3		18585.4	19474.4	23063.1	21818.4	21732.4	19185.1	
Q568R9	Q568R9_DANRE	sncga		585988	666431	740588	768454	597708	630803	525438	623029	622994	705898	570009	499572	476130	454314	923236	976911
Q568S6	Q568S6_DANRE	ca8		9595.09	7810.49	7909.15	10259.8	10669.5	8466.88	4982.42	8795.47	13629.4	14367.4	13841.2	9713.76	16286.1	13474.8	16010.4	15491.4
Q568S9	Q568S9_DANRE	aspscr1		44013.1	43283	37521.7	37299.3	35813.5	34154.7	39910	37648.9	32922.4	39889.2	45493.6	42931.6	53606.3	52178.8	27577.9	31574.2
Q568V3	FBX50_DANRE	nccrp1		210393	211376	199797	202559	191716	198538	159376	161482	193228	185351	152383	147420	142713	143971	214780	215901
Q568W0	SELW_DANRE	selenow		31818.4	32766.5	35069.1	31303.3	27086.6	28029.9	28588.8	33348.8	33034.7	22426.7	40214	31907.1	23795.1	33911.5	40931.6	35815.7
Q56A35	ARP2B_DANRE	actr2b		87124.6	78672.8	66657.2	63892.9	75381.8	74602	80192.9	76112	79444.8	86569.6	98400.7	94221.1	105934	105694	77129.8	93973.8
Q56A55	MITOS_DANRE	abcb8		107982	102030	94703.4	69118.2	81494	78566.5	98527.5	98807.6	90581.9	92590.9	110467	96846.5	110658	101372	60532.6	58861.1
Q58EB0	Q58EB0_DANRE	zgc:110843		487868	483645	417171	422852	446840	439052	449176	444016	450378	496961	449131	462533	509499	528370	370850	364008
Q58EB4	HIBCH_DANRE	hibch		154055	146194	126834	123839	153991	148473	159450	154836	81858.6	90171.9	166560	159293	159752	153736	122570	115256
Q58EE9	GFAP_DANRE	gfap		430589	449104	381116	396550	441545	464727	400612	429058	409541	445827	398315	373289	338474	331630	465801	506430
Q58EG2	ERLN1_DANRE	erlin1		14528.3	10997.2	15576.3	14408.3	16093.4	16766.3	19607.2	17472.2	18327.7	20183.7	13877.7	15214.3	11780.9	10792.8	17561	18920.5
Q58EG3	NECT3_DANRE	nectin3		42088.9	40214.1	31751.3	31371	26820.1	32558.1	33192.1	31091.8	44586.1	28293	35869.8	31401.9	35748.3	30012	30277.9	19665.5
Q58EI3	Q58EI3_DANRE	apool		23216	25615.5	22809.9	24906.8	31018.7	42389.9	26581.6	30024.3	58808.4	66368.5	16524.2	26156.5	17223.2	21396.7	44761.3	62449.6
Q58EJ9	MARC1_DANRE	mtarc1		31962.4	33774	39352	41105	32800.3	33670.6	37734.8	37884.8	34119.2	41101.6	35247.3	34952	35835.6	35049.2	41774.9	43118.7
Q58EK3	PLCX3_DANRE	plcxd3		14467.2	16191.7	7204.01	7411.97	8469.16	7912.78	9034.45	10960.8	5157.74	3413.46			16527	16818.4	7942.01	7184
Q58EL2	NACHO_DANRE	tmem35a		86538	82973.8	86378.4	79518.6	86371.8	88583.1	90473.7	85049.2	78624.5	88400.7	87060.5	84341	84489.9	88039.2	84410.8	79466.3
Q58EN8	VP33B_DANRE	vps33b		8225.27	8922.15	8552.11	9890.42	7898.61	5768.94	7634.58	9236.65	5664.82	7189.19	8224.14	8910.09	9542.39	8976.54	6169.62	6454.37
Q58ER0	Q58ER0_DANRE	rbm39b		61324.8	58058.3	55928.3	48318.9	53691.5	48515.9	61017.6	53756	45512.8	50164.4	67755.8	68053.6	78173.1	76756.6	48206.3	39407.1
Q597F7	Q597F7_DANRE	cntn1b		82343.4	76304.6	83977.7	80348.7	75503.2	75516.8	76474.4	76991	73669.3	81217	71199.2	74075.2	73395.5	78473.3	77755.7	82321.2
Q5BJ17	Q5BJ17_DANRE	tufm		512283	526988	434289	442035	413002	421379	403259	435170	478034	499981	453211	453134	472290	473793	482702	501229
Q5BJA1	Q5BJA1_DANRE	zgc:114188		208472	206801	234183	245721	246317	258245	249712	249423	199556	209891	195238	189768	188750	206730	230778	244292
Q5BJA2	Q5BJA2_DANRE	ndufa5		800260	866133	1.0666e+06	1.0807e+06	977769	969789	918858	912589	709563	807942	608636	581538	918105	980111	997017	1.08425e+06
Q5BJB5	Q5BJB5_DANRE	gcsha		210115	208030	123389	111960	184366	191248	187823	178895	227059	220015	159478	162408	180269	193445	166985	169115
Q5BJB9	Q5BJB9_DANRE	prdx3		2.34311e+06	2.29882e+06	1.94912e+06	2.01424e+06	2.08164e+06	1.99509e+06	1.94895e+06	1.92421e+06	3.69139e+06	2.77316e+06	2.04038e+06	2.10529e+06	2.20126e+06	2.22875e+06	2.17878e+06	2.31746e+06
Q5BJC0	Q5BJC0_DANRE	zgc:112496		17230.8	9330.4	21481.2	16788.2	16793.9	17957	16073	20493.2	12120.3	7906	22278.5	18500.6	19058.6	20415.2	13810.6	17541.3
Q5BJJ5	HDHD2_DANRE	hdhd2		13652.6	14300.2	10898.3	9228.2	4053.25	5030.28	11647.2	7844.79	8071.84	5751.56	12956	9071.98	22156.9	25635.6	7861.43	6243.59
Q5BJJ6	MAT2B_DANRE	mat2b		51097.8	49859.8	55634	55286.5	61025.4	64359	62278.8	62036.1	48863.4	59788.8	60067.7	57624.4	49851.6	52484.5	60419.6	67276.4
Q5BJJ7	BCCIP_DANRE	bccip		25772.3	30522.2	26485.8	23181.6	26390.3	25919.5	26771	28441.4	36152.1	31146.4	30999.2	33021.6	36342.2	23005.8	27584.9	23990
Q5BJK2	Q5BJK2_DANRE	rpp30			13609.5			25102.8	24094.6	44957.6	32472.5	44996.9	14660.1	20092.8	14556	28366.1	35895.3	5794.43	
Q5BJK4	Q5BJK4_DANRE	ndufc2		450990	429781	483317	474384	478323	467837	489516	485021	453415	476614	551387	527440	583338	596203	382490	327262
Q5BKV3	Q5BKV3_DANRE	dbt		89031.2	88070.9	73351.9	75016	76142.6	77190	84810.1	84800.4	97064	83614.3	71228.1	68644	87626.2	84088.8	66644.8	65145.7
Q5BKV4	Q5BKV4_DANRE	msi1b		296733	290637	309908	316878	335799	327522	331814	320028	369316	334921	371515	355779	358271	375498	302833	306569
Q5BKV7	Q5BKV7_DANRE	crip1		91808.9	84444.5	105170	98401.7	98520.6	100795	68365.3	62711.9	59501.2	84332.8	85072.9	73546.2	61253.3	64308.6	130798	126950
Q5BKW9	ASGL1_DANRE	asrgl1		67144	66422.3	69981.7	67784.9	85574.9	85009.2	84191.7	83827.7	86698.9	76433.3	89147	86470.2	82227.6	81780.7	73874.7	75361
Q5BL36	Q5BL36_DANRE	lrrc1		36751.5	45413	38764.7	29565.9	31613.4	33991.6	41390.5	28098	43019.4	26495.5	49192.7	56230	49653	49490.3	31105.2	31344.2
Q5BL99	Q5BL99_DANRE	dynll2b		25813.4	28959.4	28619.1	27657.9	19803.3	19543.1	27918.1	24300.3	18834.3	21937.5	22921.9	25799.1	26432.8	21819.8	13183	18568.9
Q5BLD9	Q5BLD9_DANRE	scfd2		24172.4	21712.4	22427.4	26140.5	20443.4	33641.4	27267.5	25794.7	16655	30228.9	15916.5	19165.9	16938.1	19304.7	23947.5	29580.4
Q5BLE2	MIGA2_DANRE	miga2		21584.5	16255	13733	11894.4	13705.3	10012	18736.5	16296.1	15619.5	11614	22677.5	13240.4	23932.1	18635.5	8288.8	12210.4
Q5BLE6	Q5BLE6_DANRE	wu:fd55e12			4969.86	3856.02				6369.75	4630.77			4327.95		11165.3	9638.49	5092.88	6561.02
Q5BLE8	RETST_DANRE	retsat		63837	68633.7	68268.6	72423	59903.3	51246.1	63692	59438.3	65019.5	54164.3	66160.4	62948.7	73012.7	61873	58643.7	53023.8
Q5BLE9	Q5BLE9_DANRE	vrk3		40916	38122	44827	37413.1	38786.9	38911.3	40801.1	36019.2	42938.8	39000.7	40624.4	42210.2	37580	41052.5	41810.2	47198.6
Q5BLF7	Q5BLF7_DANRE	itga6b		6918.16	5844.72		3663.7		5220.14									11962.4	11320.7
Q5BLH5	Q5BLH5_DANRE	capn2a		131081	126952	124709	122444	109024	104906	118641	114644	92068.4	92374.5	122466	111262	101174	103186	153417	162401
Q5BLH8	Q5BLH8_DANRE	timm44		134396	146613	107977	108591	119979	118813	124154	132874	156886	146175	135554	130843	132859	135891	108453	120436
Q5BLI7	Q5BLI7_DANRE	slc35g2b		60580.9	57603.3	49851.3	45753.2	49212.1	38753.2	52326.8	51700.4	38315.5	49521	48926.6	47305.7	57900.8	48820.2	57229.3	47086
Q5BU17	Q5BU17_DANRE	ctbp2l		48158	47504.7	41890.8	41843.1	52088.1	55644.9	56706.4	54245.7	50290.3	60630.6	46962.8	40355.3	51694	57683.3	44030.3	46961.9
Q5BU19	Q5BU19_DANRE	ctbp2a		209196	224083	226788	225666	228445	258241	245794	259294	252663	300587	221053	224176	213368	214380	319004	318761
Q5CZM4	Q5CZM4_DANRE	gpm6bb		129214	127706	108896	105202	142140	131170	153916	146011	173920	151590	143448	125667	136188	128561	133640	111249
Q5CZN2	Q5CZN2_DANRE	wars2		31349.3	33855.8	25692.6	23560.4	33072.9	34550.4	28722	26784.1	25956.4	34148.4	27885.9	31507.8	21506	30717.6	28809.2	26775.1
Q5CZP1	Q5CZP1_DANRE	slc25a32b		23465.9	19331.7	16731.6	16932.5	15182.8	16086	17184.5	14219.8	23824.1	15246.5	22098.1	14523.7	17554.5	22531.3	10559.5	15045.5
Q5CZP5	Q5CZP5_DANRE	acp2		7509.11	10952.4	11599.8	9938.23	14940.6	11790.9	10347.3	10846.7	9357.64	9934.58	8971.85	10839.6	10089.1	10788	11563.8	11406.3
Q5CZQ0	CR19B_DANRE	zgc:113036		58433.9	56870.4	62098.2	57927.4	73519.1	74312.3	78412.8	74478.9	57239	77743.8	69376	78107.6	73453.2	62078.5	47752.6	43978.3
Q5CZQ1	Q5CZQ1_DANRE	ywhae2		1.6972e+06	1.67281e+06	1.73407e+06	1.69338e+06	1.58405e+06	1.52561e+06	1.67682e+06	1.5957e+06	1.92533e+06	1.72636e+06	1.79469e+06	1.78477e+06	1.78304e+06	1.78442e+06	1.80719e+06	1.92308e+06
Q5CZU4	Q5CZU4_DANRE	tp53i11a		22107.6	21707.4	17399.9	23633.7	19579.3	19995.9	20550.6	20882.1	15129.7	14518.4	20048.5	19273.7	18924.8	17188.8	19489.6	26561.5
Q5D016	PFD1_DANRE	pfdn1		91316.9	89735.6	88661.7	90825.1	89778.3	103642	88964.2	96561.7	88464.1	106234	71810	87279.9	83973.8	82288.6	104403	122911
Q5D018	RBM8A_DANRE	rbm8a		38548.8	43588.1	47795.9	56362.3	51785.8	50270.9	46591.5	52537.4	39363.3	68846.4	45330.1	47973	32156.9	36588.4	76327.8	82538.9
Q5EAQ1	M4GDB_DANRE	mif4gdb		79151.6	70821.7	67865.8	73776	80952.1	71944.7	80197.3	75528.1	85707.5	75721.4	123264	115669	95371.2	97147.6	64630.1	62778
Q5EAQ6	Q5EAQ6_DANRE	zgc:113348					20849.6			23133.8	24795.8			25808					
Q5EB15	Q5EB15_DANRE	pmpcb		73912.4	68917.8	64060.6	66341.4	63264.5	66843.4	61698.1	61294.5	70663	70620.4	73640.6	68815.1	69235.5	73864.2	61608.7	65160.9
Q5EB19	Q5EB19_DANRE	rnf7		25528.5	31246.8	25844.9	24610	30884.1	33754.4	30134.4	33057	33293	35105.2	44856.8	36388	32981.4	33663.4	30090	32333.4
Q5EI65	Q5EI65_DANRE	cbsb		48664	50788.2	53607.2	52949.4	59524.2	58498.2	51349	49604.9	53190.8	51523.9	48676.3	48540.6	55790	54498.7	41959.3	38456.3
Q5FBD1	Q5FBD1_DANRE	araf		26480.1	32768.1	27429.8	30390.1	31877.5	36449.1	32085	32026.7	26378.7	43216.9	22514.5	26758.3	26417.9	26244.7	33765.9	35744.8
Q5FVD1	Q5FVD1_DANRE	hdgfl3		198618	203418	212385	200384	194407	206685	198927	201221	190789	202020	190254	193720	182642	175616	216359	240619
Q5I0F6	KAP0_DANRE	prkar1aa		71003.1	69449.4	80459	70416.1	77739.6	72762.3	80370.4	75072.4	49037.2	59650.5	69315.7	65303.2	72604.4	65990	70428.2	63639.7
Q5I0F8	Q5I0F8_DANRE	cdc40		56952.9	57525.4	56078.3	54365.1	60747.2	63021.3	63738.1	60511.7	52362.4	56012.4	70480	66849.6	61236.3	69136.8	52187.5	47800.3
Q5I2A9	Q5I2A9_DANRE	itga5		26368.2	25050.7	34858.2	36553.7	32761.8	26095.3	22465.7	17550	23996.8	23857	35582.7	38209.5	29563.3	23275.8	31777.8	37691.1
Q5IHX7	Q5IHX7_DANRE	ptges						8475.18	10556.8		17295.7							44827.5	56285.5
Q5K4F8	Q5K4F8_DANRE	prnprs3		53053.6	49082.7	38725.4	40282	37107.4	36609.6	39239	40820.9	33830.8	38461.2	36964	38956.8	47567	46892.8	34549.2	34934
Q5KTT7	Q5KTT7_DANRE	eif4g2a		61638.6	59748	66906.6	60211.1	60771.2	55687.8	65528.2	56516.5	71540.4	62809.1	62294.9	58625.7	62641.2	64725.6	57061	57799.5
Q5M7Y0	CERT_DANRE	cert1		39768.2	43556.7	42576.3	31716.8	34926.9	33294.8	36905	42656.2	29436.2	44180.5	44000.6	53500.6	45727.9	47840.6	39282.5	36383.3
Q5M9N2	Q5M9N2_DANRE	commd3		27907.8	27320.7	24908.8	21290.7	30025.9	24503.1	26492.6	27143.1	21819.8	21385.3	24683.1	30077	27390.5	25381.6	23145.4	26354.9
Q5M9N3	Q5M9N3_DANRE	srsf6b		31857.3	36446.2	48158	44708.4	50454.2	60179.4	34622.9	44970.3	16530.7	45958.4	20354.3	23885.9	27884	26835.6	75065.7	100783
Q5M9P8	ARL6_DANRE	arl6		144224	138509	135524	133494	140499	130437	157636	147697	119277	122650	172857	154993	175553	168914	104357	97122.2
Q5MJ86	G3P2_DANRE	gapdh-2		5.73658e+06	5.936e+06	4.97707e+06	5.0972e+06	5.15797e+06	5.19124e+06	5.81622e+06	5.76122e+06	5.8209e+06	5.55791e+06	4.70336e+06	4.44434e+06	5.01892e+06	4.66943e+06	5.0366e+06	5.26988e+06
Q5MPX4	Q5MPX4_DANRE	tfr1a		10007.3	7093.94	6851.36	7289.26		8743.46	7883.37	6382.18		8552.61	6022.66	7120.01	6622.4	4381.23	10192.9	9014.2
Q5NDE5	PMGT2_DANRE	pomgnt2		20605.9	16998.1	17348.4		13445	15570.8	17795.1	16905.4	16466.6	16662.1	17042.2	16472.1	19673.5	19816.2	11885.2	14983.3
Q5NIW0	Q5NIW0_DANRE	matn3b		8743.26	8420.37	9193.04	7997.95	7773.2	6730.37	5700.04	8717.04		9334.06	12866	13669.6	11997.5	9045.89	13664.1	11314.4
Q5NJJ5	Q5NJJ5_DANRE	matn4		82125.4	77867	44829.9	35074.2	91538.8	90986.5	70557.1	68593.7	106786	102384	130371	120636	86562.6	99496.7	168217	183914
Q5PNM7	Q5PNM7_DANRE	timm29		18749.6	13741.8		17913.4	20886.9	16114.2	17226.4	16518.8	33491.2	18181.6	23576	18505.9	18384.5	16866		20800.2
Q5PNM8	Q5PNM8_DANRE	slc25a23b		33871.4	23312.9	27386.9	27884.1	23822.1	27913.6	30862.5	35024.9		30845.8	28142.3	35872.5	31914	31416.3	19664.5	
Q5PQY9	Q5PQY9_DANRE	cavin4b		4944.2					7813.86									15280.5	8915.68
Q5PQZ3	ZNT9_DANRE	slc30a9		85507.9	83184.8	56213.8	59508.9	69153.1	70117.5	61720.7	61949.8	72375	72891.8	81485.2	74220.2	83623	93496.4	58361	58701.9
Q5PQZ4	Q5PQZ4_DANRE	tfap2c		22134.5	26957.9	28681.8	20748.2	25872	26545.2	33854	35772.1			25014.8	27739.3	28064.2	24153	26210	20876.6
Q5PR40	Q5PR40_DANRE	lxn		25519.7	23940.5	17979.1	13190.8	21391	20468.9		14601.8		14679	18388.8	19593.1	21273.6	22346.8	23286.4	16768.7
Q5PR41	Q5PR41_DANRE	tm7sf2		22213	20583.9	20591.8	21962.5	19056.4	20829.7	25514.8	21060.1			21610.7	21773.4	17740.7	20584	17963.7	17426
Q5PR57	Q5PR57_DANRE	dhodh		58886.5	61205	45474.5	46491.3	45211.1	44825.1	46614.2	45062.7	36775	44485.7	55941.8	54842.6	46711.8	50110	48348.4	40590.4
Q5PR58	Q5PR58_DANRE	armc1		51846.7	50894.6	41059.6	37117.7	44479.6	36563.2	45525	40776	38942	33368.9	55112	55498.7	62063.8	58925.7	31926.2	35281.7
Q5PR61	LMBD1_DANRE	lmbrd1		39562.1	29004	29929.5	32846.9	31053.1	15916.7	36133.9	34314.4	21736.3	29641	49597.3	44891.9	47039.8	47725.4	25795	27508.9
Q5PR67	EI3HB_DANRE	eif3hb		128376	121828	126010	121179	111591	102173	112756	109518	119851	104266	137208	135006	153316	149573	116994	102406
Q5PR92	Q5PR92_DANRE	ift27		46666	42269.8	46743.5	43395.1	50128.3	45409.4	51318.9	51260.5	44470.1	47265.1	41955	48278.6	49752.5	46039.8	35940.9	33008.9
Q5PR98	NDRG2_DANRE	ndrg2		398904	418706	428201	441191	391434	399108	405608	417431	500743	502173	438716	450395	444947	436187	388684	427248
Q5PRA2	DHTK1_DANRE	dhtkd1		252019	229714	202051	207400	197986	197656	216142	225138	204470	230661	218622	216963	260294	248252	240602	249027
Q5PRB9	Q5PRB9_DANRE	ptgr1.1		595228	562973	995554	1.00903e+06	604658	610905	618723	579789	166535	148491	185027	174429	632349	627370	213067	200116
Q5PRC6	Q5PRC6_DANRE	ephx2		67186.8	66632.6	89419.9	92793.5	74896.5	77778.6	76782.7	80568.4	91577.8	79558.8	82901.1	78571.3	75909.9	77982.1	83570.3	79801.5
Q5PRD0	143BA_DANRE	ywhaba		3.03576e+06	3.25829e+06	3.58965e+06	3.71088e+06	3.26644e+06	3.59916e+06	2.90329e+06	3.48587e+06	4.5377e+06	4.19112e+06	2.64213e+06	2.83417e+06	2.97995e+06	2.63805e+06	4.25802e+06	4.81047e+06
Q5PYH5	DLG1L_DANRE	dlg1l		22040.8	25764.5	26424.4	27873.8	25365.7	27459.6	26575.3	22074.3	29378.2	33759.3	23827.5	18549.7	21194	22226.4	30386.5	33218
Q5PYH6	DLG1_DANRE	dlg1		26147.4	36872.9	35303.2	32535.3	34400.2	44056.3	43278.8	37545.9	37229.4	40771.9	33168	36943.9	42451.6	39249	35975	86018
Q5PYH7	DLG2_DANRE	dlg2		49873.3	46478.6	46241.5	45239.1	45732.8	42333.2	49245.1	46684.7	43171.3	39816.5	47453	49374.8	51790.7	49941.7	35968.6	38717.9
Q5RFU5	MMAC_DANRE	mmachc		6825.89	10483.5	16471.2	15209.3	12808.8	13044.3	10676.3	13764.5		9572.32	12139.4	10090.2	10471.4	12951.9	17715.9	17589
Q5RFV8	WDCP_DANRE	wdcp		37282.2	37974	38445.1	42675.2	42878.6	44923.4	37527	43818.2	26855.1	39234.6	40663.3	37931.3	37000.8	39492.1	42487	41774.4
Q5RG12	Q5RG12_DANRE	hsp90aa1.2		672615	679628	616835	600896	679595	698749	734192	744017	721392	729960	669774	675513	694107	716190	668682	708158
Q5RG82	NS1BA_DANRE	ivns1abpa		30291.1	25001.8	27945.7	29838.3	28367.1	24064	20401.3	24402.9	20134.3	18533.3	28240.3	22830.1	33499.6	27755.1	22876.8	17999.5
Q5RGB5	Q5RGB5_DANRE	rab3ab		143738	142900	146794	148200	138928	149757	125308	136113	212744	234390	141991	143789	131567	128149	215571	266304
Q5RGE4	MEIG1_DANRE	meig1		27563.8	25164.2	31711.7	29942.4	41536.1	32691.6	41785.8	37000.3	14433.3	14352.2	36698.7	33811.8	38799.3	37056.4	23499.3	17993.7
Q5RGI2	Q5RGI2_DANRE	nup107		54855.3	57926.3	62271.8	53637.2	55696.1	48963.5	58528.4	53801.3	71102.7	56392.2	59043	59068.2	61621.9	67901.6	54568.4	48616.3
Q5RGI5	Q5RGI5_DANRE	ppp6r2a		39160.3	39155.9	37619.7	38894.6	37779.5	35634.2	34633.1	35795	27045.6	32037.8	35323	44286.9	35066.1	44232.6	34680.5	34143.3
Q5RGJ5	C19L1_DANRE	cwf19l1		17691	16039.9	18296.6	19496.3	19757	17821.4	16467.1	17885.3	21674.4	20148.7	15354.3	17034.8	19020.5	16183.4	21781	20375
Q5RGJ6	WASC3_DANRE	washc3		8885.02	17408.1	19986	18971.5	26152.2	20110.7	15037.2	14051.1	11709.1	15992.3	13874.9	16329.9	22739.8	17526.4	19994.1	17853.5
Q5RGU1	COQ8A_DANRE	coq8a		98534.1	88964.9	87016.1	86316.2	88365.1	86590.7	85548.7	87855.8	83253.3	100034	94883.7	85858.4	99040.8	89173.1	93154.8	102574
Q5RGV1	IMDH3_DANRE	impdh1b		75905.6	78758.9	74376.4	67458.4	68922.9	64505.7	74906.1	75705.4	88055.9	74866.4	79614.8	83317.3	76557	78643.5	86576	93034.9
Q5RGV8	Q5RGV8_DANRE	mcat				8217.84	6709	16090	16652	13278.3	14477.2	14749.7	16940.9	12845.2	12230.2	14107.3	11311.6	11551	15416.8
Q5RGX4	Q5RGX4_DANRE	tmpoa		32381.5	36043.5	36572.6	38978.4	41730.7	42029.8	39011.8	41709.7	45164.7	37035	46083	44973.5	49522.7	52792.6	46297.9	46667.6
Q5RH02	SCO2_DANRE	sco2		25431.4	26083.4	19422.1	21748.7	26345	19707.1	20492.8	22049.5	34855.2	20334.6	31560.2	31307.4	29052	25136	18371.6	20174.5
Q5RH05	Q5RH05_DANRE	stk38l		23574	20248	21715.1	29571.6	19170	21640.9	27361.7	22603.4		29841.3	22317.3	28965.3	27919.5	26079.4	32777.4	39319.7
Q5RH29	Q5RH29_DANRE	itih2		19148.2	22323.3	18953.6	18520.8	22531.2	25119.1	20200.5	22755.9		16545.6	34540.2	40224.5	25230	27529.7	28674.3	29078
Q5RH38	Q5RH38_DANRE	tmcc3		5599.1	6006.94	6326.65	6139.89	4685.08	4475.28	4753.8	3593.91	6675.43	2446.02	6211.65	4150.58	4912.12	5497.13	5339.61	5765.26
Q5RH51	XYLK_DANRE	fam20b		26366.5	25826.6	22004.1	25103.6	29492.9	28135.7	29596.5	28572.7	31671.1	27107.2	28145	28608.5	35245.3	34882.3	20507.7	22323
Q5RHB5	IRAG2_DANRE	irag2		16104.2	14720.2	14560	16371.3	14831	18885.5	25808.4	11743.2		18533.8	23778.8	24690.4	24341.7	27220.9	16338.6	21669.1
Q5RHE5	Q5RHE5_DANRE	si:dkey-90m5.4		51204.2	47453.7	74408.5	66663.6	48645.6	50525.7	52431.4	54651.9	34382.7	30234.4	73635.2	78374.4	52516.6	56604.9	81029.8	80473.9
Q5RHH4	IF172_DANRE	ift172		7066.71	6794.28	8239.78	8747.58	5698.29	6731.25	6605.12	6268.43	7047.91			7880.49	8687.37	7718.72		4114.11
Q5RHP5	Q5RHP5_DANRE	acbd3		18792.3	26103.2	17285.2	16858	20118	20231.2	21628.5	18311.8	21496.6	25310	27528.9	20775.8	30728.2	23979.4	19179.3	19062.4
Q5RHQ7	Q5RHQ7_DANRE	hnrnpub		218840	210492	201617	212663	222879	215206	224174	225823	194235	218387	237864	227602	232014	228932	220407	214725
Q5RHQ8	LIN9_DANRE	lin9		3136.85		7590.51		6522.63				9833.61	10804.5	8144.43				6967.82	5837.81
Q5RHR0	PARP1_DANRE	parp1		120883	119821	124056	116228	132901	126504	140884	141869	129238	132933	127766	120250	152065	145986	127151	131923
Q5RHZ6	OSGEP_DANRE	osgep		93059.8	98353.9	112958	115541	114757	117054	104223	104813	106746	103678	101277	101711	96906.9	96750.3	127732	137132
Q5RI07	Q5RI07_DANRE	pdcb		2.18959e+06	2.11851e+06	2.04139e+06	2.06002e+06	2.25123e+06	2.23877e+06	2.51914e+06	2.44084e+06	2.49554e+06	2.51406e+06	2.43279e+06	2.38017e+06	2.61713e+06	2.5201e+06	2.15663e+06	2.11306e+06
Q5RI09	Q5RI09_DANRE	tprb		30571.1	30801.6	33887.2	32283.8	30888.6	29529.5	29814.4	32278.7	25069.3	28337.1	37818.1	34754.1	36755.8	35750.9	33586.9	29958.8
Q5RI43	KERA_DANRE	kera							10179.6	10089.9	10610.8							40286.9	41217.8
Q5RI56	OPTN_DANRE	optn		17470.3	18378.1	20370.3	20840.7	17226.5	19635.1	19327.8	13152	16416.9	14767.9	21040.4	21134.9	11264.5	18087.1	26582	26632.1
Q5RIC0	ELP3_DANRE	elp3		16687	17111.4	17472.1	20794.6	22436.5	17244	16994.8	18633.1		11555.9	21237.1	28096.5	26007.1	25034.4	11121.1	10380.3
Q5RID7	SNX17_DANRE	snx17		8932.12	6679.03	11037.2	7866.81	11655.8	7751.55	10572	9623.76		8850.79	11760.8	9728.5	19090.4	10740.4	7501.78	8836.71
Q5RIK6	Q5RIK6_DANRE	sel1l		20417	21130.3	24477.1	22216	18298.1	25327.2	14477.4	16175.2	12562.4	17220	16325.3	18645.1	16304.4	13094.4	24781.4	26345.4
Q5RIN6	Q5RIN6_DANRE	ptrhd1		588.165			1438.71		5843.57	4799.56								1489.31	1450.1
Q5RKM2	Q5RKM2_DANRE	ndufs1		234612	242232	270445	272793	308653	327312	280312	300952	393421	411965	250539	241995	248742	275847	333307	377365
Q5RKM3	Q5RKM3_DANRE	stip1		131538	133310	140219	141290	134555	140387	137785	149128	134276	157692	140242	144920	139657	145680	167626	181976
Q5RKM6	Q5RKM6_DANRE	farsb		183288	173345	133979	142210	159054	155631	174115	177828	151738	160197	165935	160955	194541	186969	143440	140346
Q5RKM9	Q5RKM9_DANRE	pygl		164135	155981	130571	131536	139978	131658	171045	169004	149422	152166	158427	150607	156006	156330	137891	133864
Q5RKN4	GLYR1_DANRE	glyr1		71064	70905.3	78096.4	75589.1	66403.3	64333.3	61797.6	64702.7	44775.7	65359.6	50240.2	70281.7	82708.4	86627.8	78489.5	80330.3
Q5RKP8	Q5RKP8_DANRE	smx5		89027	86981.3	99443	98327.2	101748	98349.4	101220	96771.3	82641.3	80031.4	82551.3	83648.4	94890.7	91391.3	83855.3	77016.3
Q5RKP9	Q5RKP9_DANRE	gna11b		92193.3	84332.7	84611	85196.5	78647.6	80172.7	86770.4	78684.6	85933.2	79443.1	84885.8	78013.8	86822.5	88313.2	72782.6	83057.4
Q5RKQ0	SPF27_DANRE	bcas2		95433.4	58563.7	72629.6	69769.9	80515.7	84507.5	85656.3	89468.4	101520	90399.9	93409.2	100237	98919.6	96440.8	68862.5	69072.8
Q5RKQ3	Q5RKQ3_DANRE	fubp3		110341	114615	113016	119676	120768	122258	116655	114710	121059	126261	124900	122152	130026	122288	140797	137178
Q5SNQ6	Q5SNQ6_DANRE	gtf2h5		19737	21272.8			18830.4	19681	17867.4		29330	10322.3		16038.7	13810.4		22702	12626.1
Q5SP67	WDR26_DANRE	wdr26		33552.8	32779	28880.7	28066.1	30028.3	31238	37233.5	31858.3	33604.7	27858.8	35714.9	35033.5	38046.1	38356.7	28091.2	27750.7
Q5SP90	PP4R3_DANRE	smek1		25655.4	23118.6	22713.3	29039.2	30071.8	31106.7	23424	26406.7	27431.1	28776.7	24382.4	28002.1	27891.8	28832.1	27292.6	33210.8
Q5SPB1	S38A2_DANRE	slc38a2		9802.68	10195.7	11708.7	12430.1	9736.5	9848.94	11254.3	13059.7	8181.82	9800.27	11408.7	13219.7	11403.1	14245.2	8820.44	8512.52
Q5SPB2	Q5SPB2_DANRE	scaf11		17404.2	10970	23007.7	19998	30085.9	24422.4	21546.1	22340.8	26887.8	28954	13891.9	17646.8	22793.6	21775.1	15019.4	15017.3
Q5SPD5	Q5SPD5_DANRE	gfus.1		16661	16588.8	20023.2	23149.6	23484.7	21855.6	22349.3	22206.5	36864.8	22554.8	19700.3	20500.4	19315.9	20997.6	26244.2	35192.4
Q5SPD7	P5CR3_DANRE	pycr3		21391.6	20043.3	26149.1	25936.9	16135	19658.1	12209.1	19056.7	20786.1	19309.4	21503	21778.9	22654.5	40975	21839.2	23247.3
Q5SPG8	Q5SPG8_DANRE	acot20		77625	84026.8	86943.9	90841.4	91808.2	98785.8	86970.7	93929.8	127999	126244	91069.9	86044	62707.3	56397.1	106257	108358
Q5SPJ8	XPOT_DANRE	xpot		17915.7	17881.5	11069.6	15936.9	14143.9	15197.3	13622.4	15639.6		11531.7	20917.8	19716.7	19138.8	26333.7	6555.2	9365.11
Q5SPP0	CLVS2_DANRE	clvs2		31076.3	37052.7	31321.4	37023.6	24772	30815.4	33262.7	32568.6	30415.6	33807.1	36112.1	29974.1	28985.9	28988.6	30419.1	30928.8
Q5SPP5	EFR3B_DANRE	efr3b		36658.2	34059.4	31654.6	33668.4	33351.3	27834.3	35671.4	33771	25431.8	28351.1	34133.2	32941.6	36805.4	36938	26213.7	28126.5
Q5SPS1	Q5SPS1_DANRE	fam184ab		9149.21	6613.49	9727.65	10931.8	9889.53	13352.4	8996.68	9388.23	18692.8	11482.3	11860.2	11734.6	7909.19	7987.56	12555.8	13279.4
Q5SQE1	Q5SQE1_DANRE	gtf2e1		23079.6	21207	19194.5	17594.8	18455.1	18397.2	24936.2	22047.9	14197.9	19230.8	25834.5	24354	25273.9	23268.7	16209.4	13814.5
Q5SQE2	STB5L_DANRE	stxbp5l		42443.8	44463.3	35747.8	28776.3	43459.2	38270.1	32433.6	39211.7	24762.3	40410.4	40251.7	43983.5	40535	43295.8	27917.1	39164.9
Q5TYP7	Q5TYP7_DANRE	ehd3		63876.2	58963.4	59370.9	53707.1	57355.9	54656.1	58945.4	57578.3	58067.6	52372.9	66592.9	62714.6	66635.9	64301.9	46068.2	43485
Q5TYQ3	COA7_DANRE	coa7		33138.4	28283.4	26820.7	28950.1	27903.4	30599.8	31150.4	29542.7	51298.5	37820.4	39912.2	34376.2	31222.3	29890.9	32591	34736.5
Q5TYQ8	ZC3HE_DANRE	zc3h14		33933.1	31944.5	33900.6	34985.1	39774.3	37905.4	38138.1	39486.1	36827.4	37533.9	37421.1	44995.3	33749.3	36695.3	38544.1	40361.1
Q5TYQ9	Q5TYQ9_DANRE	rmdn3		26611.1	20556.7	22559.8	25290.3	18073.2	17951.5	21494.3	28225.3		28959.7	17360	18769.9	22206.6	17911.5	33243.9	27723.9
Q5TYS5	SCRN2_DANRE	scrn2		75694.3	76757.2	47406.3	47856.5	50947.5	54003.2	50906.2	52815	52914.8	53318.3	45049	49317.8	50108.7	49392.9	55391	64102.8
Q5TYV0	EMC7_DANRE	emc7		48630.5	49871.5	54804.7	45922.9	48799.8	45789.2	45816	47508.2	54116.5	53448.1	56097.6	46232.4	55777.9	59998.8	44909.7	39761.2
Q5TYW4	NBAS_DANRE	nbas		24240.4	23376.1	25684.7	20197.5	23918.7	21650.3	24500.1	22247.5	13357.4	22300.4	20096	20895.2	21866.2	26739	19571.1	23331.5
Q5TYY2	Q5TYY2_DANRE	exoc4		44460.7	40051.6	35898.3	38958.6	38610.4	37935.4	43401.4	41034	44007.4	36035	47094.9	44482.7	40564.3	45441.5	42278.5	36341.3
Q5TYZ7	Q5TYZ7_DANRE	si:ch211-51e12.7		41030.5	43141.9	64162.4	65432.5	53470.9	63328.1	48896.4	76285.4	38000.6	67992.3	53287.2	50481.1	20539.5	22609.7	55997.5	77791.4
Q5TZ05	Q5TZ05_DANRE	msraa		14593.6	22790.4	17514.1	19932.3	20400.8	14415.4	20937.2	17594.5	19370.8	22054.8	14991.9	22547.2	13484.6	18991.8	23056.9	18289
Q5TZ27	Q5TZ27_DANRE	syt1a		395213	384999	363204	360241	364979	366238	364880	374331	380488	418610	409302	397082	388586	402788	367091	408614
Q5TZ35	Q5TZ35_DANRE	vsnl1b		492448	478188	534332	540541	520111	543476	500823	534730	584799	620877	500217	454393	428234	445399	615076	671000
Q5TZ51	MPV17_DANRE	mpv17		11136.2	15084.7	16121	12978.9	15000.3	11850.5	15138.9	13178.3	17627.8	19573.5	9844.58	11047.6		13144	9942.34	
Q5TZ66	SN25A_DANRE	snap25a		779779	777273	705662	683722	730843	771297	741481	727667	600599	739746	708107	724017	694426	711453	714924	693296
Q5TZ78	Q5TZ78_DANRE	cyp2ad3		14562.9	21971.5	33741.9	27123.7	27751.9	26538.8	24763.3	17680.8	16042.7	19648.4		20822.2		21971.1	22862.4	28364.1
Q5TZ80	HOOK1_DANRE	hook1		41787.6	44322.2	42449.6	44028.9	43336.2	43337.7	43954.6	40914.1	52295	51847.3	39248.5	44187.2	43494.1	41116.1	40838.1	45330.4
Q5TZ85	Q5TZ85_DANRE	cyp2p9		30644.8	31624.2	42763.3	42775.4	39869.2	36796	46630.4	51076.1	33346.5	38052.4	37625.9	40890	35200.5	38686.7	31683.1	30330.6
Q5TZG5	Q5TZG5_DANRE	ezrb		55642.6	56627.1	59069.7	61477.9	60695.4	61107.8	64854.1	61459	69044.2	59449.8	58668.4	54111.5	61314.5	60283.8	66790.6	64397.3
Q5TZH9	Q5TZH9_DANRE	lemd3		29047	22354.7	26122.7	24977	21059.9	24185.1	19696.8	21638	21097.3	20917.4	26954.5	33061.9	26918.7	30474.2	21492.5	20772
Q5TZI2	Q5TZI2_DANRE	ppm1ab		47183.9	45889.4	46536.2	44369.9	41391.8	42144.4	49552.4	46115.1	45732.3	45489	52792.7	57692.4	50167.9	50852.2	48034.9	42330.7
Q5U369	Q5U369_DANRE	anxa3b		172985	176233	147924	147498	211208	207560	149526	152313	136384	154216	158144	154744	177547	183851	130044	131013
Q5U370	Q5U370_DANRE	arfgap1		11791.9	11469.4	9734.06	7362.58	6182.78		4239.83	5471.78			5919.97	5660.03	6527.53	6048.05		
Q5U373	Q5U373_DANRE	cab39l		78326.2	74301.1	60285.3	61171.6	82054.6	78989.8	101484	96455	90720.1	70927.4	65581.4	66698.5	84648.8	85756.1	58178.8	53625.6
Q5U378	TBCE_DANRE	tbce		14282.2	14822.2	18084.5	15601.1	12062.6	15437.2	13793.4	12865.4	12035	10367.6	17585.4	14937	15664.5	13159.3	13579.1	13142.6
Q5U379	SNF5_DANRE	smarcb1a		22636.3	24334.8	19913.3	18674	21365.8	22253.1	24131.9	24241	32755.2	27362.4	31722.9	33490.7	25514.6	27143.2	25081.8	23237.4
Q5U385	TBPL1_DANRE	tbpl1		9117.9	15569.6	20191.9	17227.8	10651.4	10964.2	17432.4	14830	14254.8	14451.5		16736.2		9106.62	10361.2	19271.6
Q5U398	Q5U398_DANRE	ube3a		36806.3	37819.3	34326.9	32782.2	36777.1	30560.6	30339.3	36229.9	17683	36323.6	34776.1	35186	37030.2	32877.3	35432.9	38842
Q5U3A3	Q5U3A3_DANRE	ralab		68069.4	61128.6	66805.1	68166.8	61050.1	66308.2	64028	64733.7	75618.5	70305.8	66798.4	55444.1	64719.1	62805.2	75825.1	70635.9
Q5U3A7	OPA1_DANRE	opa1		98609	100435	93299.1	92026.1	86777	91772	91383.8	91809.6	97595.1	106264	96000.6	96164.6	96438.4	96353.2	96221.7	97302.1
Q5U3E1	Q5U3E1_DANRE	rab11a		217810	217925	219067	230229	228591	233247	202831	207724	233035	278411	214598	212379	197092	200363	296500	328768
Q5U3E4	Q5U3E4_DANRE	sugt1		75345.7	65205.8	63557.8	66644.9	69350	73197.8	73579.5	78286.8	72093.9	67061.7	67692.6	72971.2	73189.7	74732.5	65270.2	69763.6
Q5U3E5	Q5U3E5_DANRE	slc6a1b		591151	605130	619846	622471	617879	655446	587441	602393	620004	692992	614899	618166	582122	563393	648660	736525
Q5U3E7	Q5U3E7_DANRE	dhrs13a.1		59924.8	50348.1	42687.1	44679.9	50018.3	45521.8	58508	48566.9	67655.4	54371.3	53612.9	47672.9	51468.3	50788.8	35986.2	31644.9
Q5U3E8	Q5U3E8_DANRE	cope		77520	90691.7	85056.3	71878.2	76035.4	82940	76895.3	89288.3	72842.1	82304	63373	67149.4	79613.3	69243	103121	119020
Q5U3F2	SLU7_DANRE	slu7		14478.7	12058.7	13549.6	13568.9	15964.3	15868.7	17067.2	15144.2		10788.5	13188.7	14804.2	13036.2	13947.3	7853.58	11162.8
Q5U3F3	Q5U3F3_DANRE	nr2e3		22123.6	21305.1	20045.4	22721.9	22847.1	19138.2	29497.1	24481.4	20077.2	25344.9	38796.7	36674.4	48974.5	45735	21032	19577.3
Q5U3G0	Q5U3G0_DANRE	pgrmc1		69818.6	68296.5	67772.6	67662.8	56377.4	55060.1	48872.9	46687.6	39114.6	34882.3	65995	72342.4	68212.9	66818.7	52460.2	57183.9
Q5U3H4	Q5U3H4_DANRE	rpia				6599.65	7060.74		7117.9					11080.2	5806.4		11410.4	14458.4	23283.2
Q5U3H6	Q5U3H6_DANRE	gnal		35476.2	38953	27108.3	28335.1	34516.5	33506.6	42777.8	38768.8	36227.8	33473.8	42707.8	39794	50150.3	47457.4	28011.1	29042.6
Q5U3I0	SAM5B_DANRE	samm50b		46312.3	48416.5	45443.3	47162.9	47797.6	53883.5	46761.9	47833.8	56645.5	68815	51926.1	48342.4	44316.2	43877	63350.1	69632.1
Q5U3I2	S7A6O_DANRE	slc7a6os		11324	10772	9304.7	9785.7	11461.8	10656.3	10662.6	11010.9	11158.2	11741.4	12348.5	13013.6	12827.8	13342.8	10880.2	9364.88
Q5U3I3	Q5U3I3_DANRE	scamp3		49547.3	52331	52790.3	49530.5	47846.2	51664.5	45463.2	44240.2	53193.5	52543.5	47635.9	50421.9	47196.4	45378.7	47980.3	46864.5
Q5U3I7	Q5U3I7_DANRE	mvk		12916.3	13099.5	9591.05	10127.1	7444.51	9599.84	19119.1	11758.7		6407.48		9325.92	13943.2	14901.7	8805.84	
Q5U3M8	Q5U3M8_DANRE	gsto2		120498	131202	130493	143256	118171	140214	95068.1	103089	82384.8	121151	95176.7	98589.4	76096	78195.1	151472	157906
Q5U3N0	PKHA8_DANRE	plekha8		27808.5	22703.1	21469.9	21295.6	30945.8	27979.2	35903	29696.7		42680.1	38603.4	32507.5	37760.1	33232.4	24529	31702.2
Q5U3N5	PPTC7_DANRE	pptc7		23410.9					17942.6				20418.2						17026.9
Q5U3P2	Q5U3P2_DANRE	pvalb8		31922.8	32768.6	44897.4	52583.9	48880.5	53052.2	44917.8	54480.2	39751.2	39734.4	38276.8	35445.5	32893.8	35711.6	34396.6	30247.8
Q5U3Q5	Q5U3Q5_DANRE	tbl3		15216.8	18229.9	12436.6	13614.6	19017.9	17296.4	19555.1	16409.1	16054.9		20141.4	18686.3	19434.3	19858	12490.7	12929.3
Q5U3R3	Q5U3R3_DANRE	ptp4a2b		35905.8	38295.3	29820.2	33722	38170.9	39651.9	42364	32710	33838.1	39993.6	41953	36157.8	51231	51691.9	40513.8	38328
Q5U3R4	Q5U3R4_DANRE	dhrs13a.3		45089.7	43168.5	59858	61125.4	43560.9	45121.5	46163.9	44963.6	59733.5	46216.9	41801.9	44636.3	44139.9	45616.5	61008.9	64006.6
Q5U3S7	NOSIP_DANRE	nosip		28762.4	19441.9	19262.8	22557.5	23241.9	22314.1	24556	26049.4	25228.9	19487.1	21620.9	19956.8	34595.1	27030.8	18111.6	13262.1
Q5U3T6	Q5U3T6_DANRE	pmpca		193414	194990	144787	147161	117477	113098	111500	114486	109853	127984	136370	154999	242512	238988	124180	117276
Q5U3U0	PHYD1_DANRE	phyhd1		142044	138357	124950	121492	140062	133321	184429	166619	142244	124509	128425	134128	183955	181118	151896	143747
Q5U3U1	Q5U3U1_DANRE	nsfl1c		177962	187314	190076	197949	186267	201276	176844	190945	264566	240725	189307	186240	186690	183328	245892	270034
Q5U3U3	CPT2_DANRE	cpt2		94240.9	91207.8	89019.7	88839	84324.6	82583.5	83403.6	87290.2	89053.7	103239	89813.2	87375.5	84097	85095.8	86727.4	90515.6
Q5U3U9	Q5U3U9_DANRE	nap1l4b		45205	45675.1	49855.7	48336.4	51603.2	50809.9	51101.7	51468.4	64413.9	49406.2	46471.7	54433.1	63108	59550.3	50074.1	52804.1
Q5U3V6	Q5U3V6_DANRE	ythdc1		26035.2	28521.4	26136.7	22523.1	27735.4	20364.7	29662.9	28095	24436.1	24696.1	34274.3	20980.1	29814	25569.2	20929	24386.1
Q5U3V9	SNF8_DANRE	snf8		30319.4	32367.3	27881	26349.1	34032.1	26482.8	27943.4	29984.5	25539.7	24742.2	33046.1	36079	35650.3	37747.2	20441.1	23443
Q5U3W0	CPPED_DANRE	cpped1		49682.4	48537.5	55381.5	56311.2	56771.7	57332.9	52636.8	51646.8	63396.3	47462.4	63965.9	69428	66260	62689.3	54815.7	44996.2
Q5U3W5	Q5U3W5_DANRE	cfhl2		13411.5	11758.3	47029.7	48232.2	34365.3	33025.7	42053.7	38328.3		7166.55	38673.9	35477.9	19960.4	21095.9	37331.7	39451.8
Q5U403	MVD1_DANRE	mvd		23601.5	22461	25102.6	24864.4	47934.6	50081.5	48792	50402.5	48429.2	36531	32293.4	36851.5	33932	36036.8	30869.5	33768.4
Q5VSI2	Q5VSI2_DANRE	mrps11		15510.6	11954.4	23173.2	26226.2	22000	20326.8	28053.6	23851.6	23868.1	21625.8	28585.2	27587.9	30574.1	29605.9	16638.4	18212.2
Q5WQV6	Q5WQV6_DANRE	efemp2b		20734.5	14799	17767.9	21257	20485.6	21110.3	16088.5	19983.8	21288.5	21271.7	20139.3	23068	19769	23018.8	25143.7	29056.9
Q5XFY4	BCL7A_DANRE	bcl7a		23604.8	18582.1	25119.9	25357.3	21292.5	23046	23232.1	25261.3	24105.5	23884	28113.5	18270.6	18330.6	21634.2	27764.5	34054.4
Q5XIX8	BORC5_DANRE	borcs5		17101.9	19672.7	17700.7	7270.98	18802.4	13176.2	20938.8	13950.8	28914.3	12902.2	15263.2	16161	13533.1	16735.9	15292.5	12866.1
Q5XIY4	SDHF3_DANRE	sdhaf3		26817.6	27940.8	15518	22309.8	23685.5	25141.2	20189.8	21066.4	20906.3	23874.5	20033.9	21296.2	24465.7	21364.2	18231	15809.6
Q5XIY6	VTC1B_DANRE	atp6v1c1b		43525.9	42283.9	41853.2	41228	43491.7	40167.7	41139.7	36707.7	38293	46233	40270.5	42962	33171.4	33607.1	45259.5	45136.6
Q5XIZ6	GPD1L_DANRE	gpd1l		179603	173609	166289	167338	175719	166857	192331	187155	177413	171857	201562	194961	211783	208042	157791	155695
Q5XJ10	G3P_DANRE	gapdh		47235.5	44908.2	42116.7	43978.9	40386.7	36589.3	32771.9	29108.5	29036	29218.8	65242	57995.6	48117.8	58205.9	227429	241535
Q5XJ12	Q5XJ12_DANRE	hspa9		576851	591400	537586	533172	488931	502411	494482	520673	588957	604570	551346	531024	538305	538569	570221	606246
Q5XJ26	Q5XJ26_DANRE	apoob		17657.2	22375.4	19311.9	23979.8					17532.4	22731			5593.94		33476	32827.7
Q5XJ36	PARK7_DANRE	park7		217042	212374	208435	197430	196658	179100	202797	194001	227915	188481	238104	197736	224577	228940	216156	201277
Q5XJ39	Q5XJ39_DANRE	mcfd2		40018.4	41978.8	38584.2	34539.6	31928	36731.6	31182.5	35091.3	21731.5	26899.7	39721.8	36908.2	45335.6	43278.7	31263.9	27684
Q5XJ42	Q5XJ42_DANRE	glrx		40862.9	36579.1	48524.6	49744.3	53236	49416.1	32964.2	30937.3	40457.1	46749.8	52818.2	44500.7	32790.1	35616.1	79384.3	86431
Q5XJ46	Q5XJ46_DANRE	DKEY-226M8.1		9952.31	11080.6	10762.5	10408.3	11885	12298.1	13561	13413.3	11258.7	10110.1	10841.5	12831.7	15201.1	11788.8	13119	11384.8
Q5XJ54	GLRX3_DANRE	glrx3		187319	188883	175108	203277	206219	209029	206272	207505	233541	243959	211962	198910	199230	199485	195348	211597
Q5XJ57	TRMB_DANRE	mettl1		12437	12091.8	15164.2	14870.9	14084.1	12522.4	11457.2	16785.8	17276.1	9358.03	17871.6	20875.1	14121.7	16927.3	10644.9	12429
Q5XJ58	Q5XJ58_DANRE	txnl4a		14645.6	16312.9	17844.6	11747	10863	13469.7	17781.2	16615.4	18669.8	17602.9	12127.4	13195.7	10276.9	15597.1	13820.4	13798.2
Q5XJ95	Q5XJ95_DANRE	pawr		14353.2	11844.2	15826.5	13946.3	10859.1	11088.8	10209.3	10549.8	13578.1	11879.6	7404.25	11553.9	10466.1	11240.1	14855.2	13300.9
Q5XJA3	PRRC1_DANRE	prrc1		38441.2	37676.5	37872.1	29094.7	33319.7	28921.5	34658.3	30403.1	29246.4	22605.1	37487	33771.3	53984.2	41094.4	34737.3	27456.8
Q5XJA4	Q5XJA4_DANRE	amt		43880.4	49300.9	40800.6	45246.4	39701.7	43751.4	36077.6	38314.1	43704.5	53286.4	39742.6	40501.8	43290.7	50398	56820.3	54938.8
Q5XJA7	Q5XJA7_DANRE	gcdhb		115753	105030	104615	88754.9	106190	100279	103375	100520	59020.8	73295.3	112299	106758	130727	112309	65576.7	59311.2
Q5XJB5	Q5XJB5_DANRE	rdh14a		9072	8848.78	14019	9799.96	7775.28	8208.93	11655.8	8948.65	8030.52	5428.18	8875.53	6474.44	11167.6	12241.8	9135.98	6398.53
Q5XJC6	Q5XJC6_DANRE	pcyt2		19005.5	20689.6	23148.6	25810.1	24288.1	27639.3	22530.4	27987.4	30377.5	34290.3	23083.6	22341.8	15971.4	21231.3	34742.5	36781.2
Q5XJD3	FIP1_DANRE	fip1l1		28957.4	30603.4	35735.9	34280.3	33086	34776.7	32771.6	30054.3	48924.6	37983.9	30631.9	28826.7	25367.8	28508.3	32151.4	35433.2
Q5XJD4	Q5XJD4_DANRE	ctsz		65127.7	68276.3	82539.6	77006.2	81833	70921	65043.4	71289.2	57971.6	73330.6	56976.3	59188.3	65943.5	69364.6	60102.5	64111.1
Q5XJE1	Q5XJE1_DANRE	cutc		18614.5	27411.6	13417.6	11652.1	19316.2	21529.9	10776.5	7719.92	18821	15812.4	19563.5	21821	23565.3	21730.1	12867.7	16751.1
Q5XJJ3	Q5XJJ3_DANRE	atp5pb		3.7902e+06	3.75477e+06	3.07418e+06	3.00252e+06	3.05603e+06	2.90197e+06	3.21808e+06	3.08808e+06	3.423e+06	3.16427e+06	3.58288e+06	3.37508e+06	3.91026e+06	3.70617e+06	2.60365e+06	2.64456e+06
Q5XJJ8	Q5XJJ8_DANRE	ap3s1		64109.6	60243.9	53005.3	49394.8	53196.4	53749.2	56358.8	52504.1	91058.5	46037.9	63360.7	66991.7	70857.8	78432.4	38929	44072.1
Q5XJK1	SCOCB_DANRE	scocb		32222	29764.4	31131.8	29830.9	28749	33571.1	35657.9	36100.2	31374.7	35299.7	30107.6	27411.1	36775.3	27991.7	32793.6	34699.2
Q5XJK3	Q5XJK3_DANRE	crip2l		1980.63	3519.33	5294.88	4834.07	4130.43	3295.63	3175.46		14110.5	10328.2	3057.32	3015.84			13825.8	13093.1
Q5XJM4	Q5XJM4_DANRE	cdkn2aipnl		29472.5	25610.5	20763	26035.8	27837.8	27169.2	32605.7	27664.1	37857.6	29183.4	28093.3	28043.4	34546.1	33347.5	34998.7	25567.9
Q5XJN2	GILT_DANRE	ifi30		8755.81		14577.4	20149.9	27949.6	30706.6	10716.7	17829.2	34356.2	22968.9		14289.8	10244.9		23718.9	25741.7
Q5XJP1	EIPR1_DANRE	eipr1		26167.7	25151.9	24490.4	22565.5	23351.9	24514.7	25435.1	23978.1	20391.8	21081	20955.7	19753.1	27896.2	25798.5	25028.1	20147
Q5XJP3	Q5XJP3_DANRE	syngr1a		17578.4	17580.8	16843.5	24646.2	29493.6	27807.4	22497	19779.5	27561.4	9658.8	22726.2	29770.9	12499.3	10016.6	37591	37857.7
Q5XJP4	Q5XJP4_DANRE	ech1						16045.1		22707.1	24997.6					15732.6	21272.8		
Q5XJP6;Q6DBS5	Q5XJP6_DANRE;Q6DBS5_DANRE	dhrs3a;dhrs3b		6216.38	4625.73	5836.33	6204.05	5375.1	3146.42				4348.52	7954.73	7098.39	8664.58	7041.56	6092.08	4564.54
Q5XJQ5	EXOS9_DANRE	exosc9		16334.7	21729.7	11432.5	9465.64	15291.7	12122.2	19551.2	10225.6	14966.9	14807.7	19143.6	25649.5	26962.2	25830.4	12545.5	11187.1
Q5XJR6	ORML3_DANRE	ormdl3		9534.42	6081.07	6459.04	6955.87	6584.93	6686.64	6729.67	8356.81	11957.6	5528.77	7178.83	7235.73	10617.7	12716.3	8104.21	4547.59
Q5XJS3	Q5XJS3_DANRE	scp2b		215220	210407	221569	223355	194825	195211	203915	185984	216170	220663	208781	214032	208145	191473	214754	219555
Q5XJS4	Q5XJS4_DANRE	rab34a		67744.3	63157.3	49927.3	52161.4	54220.6	51343.2	71085	69951.6	37168.8	66158.5	54172.9	52853.9	58467.4	56570.8	72046.4	69243.3
Q5XJS5	THOC6_DANRE	thoc6		95865.1	101305	88425.9	90249.2	100172	95508.6	107679	103941	123104	119200	110877	87052.4	86553.9	108961	121804	117445
Q5XJS6	Q5XJS6_DANRE	arl6ip5a		19267.3	18449.3	16184.5	16043.9	12222.8	17492	13122.8	16305.5	11482.2	13956.5	19047.6	16034.9	20590.7	21558.8	12142.3	9570.58
Q5XJS7	Q5XJS7_DANRE	dera		13563.9	17696.1	19875.2	18024.1	19940.4	18104.4	17727.2	18554.6	17207.4	22435.7	16710.2	14977.7	13937.9	13862.6	21942	20732.2
Q5XJS8	Q5XJS8_DANRE	hsd17b10		924685	943859	886481	916368	948066	994999	789017	822523	1.09317e+06	1.26398e+06	756685	762117	719520	710384	912101	998895
Q5XJU2	Q5XJU2_DANRE	zgc:101566		7117.55	5270.56	6815.45	9813.32	7334.97	9632.32	5636.1	7542.24	15336.8	16435.7	5855.53	7144.78	5778.05		14319.8	20107.5
Q5XJU9	Q5XJU9_DANRE	galk1		33777.5	34645.7	44161.6	33645.9	35990.7	38920.8	28059.5	28213.5	27177.9	31057.2	36866.6	37703.7	38208.4	40132.9	34762.4	29592.4
Q5XJV1	Q5XJV1_DANRE	sccpdhb		188948	195035	212249	190219	189636	171139	192691	192486	229130	177165	92780.7	79313.5	232078	226898	229739	252785
Q5XJX1	SEGN_DANRE	scgn		10304.8	12114.7	13573.6	11441.8	12938.1	14945.8	8951.97			11218.6	12297.9	10546.1		6092.3	16571.2	11628.4
Q5XLR3	Q5XLR3_DANRE	ncstn		18857.8	23117.8	23664.2	22129.2	26680.8	25505.8	21126.6	21730	14211.3	23016.8	24189.6	27719.4	29553.3	28622.9	18786.1	25201.2
Q5XTN0	Q5XTN0_DANRE	crygmx		15430	16186.8			6821.94	6442.57	27078.2	29576.9			28510.5	29835.7	12655.3	13328.3	10138.2	12166.1
Q5XTN2	Q5XTN2_DANRE	crygs4		16730.3	17877.3				13726	55470.7	50415.9			55437.8	64686.8	26054.1	27418.1	28719.1	29578
Q5XXA7	HDGR2_DANRE	hdgfl2		28729.4	31364.3	33840.2	36184	29942.6	36318.5	32174.7	36291.1	22397.9	26559.1	28510.6	27285.5	26389.1	26156	37644	39058.9
Q60H65	Q60H65_DANRE	pcdh2aa15		45115.5		46630.7	45979.9	49307.1	34561.1	41591.6	32139.2	30005.8	45508.2	34052.5	28087.2	42681.8	43711.4	44608.8	36306.1
Q60I64	Q60I64_DANRE	pcdh2ac		13040.7	15160	15558.5	15326.8	18391.6	17262	13972.8	10157.3		17931	15855.3	20045.4	13682	17228.8	17066.6	16732.5
Q60I71	Q60I71_DANRE	pcdh2ab6			14698	23663.3	20500.9	21729.8	15102		25331.6		28579.5		16590.2				27744.7
Q63ZV9	Q63ZV9_DANRE	ptp4a2a		21130.1	17668.2	20669.1	10238.8	15832.6	18797	19405.3	15563.1	22412.4	14382.4	23470.6	20857.4	16013.7	20370.9	11517.8	7486.34
Q63ZW0	Q63ZW0_DANRE	gca		53706.5	48030.7	44862.5	43338	54571.5	51636.5	45001.7	47487.8	31840.8	36147.1	53002.5	45304.7	51221.9	55705.1	45585.6	50888
Q63ZW2	MC25A_DANRE	chchd6a		83711.8	100072	89453	97440.9	83864.5	96256	91877.8	88326.7	112117	120620	85219.6	90677.8	80120.6	83565.8	108703	124722
Q641M4	Q641M4_DANRE	zgc:100918		102623	101387	104276	112186	121746	121793	110441	115238	184154	132659	93950.5	96736	95567.8	95168.5	149212	170302
Q642G9	Q642G9_DANRE	opcml		39745.1	28969.6	25992.9	32382.6	31136.6	29614.8	40596.5	46444.2	52339.1	40567.6	41197.7	42505.8	39932.3	33225.2	32634.2	40462.9
Q642H3	SEP8A_DANRE	sept8a		312127	309870	317605	307832	319679	301512	316100	306672	316879	284631	360530	348173	363688	351127	292500	281136
Q642H5	Q642H5_DANRE	ppp2r1bb		227591	205122	187578	190570	211152	222848	215804	224618	246428	243831	253488	219042	213027	222655	233864	230476
Q642H6	Q642H6_DANRE	crata		144660	149211	146377	152769	136524	131507	121357	123013	134557	126501	108141	115234	128414	134185	129722	134678
Q642H7	RIC8A_DANRE	ric8a		73652.3	74376.1	73899.7	73900.2	79533.3	78923.6	87254.1	83360.3	85241	92527.9	77511.7	79140	85386.2	75804.8	69405.6	69955.1
Q642H9	RS4X_DANRE	rps4x		271701	279261	268286	270034	279816	274676	296876	310296	264263	275091	282451	274979	265846	265581	270238	288440
Q642I9	Q642I9_DANRE	cox6a1		1.98614e+06	1.91284e+06	1.53628e+06	1.63602e+06	2.11528e+06	2.08308e+06	1.91002e+06	1.94313e+06	2.33649e+06	2.33227e+06	1.81524e+06	1.80866e+06	1.89353e+06	1.8562e+06	1.22782e+06	1.27235e+06
Q642J0	Q642J0_DANRE	hint1		664552	686068	652803	666400	676786	659389	718398	726507	627738	756739	845057	833147	731551	746739	753420	729720
Q642J1	Q642J1_DANRE	fkbp1ab		20321.5	19022.5	27012.7	33232.3	24629.2	32565.3	20287.4	22889.2	50196.2	65024.1		25218.6	17951.8	21544.7	36274.2	53079.4
Q642M8	Q642M8_DANRE	zgc:101858		34435.7	46254	41297.5	41363	36946.8	44324.9	41690	46349.2	48621.6	43495.4	45174.8	42908.3	46688.2	50737.3	52200	45815.2
Q642M9	DHDH_DANRE	dhdh		184041	182304	133540	120025	158578	150616	162063	147090	163164	149982	145696	147586	161464	144690	100124	108492
Q642Z0	Q642Z0_DANRE	atp2a1		12662.8	19531.1	7076.65		36545.6	37207	6709.34	10692.6	9759.78		8442.12				113426	137287
Q64HD0	Q64HD0_DANRE	shbg		98876.2	106059	100398	114062	59463.8	68532.2	71506.5	75282.4	56347.7	57249.1	81043	85014.2	78857.1	79528	90116.5	96705.2
Q64HS5	Q64HS5_DANRE	gpsm1b		6483.9	7161.23	5854.67	6675.4	8218.44	8201.11	7524.99	7695.88	7985.88	7172.61	8656.98	8031.19	9840.37	10868.5	7754.66	6041.54
Q66HV4	COPB_DANRE	copb1		160166	163783	159757	154624	148956	146150	162718	154340	138080	148616	166747	170149	186925	185475	145813	141408
Q66HV5	Q66HV5_DANRE	vwa5a		40057.1	42077.6	40101.9	37948	53367.8	49179.1	66255	59090	54284.8	56600.1	58117.9	49157.7	70963.9	62414	54637.1	53009.1
Q66HV8	Q66HV8_DANRE	pfkma		19220.9	18247.3	15786.1	16972.9	14155.1	11039.7		7850.57			13671.1	12929	18954	12453.2	29957	26981.5
Q66HW0	Q66HW0_DANRE	coasy		77338.2	74878.7	72328	68389.3	69476	67341.8	72293.8	69902.4	70655.1	65584.3	72757.7	72244.9	82735.8	81558.2	64815.4	65527
Q66HW2	Q66HW2_DANRE	ehd1b		40506.2	38522.8	42178.2	40138.1	45026.4	51711.4	35418.3	41148.3	46728	43182.8	47912.7	49902.6	52465.6	53248.2	44182.2	44793
Q66HW7	Q66HW7_DANRE	prph2a		49438.2	49954.3	72479.5	73337.3	69182.2	85486.3	53788.4	90736.9	76841.2	141928	35245.2	47685	28272.9	31744.7	106479	133336
Q66HY7	IF4E3_DANRE	eif4e3		75675.8	65785.1	73163	75754.9	74905.6	69623.4	74432.2	70371.5	62128.5	58712.9	67416.3	77570.1	83865.9	94731.6	71160.2	69851.4
Q66HZ2	RIMKB_DANRE	rimklb			2123.37		3109.1		3688.34		2031.79	8409.73	5451.59					3900.97	5285.91
Q66HZ5	Q66HZ5_DANRE	taf6		26633.1	21712.5	28578.4	31181.4	27847.7	25838.1	27593.7	23236.5	28189.1	26759.1	24272.3	24888.9	32518.8	25772.8	28834.3	26872.7
Q66I02	Q66I02_DANRE	utp3		14944.3	17574.9	15769.2	17960.4	17452.3	19150.9	15812.1	14496.4		14013.2	12706.5	15849.2	21914.7	16418.2	16899.2	15293.3
Q66I12	CCD47_DANRE	ccdc47		109401	103138	113470	110950	109149	108519	111768	112379	105491	101296	148680	139543	147659	132157	100381	103355
Q66I14	SPS3_DANRE	sephs3		70508	70280.5	52790.2	46410.1	58695.1	51167.5	63234.8	54559.9	47165.6	46461.7	74653.1	61933.4	85206.1	85563.1	52775.1	47115.9
Q66I16	Q66I16_DANRE	etfdh		112249	106971	108147	108617	102719	103217	125305	112874	113753	104553	88186.2	99831.9	110912	102474	116204	118757
Q66I22	SRRT_DANRE	srrt		46937	48099.5	52083	53199.4	52224	58240.1	48288	55575	60339.8	55575.9	49539.3	52097.6	44714.3	50236.9	63872.9	66235.8
Q66I23	Q66I23_DANRE	tgfb3		48151	43772.2	39917.7	40643.8	41419.2	32839.3	41551.3	40492.1	31771.9	33636.2	41812.6	46605.9	46310.2	47047.2	27553.5	34078
Q66I24	ASSY_DANRE	ass1		29295.9	33539.6	18914.3	22357.1	23649.9	24196.7	21870.6	24947.6	22978.2	22759.7	18145.4	17252.4	27165.3	28891.3	42572.4	48992
Q66I37	Q66I37_DANRE	nucks1a		16724.6	16084.1	15365.2	19929.2	17072.4	21434.7	12299.1	14344	14185.9	19215.7	10943.3	13971.2	10450.4	12293.8	21924.3	23314.8
Q66I39	Q66I39_DANRE	tmod2		108818	113272	119290	123291	118638	111824	104812	105885	106549	110096	107635	99475.8	110000	94573.8	146826	141201
Q66I42	MOESA_DANRE	msna		342856	349232	423297	430525	356481	364213	318603	332803	293550	312553	359506	350839	315879	330626	466104	469519
Q66I52	Q66I52_DANRE	ndufs6		715448	669672	880356	893939	845583	810602	821914	777661	1.03928e+06	887316	896772	873710	975035	897258	659694	658809
Q66I53	Q66I53_DANRE	cox17		53434	49046.8	33729	35990.7	40590.7	36305.5	31251.8	41240.6	34554.9	43856.9	51425	49916.1	42494.1	47944.9	37468.2	36571
Q66I54	Q66I54_DANRE	mrpl53		16019.2	16298.9	14990.9	10662.8	13625.2	13361.7	12388.6	13164.5		11043.8	12002.9	10366.2	9274.33	12893.3		8910.64
Q66I55	Q66I55_DANRE	rrh		41243.5	29295.5	34618.5	38355.7	34947.3	20088.1	32671.1	35046.2	20704.8	19419.8	33189.9	30550.6	33439	34026.5		15444.1
Q66I57	Q66I57_DANRE	rs1b		201300	199552	189895	195373	202175	219034	228267	260060	209305	244905	158764	173498	180342	183732	276914	298757
Q66I58	Q66I58_DANRE	suclg1		1.13314e+06	1.19621e+06	1.10023e+06	1.02552e+06	946040	1.02007e+06	1.16395e+06	1.12152e+06	1.33146e+06	1.26418e+06	1.0755e+06	1.01469e+06	934684	926884	1.07089e+06	1.03829e+06
Q66I71	UCK1_DANRE	uck1		26940.8	19365	13254.9	7520.46	18391.8	25874.1	19212.3	30536.9		29869.1		12800	14923.1	16879.4	20130.1	26184.8
Q66I72	Q66I72_DANRE	f11r.1		12424.3	14290.1	16851.6	15762.1	13557.3	19657	13470.3	12927.6	25664.2	23775	16370.7	16145.2	11705.6	12664.2	29972.3	34825.3
Q66I80	Q66I80_DANRE	fabp4a		76865.4	69395.2	99162.8	98931.9	122940	121347	82433	84977	53438.2	71367.5	104600	100789	80033.7	87246.2	119849	122602
Q66I87	Q66I87_DANRE	glod4		63320.5	58852.1	61431.2	67390.8	62095	59445	59485.3	57022.4	64013.9	63197.9	63149.2	72175.9	62517.9	64249	62182.1	63551.4
Q66IB0	Q66IB0_DANRE	lin7c		626763	654433	714587	701957	682420	695997	651563	735236	453302	633060	665762	673749	677832	675022	760403	766953
Q66IB1	Q66IB1_DANRE	eloca		8886.4	7701.75	11872.7		15064	20890.9			22789.6	31815.6	10600.1		7533.23			31056.7
Q66IB5	Q66IB5_DANRE	qdprb.1		108696	93512.1	104670	111088	110567	109369	93291.8	97319	109160	106138	118758	115019	117178	111919	100335	80728.9
Q66IB6	Q66IB6_DANRE	hmgb2b		332796	333170	416581	427062	397303	386897	393160	393996	346730	317856	366407	366213	409242	411903	390003	395203
Q66ID4	Q66ID4_DANRE	pnp5b		32305.3	37927.1	32298.2	34525.4	38815.8	43683.9	29078.8	36935.6	31884.6	38653.4	24010.1	29284.6	23973.6	26134.7	47156.5	46869.4
Q66ID8	Q66ID8_DANRE	anxa3a		33561.4	32901.7				12161.3	10273.1								45037	43848.2
Q66IF1	REEP6_DANRE	reep6		34863.5	38987.9	40040.4	42484.1	34022	39501.7	41073.4	41414.5	66151.7	46166.3	45113.2	42993.4	47433.1	40902.3	45369.3	42520.2
Q66L49	SCMC1_DANRE	slc25a24		60242.6	70027.9	64483.5	71666.2	69369.7	65309.6	58913	65339.2	77764.8	59956.3	92516.3	101703	76711.1	49070.4	78100.3	
Q66L51	COQ5_DANRE	coq5		64018.5	68492.8	67493.6	67428.7	60180.4	57473.3	56831	59311.4	71250.1	60168.2	57574.2	53222.4	52279.6	54674.1	62460.6	84197.2
Q66L53	Q66L53_DANRE	lcmt1		23576.9	23311.3	23276.1	22967.2	23136.7	21514.5	24461.2	22229	21669.2	18450.8	29281.2	25560.4	29201	23644	24872.9	22028.6
Q66L58	VAC14_DANRE	vac14		54776.8	54072.5	43274.5	46400.2	47487	48186.8	44389.6	45549.3	38970.8	45595	59708.8	58358.5	68929.3	65652.3	38706	40386.3
Q68EG7	Q68EG7_DANRE	morc2		18444.8	20465.5	22802.5	21651.3	24526.9	24087.6	19683.6	21285.3	21813	23892.9	25098.5	23587.4	28074	23744.9	19769.9	19006.8
Q68EH0	Q68EH0_DANRE	gspt1		11612.4	11957.5	14327.4	15767.1	12643	16453.6	12158.9	13768.7	7883.25	15247.2	5350.81	8690.99	9232.27	8678.95	21677.2	23245.2
Q68EH3	Q68EH3_DANRE	elf2a		8386.91	7521.49	11205.7	8057.95	9769.73	8936.14	7079.53	7972.92	6806.08	7031.85	7966.5	10433.9	9950.43	10936.7	9072.5	7272.3
Q68EH9	CRBN_DANRE	crbn		15727.7	17317.9	14958.5	17419.3	14077.7	15225.6	15998.3	14797.8		14381.6	18090.6	19475.1	19314.4	17698.9	13750.1	10134.7
Q68EI0	WDR18_DANRE	wdr18		24916.1	24089.9	28997.9	27148.4	24673.1	20470.8	30028.7	25733.5	27225.1	26540.8	26517.5	29817.2	26111.4	23558.1	21023.6	24893.4
Q68EI1	Q68EI1_DANRE	cthl		56392.3	56972.4	70979.9	75675.2	80679.6	77655.8	73742.9	61594.5	53946.1	48287.5	84171.2	79130.4	72522.8	87317.9	71244.2	94200.4
Q68EI7	Q68EI7_DANRE	fuca2		6960.68	13790.7	10794.9	11909.1	10127.1	10928.3	12780.1	9804.53			8273.81	7433.13		7081.68	9595.56	10140.7
Q68EJ4	Q68EJ4_DANRE	tcf25						17288.6	32921.8	30402.7	61571.3			32806.2	32713.1		26263.2		
Q68EJ8	Q68EJ8_DANRE	gdpd1		32656.6	32791.6	26239.8	27952.2	28790.3	26812.8	34841.7	28394.3	26275.7	34236.2	39785	44774	45001.2	36132.1	30143.2	33098.3
Q68EK7	RAB4B_DANRE	rab4b		30218.3	32056.3	32886.9	30368.8	30790.5	35964.4	28361.3	34740.5	37659.1	38683.3	29696	28784.9	25378.1	22192.9	33845.2	39366.7
Q68EK8	Q68EK8_DANRE	tnpo2a		12195.1	15566.3	18917	17835.2	10861	16304.9	24496.6	17365.2		17272.7	22244.2		15147.1	20823.7	18141.4	21322.1
Q68EL2	DTD2_DANRE	dtd2		4338.28	7222.11	5175.82	4576.65	5590.93	5775.38	7044.19	7324.99	4160.24	4215.18	4620.64	8792.28	6650.32	6880.03	5286.42	4412.87
Q68EL3	BET1L_DANRE	bet1l		51784.5	47816.5	54174.4	54623.6	60932.7	60319.5	64115.3	64331.5	64737.9	67135.5	51981.6	53505.7	35572.4	50032.9	66165.1	69411.2
Q68FN4	Q68FN4_DANRE	ppm1ba		119105	113815	127097	116519	116536	114454	114174	115422	153668	122013	124699	123552	122511	116064	118891	127305
Q68FN5	Q68FN5_DANRE	fhl5		17635.7	26179.4			36991.4	32858.4									94512.9	96321.2
Q68FN7	DHSDB_DANRE	sdhdb		24783.9	19322.7	17276.3	24519.7	26503.6	14295.1	34115.6	48761.2		36287.9	27748.4	23213.5	18991.1	22491.2		
Q68SP2	Q68SP2_DANRE	stat5b		28979.8	29460.8	34302.7	33279	35005	35040.5	30242	27360.3	32105.9	27876.6	34627.8	36206.3	39739.3	36072.5	31788.6	30601.2
Q68SP3	Q68SP3_DANRE	stat5a		61291.5	62145.1	72292.1	74375.2	78400.7	77736.6	78139.1	74120.7	86282.4	76911.7	74561.5	66822	71991	68876.1	69913.4	71368.1
Q6A3P5	Q6A3P5_DANRE	ndrg1a		3.47458e+06	3.49347e+06	3.55681e+06	3.50837e+06	3.63271e+06	3.77948e+06	3.73309e+06	3.75544e+06	3.51006e+06	3.69427e+06	3.49845e+06	3.18152e+06	3.57142e+06	3.66099e+06	3.05979e+06	3.17434e+06
Q6AXI3	Q6AXI3_DANRE	rad23aa		205141	207053	228338	223468	222713	198855	219716	201520	185739	190090	222679	228720	249679	243161	202350	206852
Q6AXI7	Q6AXI7_DANRE	acads		26409.3	29614.4	17634.1	19064	16012.9	21644	11747.1	15740.7	13327.8	13168.2	20078.5	19458.6	28085.5	33122.2	13374.9	11496.9
Q6AXJ2	EI3HA_DANRE	eif3ha		46017.5	43021.1	44386.1	36309.2	39124.1	37211	39377.3	40340.4	35559	33578.9	45859.4	46922.3	40139.5	37885.5	46782	47509.4
Q6AXK4	BABA1_DANRE	babam1		14562.2	14632.1	15637.9	18036	15365.4	16063.9	17503.4	16653.6	11675.1	15244.6	26164.4	21332.6	15171.1	12546.1	12166.8	12946.4
Q6AXK9	Q6AXK9_DANRE	thoc3		26100.1	24472.4	26761.5	22973.6	24921.4	20288.1	31712.5	31139.1	22578.2	17893.6	26179.9	27707.1	31735.2	31638.1	20542.6	22424.8
Q6AXL4	NCLDB_DANRE	ncaldb		174716	180115	180269	180234	184354	181845	179595	182181	174381	189279	169823	181172	192675	191746	167657	166132
Q6AZA0	THIL_DANRE	acat1		545625	520454	608614	627598	448066	469696	450732	431384	681895	590851	462953	446024	493838	550251	480050	564219
Q6AZA1	Q6AZA1_DANRE	pfn2a		439636	469206	439127	454922	449807	451600	480841	482551	480697	411182	441485	422500	502808	465178	421997	421594
Q6AZA2	Q6AZA2_DANRE	ndufv1		233011	240903	305012	308845	273700	285479	276451	288614	270399	285313	230680	243678	273717	283353	250219	279619
Q6AZB2	Q6AZB2_DANRE	oxct1a		310621	327548	271204	278260	287650	294186	287217	317672	366363	343170	276572	264825	265030	271076	318284	362326
Q6AZB3	CPIN1_DANRE	ciapin1		42444.2	42067.3	49146.3	47548.1	48568.5	55262.2	43020.9	39819.5	49889.8	56770.9	55864.1	50489	43645.9	43324.7	52017.2	56403.6
Q6AZB7	Q6AZB7_DANRE	fhl2a		66815.9	62885.9	61347.9	58017.2	43538	53788.4	49738.6	61160.9	51317.6	47048.2	66606.5	62961.1	61882.1	54893.1	86707.6	82893.3
Q6AZC1	Q6AZC1_DANRE	psmc5		138202	143594	144457	146723	140021	136232	141587	146874	125116	129909	148448	139267	146961	138373	136634	139979
Q6B337	Q6B337_DANRE	gipc1		53786.4	49500.5	59240.8	57372	55081.2	55046	56635.8	51642.1	56931.6	60057.5	45333.4	47413	51573.2	57622	65913	67933.7
Q6B3P0	CDHR1_DANRE	cdhr1a		372057	369700	485750	332777	467817	493101	397559	635591	863557	478937		681778		648548	626010	725156
Q6DBQ8	CPTP_DANRE	cptp		16090.2	9819.29	10715.9	11301.5	13241.8	12713	12304.2	12601.2	29570.6	11261.8	12612.1	13631.7	10585.6	12458.5	7471.44	7319.63
Q6DBR3	Q6DBR3_DANRE	adprh		93171.3	94958.3	81240.3	77536.1	62270.4	60137	51674.1	54896.3	76721	71298.1	92288.1	89082.9	57031.8	51088.1	89003.3	90863.7
Q6DBS6	Q6DBS6_DANRE	bloc1s4		7561.23	13005.3	13821	18086.6	11032.9	19607.4	12604.1	16446.6	17668.5	20624.2			7267.04	13124.2	26440.6	25626.9
Q6DBS8	Q6DBS8_DANRE	cfd		13882.9	10054.9	15214.5	10530.5	14897.8	15105.1	8458.33	8459.82		7678.81	16483.6	14870.8	14255.7	14552.2	17644.3	17341.6
Q6DBT3	TXD17_DANRE	txndc17		76303.1	79885.9	63483.1	69285.3	54891	47770.1	63198.2	59572.9	69356.2	44850.5	89959.5	86022.4	83970.4	76184	47954.7	51278.9
Q6DBT6	Q6DBT6_DANRE	zgc:92045		6504.92	9095.71	4530.8	6028.77	8876.37	10535.6	8889.11			9119.24	8850.75	8700.55	7372.93	8170.51	6921.07	
Q6DBT9	Q6DBT9_DANRE	cldnk		31526.6	33877.8	22594.8	24789.4	45540.6	49762.9	38024.4	39950.2	56945.1	67963.1	24565.1	23102	21555.2	19555.3	45262.8	45192.6
Q6DBU2	Q6DBU2_DANRE	gpalpp1		53638.9	44115.1	18816.7		37647.4	38201	39426.9	32984.3		24295.7	40706.2	42155.9	54803	51319.1	30655.1	37560.1
Q6DBU5	GMPPB_DANRE	gmppb		24346.2	24548.7	22052.5	21448.1	31528.2	29428.8	29548.4	31674	31370.3	34777.4	22280.1	19609.1	27639.9	24207.8	29860.4	35584.8
Q6DBV8	Q6DBV8_DANRE	prkacab				9642.62	10339	5328.46				16396.2	8772.49					16701.6	20745.5
Q6DBW2	Q6DBW2_DANRE	paip1		10346	9292.3	9993.01	12749.3	14069.7	16684.1	14405.6	14754.7		17053.7	10351.5	12058.7	10713	13156.3	10961.5	11907.2
Q6DBW9	C99L2_DANRE	cd99l2		19708.8	19673.8	13741.7		14357.1	11739.4	17853.7	15637.8	10265	13144.9	20419.9	14386.9	19949	14009	16287.2	12595.5
Q6DBX1	MED20_DANRE	med20		28545.7	35788	29126.1	37662.6	33027.5	46475.9	37033.1	49603.4	19348.9	31661.7	34693		27811.1	33430.9	36508.7	
Q6DBX3	Q6DBX3_DANRE	cnrip1a		31428	31439.1	38192.5	44112.6	40205.3	40003.1	36591.8	37936.6	56786.1	48315.2	50384.4	50804.2	47274.5	41988.2	51822.9	66335.2
Q6DBY0	NUP85_DANRE	nup85		27061.8	27355.8	13678.4	13698.8	27258.6	26668	28632.4	23351	32015.3	23703.5	15743.5	11516.4	25983.9	27532.2	13994.3	15389.6
Q6DBY2	NAA50_DANRE	naa50		47345.2	46906.6	50396.2	49432.4	49475.9	49052.5	49096	49262.3	43932.3	48004.3	47860.4	47893.5	51525.1	51539.9	49235.2	48988
Q6DBZ1	Q6DBZ1_DANRE	fkbp9		36502.2	36971	44204.9	46932	41091.8	41851.9	34519	38962.3	36106.3	37248.1	40945.6	41958.3	37931.1	39041.3	56055.7	51391.6
Q6DC04	CARM1_DANRE	carm1		49176.7	41825.1	49250.6	48741.5	45793.1	42233.6	54655.9	51724.6	52416	42574.4	44104.4	53014.8	47384.3	48006.8	48513.4	47788
Q6DC18	Q6DC18_DANRE	phpt1		96032.3	93179.2	86540.8	83886.8	81670.6	88550.2	86673.1	88932	76054.1	91084.1	89034	86935.3	78693.4	79452.1	77178.1	90410
Q6DC20	Q6DC20_DANRE	arf4a		523300	469636	452905	473502	438642	427202	444288	435927	579096	568652	511292	521781	608571	594558	511568	506641
Q6DC23	Q6DC23_DANRE	ccdc12		59327.5	49983.6	45711.2	47026.2	59011.1	53753.4	61199.6	62450.5	73318.3	46968.9	65252.3	68963.8	64546.8	57939	49779	61002.4
Q6DC31	Q6DC31_DANRE	trappc3		49601.4	51447.9	40550.3	51761.1	36525.5	54941.7	55665.6	48174		47020.2	47606.9	56598.4	60177.9	45521.3	54318.3	46887.1
Q6DC47	Q6DC47_DANRE	mrpl19		37799.2	34723.4	25769.5	24174	25528.9	23949.5	21258.7	22681.9	24567.6	16181.7	31598.7	26525.1	31791.2	30887.4	25241.9	11506.6
Q6DC49	Q6DC49_DANRE	tuba8l3		13862.3		16279.5	18579.2	19996.1	18179.7	17962.1	16810.2			12128.1		11319.4	13585.4	16451.3	
Q6DC50	Q6DC50_DANRE	fuca1.2		8957.69	3913.3	7122.54	4908.57	10028	6545.68	5626.5	3938.08		4373.25	6416.87	7199.09	3449.99	5472.12	4198.63	4688.57
Q6DC58	TM223_DANRE	tmem223		35822	31055.8	27131	29573.3	36137.4	33668.2	26108.2	31796.6	36538.1	31592.7	42550.2	38897.5	42693.1	45762.7		
Q6DC72	Q6DC72_DANRE	hibadha		70410.5	59214.5	46237.7	50962.9	53609.9	52138	57816.5	56172.4	72713.2	71878.7	60460.6	59589.1	68034.2	61421.9	45888.1	51258.9
Q6DC81	Q6DC81_DANRE	nutf2l		14380.4	13813.2	12254	14013.2	17913.3	16379.8	15300.4			12367.4	16903.7	18485.8	11165.8		19156.9	22987.9
Q6DC87	Q6DC87_DANRE	bola3		255158	238870	201343	187221	207636	191948	207527	199151	217404	200454	291903	275576	270012	252185	172870	174049
Q6DC92	Q6DC92_DANRE	ralba		10487.7	10519.2	12751.4	14079.9	10639.2	10493.7	10301.4	6531.91	8002.77	9562	12877	11001.8	8556.7	13034.8	10421	8492.53
Q6DEF4	LYSM2_DANRE	lysmd2		14714.6	10670.2	19649.1	20933.4	22594.6	23298.6	9994.4	17249		34472.2					22480.4	44505.9
Q6DEG4	LTOR2_DANRE	lamtor2					7638.5	7377.72	10183.6	4463.29	5822.96	13604	11988.3		9012.58			6411.86	8930.15
Q6DEG7	Q6DEG7_DANRE	zgc:101040		261073	292840	251484	257687	188260	201411	192853	186152	303205	298235	147471	160079	107001	117691	215895	219672
Q6DEH3	KC2D1_DANRE	camk2d1		61136.4	65747	63236.1	67662.9	72878.6	72984	72725.7	71172.6	61316.1	75230.4	62770	61673.5	58958.8	60394.2	58489	69698.1
Q6DEH7	Q6DEH7_DANRE	nek7		18414.5	18428.2	15044.6	19187.5	16292.5	13374.2	12658.2	12657.9	10624.3	9989.64	14651.6	15863	19460.3	18310.6	12930.3	14322.1
Q6DEI4	Q6DEI4_DANRE	pdia8		42447.9	44760.6	37682.7	38824	41882.8	41288.7	42737.8	43522.7	42938	44432.6	37251.9	35093.7	38450.9	40703.8	41626.1	42666.3
Q6DEI8	MIA40_DANRE	chchd4		23367.1	19782.9					35724.6	33239.6			23625.7		22503.4	18757.5	12650.6	
Q6DEJ0	Q6DEJ0_DANRE	rab35b		104782	103172	95124.8	98003.6	112613	106620	108671	115812	99057.6	109579	108003	101612	102380	107470	104708	105144
Q6DEJ5	AASD1_DANRE	aarsd1		72235	53135.5	83594.6	88844.5	66271.5	72191	86937.7	98259.4	39119.5	55144.4	86902.9	51034.3	87695.5	74900.1	102242	135522
Q6DEJ9	Q6DEJ9_DANRE	dpm1		57555.6	54911.4	41829.8	50663.1	50446.9	50722.4	78074.3	78344.6	58389.8	53917.7	56472.1	55244.7	72029.1	70966	39797.8	40428.7
Q6DEL2	CLPT1_DANRE	clptm1		81827.9	68927.9	77626.6	74622.8	75015.4	71917	78109.2	76589.4	75313.7	66769.5	94025.7	93213.8	94503.7	97359.8	72520.1	67655.5
Q6DEL5	Q6DEL5_DANRE	bola1		21615.9	14817.7	17152.4	23464.2	11876.2	15104.3	19268.6	20991.7	14378.5	21129.5	28765.7	29046.4	24729.5	30265.8	13148.1	14537.9
Q6DEM2	Q6DEM2_DANRE	crk		92950.5	94868.3	97848.2	99362.1	102108	105862	108460	107074	106582	120961	92302	97758.1	86776.7	87948.9	128516	136165
Q6DEM5	TIM8A_DANRE	timm8a		54021.4	46026.7	46206.4	46549.6	39881.9	35366.3	37814.4	39480.3	47495	49925.6	52617.7	49179.8	56999	47471.2	44578.2	38676.4
Q6DEN0	UFC1_DANRE	ufc1		35260.4	37376.3	31380.8	28862.2	31833.9	29392.8	39275.2	46867.5	33711.3	22500.9	23485.3	21733.6	38203.9	36355.4	39572.2	37974.7
Q6DG11	Q6DG11_DANRE	sart1		30256.2	32105.7	34795.3	38373.4	36957.8	34730.8	31944.8	27772.1	46730.6	47246.1	29873.5	32661.1	34018.4	29114	42796.4	44847
Q6DG22	ADA_DANRE	ada		59511.3	56463.8	53260.5	53292	41975.8	45593.9	45008.8	49518.9	46972.6	41542.8	46882.1	48049.4	45018.6	45809.9	47886.1	47040.9
Q6DG30	Q6DG30_DANRE	serpinb1		56018	56790.9	43722.5	41087.4	52779.1	51316.2	54149.7	52921.6	51922.2	46275.9	68941.4	66241.1	68270.7	63524.2	41822	36536.7
Q6DG32	S2536_DANRE	slc25a36a		94698.1	93417.8	63454.2	64993	72809.1	73123.1	90139.1	90751.7	109107	121622	92749.9	64450	85457.2	78674.3	71851	68541.6
Q6DG39	Q6DG39_DANRE	rcan3				18090.7		17656.3	16295.8		20739	59448.7	24735.5	24249.2	29195.5	22609.1	20956.1		30562.3
Q6DG42	Q6DG42_DANRE	pak2a		74990.9	73463	70135.9	71769.9	71873	71866.4	70093.9	61824.1	65164.6	57260.9	82247.5	77758.8	80092.5	78001.8	81522.2	78625.6
Q6DG60	UBE2Z_DANRE	ube2z		13124.7	13121.3	19164.2	9478.67	15561.9	12298	20205	16114.7		13215.9	13469.9	15363.5	16721.2	16605.8	14061.9	8961.87
Q6DG67	Q6DG67_DANRE	aclya		184241	187477	143286	139001	133963	130651	136079	135920	170354	158620	143453	143543	145776	145715	148633	170065
Q6DG68	Q6DG68_DANRE	ube2e2		8167.99	5180.24	10036.9	12068.9	9943.69	16812.4	8006.01	9789.92	29376.1	26113.7		8844.94	5246.93	4059.24	25742.5	36383.3
Q6DG78	Q6DG78_DANRE	rdh12		9330.81	3237.68	7738.38	6568.75	6943.82	7719.55	11433.6	6676.71	10554.5	5545.61	10266.1	8247.78	11293.5	11204.6	3957.17	6741.16
Q6DG81	PLST_DANRE	pls3		171046	166382	207977	201871	162528	153007	133131	133203	90364.1	95404.7	143242	149100	154619	167421	213797	230767
Q6DG97	Q6DG97_DANRE	nudt2		27840.8	29286.2	27309.6	27852.2	34337.6	33851.9	32393.5	33787.8	64307.5	46961.3	34004.9	28439.5	25767.4	21873.1	19045.1	32024.8
Q6DGA0	Q6DGA0_DANRE	blvrb		339289	333493	372594	382768	333608	348186	227474	230899	181166	208093	411506	422358	367458	376588	580496	618409
Q6DGA7	CYBC1_DANRE	cybc1		11082.5	12049	11303.5	13239.8	7529.38	6094.46	5512.02	4847.94	4476.88	3348.98	9394.28	6826.05	10856.5	9510.11	10176.8	6524.14
Q6DGB2	Q6DGB2_DANRE	impa1		93960.9	76192.9	67605	67419.6	81025.9	85422.4	86654.2	83091.5	132697	120222	80837.2	82557.8	109434	95689	100101	114043
Q6DGB3	Q6DGB3_DANRE	rab30		21414.1	20478.1	18996.3	19240.7	17157	16522.1	21997.1	18630.4	17873.9	27302.2	21036.7	22698.7	14084.2	14336.7	12535.4	17791
Q6DGB4	Q6DGB4_DANRE	yeats4		18536.2	17688.5	20606.5	19576.5	16193.2	19765.3	20641.4	20440.8	12375	14596.1	21425.3	15112.6	19267.9	19116.1	18017.6	18885.6
Q6DGB5	Q6DGB5_DANRE	rbms2b		17483.3	19191	22270.8	19651.3	20716.8	20493	21275.8	17401.9	16054.8	16887	18144.5	16051.1	17675.7	11977.4	25991.7	26099.1
Q6DGE2	Q6DGE2_DANRE	pcca		211544	208269	185670	192173	171253	178950	169700	175160	198825	205531	158979	158667	174220	175048	184871	197310
Q6DGE4	Q6DGE4_DANRE	tyrp1b		2.24772e+06	2.2108e+06	2.42316e+06	2.54451e+06	2.11884e+06	2.16126e+06	1.97625e+06	2.10014e+06	1.97093e+06	2.10162e+06	1.79621e+06	1.74368e+06	1.86413e+06	1.78138e+06	1.74773e+06	1.89717e+06
Q6DGH3	Q6DGH3_DANRE	sec61b		213862	217564	222065	210335	244388	230801	236054	230493	253416	234688	234927	232742	248513	238263	191571	175109
Q6DGH7	Q6DGH7_DANRE	psmg3		29193.4	28067.3	30233.4	28491.2	29339.6	25758.5	14680.3	29702.2	20744	25720.6	21190.9	21851.8	22979.7	22268.1	31099	33362.3
Q6DGI1	Q6DGI1_DANRE	vamp1b		72851.9	79898.8	93954.9	120987	113644	138460	74009.3	108530	235227	229731	73990.9	74394.6		57985.7	211639	242548
Q6DGI3	NOP16_DANRE	nop16		8242.29	16120	12565	8959.53	14415.8	14526.1	8102.77	7575.67		11243.8	6623.9	9013.63	9876.35	16894.1	14549.8	19716.8
Q6DGI6	Q6DGI6_DANRE	txnb		55091.8	48802.4	58802.3	55112.8	66137.5	60817.9	52859.9	55116.6	50345.1	48292	64201.1	63101.4	65388.2	66627.6	37121.1	33949.7
Q6DGJ0	Q6DGJ0_DANRE	dnajc5aa		311257	314231	303834	295335	282790	281286	279942	270190	322340	316871	363813	350359	340110	345768	305179	292362
Q6DGJ1	GRIFN_DANRE	grifin			10291.2					10959.8	14741.2			12306.3	11917	5701.35	5370.24	6691.11	8595.12
Q6DGJ3	TIM13_DANRE	timm13		128107	126478	114932	118831	127781	133121	141114	138044	214921	171476	123937	119348	142063	141360	139614	136615
Q6DGJ4	Q6DGJ4_DANRE	brap			5893.07	7697.98	8885.47	9135.46					12112.9	5575.33		5974.54			6187.87
Q6DGJ6	Q6DGJ6_DANRE	prdx2		1.03859e+06	1.03324e+06	1.02275e+06	1.05604e+06	1.04234e+06	1.05296e+06	1.08622e+06	1.05844e+06	1.02483e+06	1.00794e+06	1.19697e+06	1.18371e+06	1.20611e+06	1.18636e+06	1.11897e+06	1.20429e+06
Q6DGJ7	Q6DGJ7_DANRE	napgb		121861	123480	120833	120029	115072	113340	134828	141649	150303	118198	109651	107427	113597	105442	133454	137962
Q6DGJ8	Q6DGJ8_DANRE	surf4l		51716.7	49429.7	55570.2	49665	42363	46772.6	48804	51227	45162.7	48919.9	48846.7	45260.5	53031.4	56741	38191.9	39296.4
Q6DGK1	Q6DGK1_DANRE	arl1		116739	107982	106181	100313	105332	90956.5	116456	113306	91765.7	89081	143274	140884	154231	149574	91367.2	82947.9
Q6DGK2	LDHBB_DANRE	ldhbb		289056	282768	266328	276418	211382	205636	207851	203889	271700	257935	262453	242993	254162	261413	224981	232415
Q6DGK7	Q6DGK7_DANRE	spryd4		49056.2	54351.1	48803.8	40666.2	47536.9	46904.5	46501.9	39268.9	57007.5	53928.1	38668.6	40619.9	41608	47667.1	46209.7	40974.8
Q6DGL0	Q6DGL0_DANRE	rpl18		178095	181237	204392	208849	206459	198074	202891	197770	224393	209492	197271	202929	156230	158196	213536	221154
Q6DGL1	Q6DGL1_DANRE	mydgf		29141.2	31222.6	31821.9	35771.4	30885.7	33684.2	28946.6	31728.8	43344.4	37086.4	27407.8	31581.4	31613.9	35632.3	50731.9	39507.2
Q6DGL3	Q6DGL3_DANRE	gstz1		19180.3	15300	19585.6	20351.7	12359.9	13130.7	23968.5	22564.9	26674.4	14234.5	36527.2	33463.9	20370.6	15882.4	15734.1	13312.7
Q6DGL7	TM147_DANRE	tmem147		17238.3	19282.8	13741.4	13481.3	9406.74	8674.26	11401.3		9435.01	11343.7	11436.1	20907.1	27840.2	21814.5	7433.41	
Q6DGL8	RT15_DANRE	mrps15		22972.6	18584.9	27300	33457.2	24763.4	28602.9	27408.2	29118.2	30780.3	21846.2	24590.2	30334.9	21786.1	28472.1	30876.3	26235.7
Q6DGL9	Q6DGL9_DANRE	rpl38		67016.5	69156	60551.7	59037.9	61500.1	50358.6	65924.7	58299.4	31404.2	27263.8	50359.6	42540.8	68699.8	72116.6	44738.5	42585.8
Q6DGM0	Q6DGM0_DANRE	rpl35a		28279.6	29756.5	26051.5	23033.3	25189.7	22451.9	22568.7	29461.9	15346.8	18250.9	24937.1	27230.6	26968.2	23216.8	31234.4	58552
Q6DGM3	RM15_DANRE	mrpl15		103812	87904.9	67266.2	71670.1	64357.3	52764.2	50670.5	69047.7		39934.3	67368.8	70898.8	72035.9	62125.7		14197.9
Q6DGM6	Q6DGM6_DANRE	cmtm4		19825.8	15501.9		22628.4	10284.5	21424.2		13628.5		31701.5	12942.1				41241.5	41512.1
Q6DGM9	Q6DGM9_DANRE	ndufa7		317170	338435	417973	413630	359860	368851	360384	351687	425168	387223	319301	324463	378448	392915	317166	339912
Q6DGN7	Q6DGN7_DANRE	dctn5		11311.2	15160.4	21627.9	25975.8	29412.2	32029.7	21561.6	20170.5	32156.3	48405.7	15357.2	13740.1		11782.1	31166.9	39973.9
Q6DGP6	Q6DGP6_DANRE	sub1b		178470	164502	176799	183853	173045	176404	194755	198281	167500	164486	194127	183564	182295	175295	209913	243323
Q6DGP7	LYRM1_DANRE	lyrm1		21145.1	25231.9	30611.1	22827.8	16474.8	22065	15509.2	16574.7	37960.2	29265	23641.3	16228.3	16165.6	14797.5	29618.1	34022.8
Q6DGQ0	SPT4H_DANRE	supt4h1		34266.3	29665.1	30488.5	29906.6	37899.2	35778.1	38009.5	30442.9	45911.9	24752	40314.1	40693.4	33564.7	43557.3	20218.2	22407.9
Q6DGQ2	Q6DGQ2_DANRE	rabif		32980.4	31825.3	32310.4	34860.7	26752.3	30617.2	28037.4	32505.1	19666.9	26389.9	39978.3	42863.8	41839.9	40204.8	21741.2	25925.7
Q6DGQ9	Q6DGQ9_DANRE	arl6ip5b		141071	144381	163669	167942	113042	125503	139041	149921	126459	141384	116144	131623	150750	156302	149349	151356
Q6DGR3	Q6DGR3_DANRE	sec11a		46777.4	46074.5	37162.4	34774.8	32502.4	43151	40800.9	40117.6	25284.7	34347	39161.8	25860.5	53963.1	50961	33171.7	32911.2
Q6DGS3	KC2D2_DANRE	camk2d2		77930	77702.9	81730.4	86956.7	84002.4	90066.4	77163.1	81921.8	115120	113453	71889.4	73449.2	66490.3	70615.7	104223	111984
Q6DGS7	Q6DGS7_DANRE	vapal		289350	277057	303011	311959	264985	266287	273333	271950	253748	255202	267648	283956	277586	267791	284830	286215
Q6DGT8	Q6DGT8_DANRE	s100b		115596	110829	153403	144808	121554	121331	115718	95598.4	86159.8	72930.9	108488	131539	51397.1	56740.9	144253	144014
Q6DGT9	Q6DGT9_DANRE	pomp		52077.9		73007.4	84686.5	58743.6	75310.3	56335.5	59085.9			67786.4				132812	
Q6DGU2	Q6DGU2_DANRE	rab11bb		25406.3	28808.9	35126.4	35481.4	29264.3	35178.4	29202.9	31260.6	31860.7	33921.5	32418.5	34648.1	28787	31928.3	38626.5	38987.3
Q6DGU5	S2546_DANRE	slc25a46		61701.1	58379.6	52015.6				52674.9	44828.9	72033.2	47471.1	72240	57116.5	63976.3	56879.1	45434	55587.2
Q6DGU9	Q6DGU9_DANRE	gstk1		217855	220047	200188	183223	210085	207462	219249	206616	213057	201536	212562	233355	263277	268630	198874	203481
Q6DGV0	Q6DGV0_DANRE	clic2		18152.8	16341.7	26857	28070.6	16483.9	16716.5	12733.9	12126	17086.9	11732.1	12786.4	10875	9484.34	11944.1	26598.5	30579.6
Q6DGV5	Q6DGV5_DANRE	rab10		193598	192740	180460	203047	176533	180088	174519	180827	168214	166627	183525	168647	210969	202853	164821	173170
Q6DGW3	Q6DGW3_DANRE	srprb		32494.8	34115.3	37115.3	39909.1	38229.5	42958	26676.5	43018.4	38466.1	52452.5	26726.6	29703.4	24250.3	21137.8	49321.6	57052
Q6DGW7;A0A8M2BEQ0	A0A8M2BEQ0_DANRE;Q6DGW7_DANRE	nr1h4;nr1h5		10536.7	10611.8	13776.3	11477.3	13237.8	12501	10562.8	8982.26			13230.1	16432.7	23428.1	21286.9		
Q6DGW9	TMCO1_DANRE	tmco1		27595.3	25798.8	15384.9	15026.1	19633.2	14070.6	24593	28024.8	12618.9	16149.5	38333.8	30048.2	37412.7	41540.4		
Q6DGX8	Q6DGX8_DANRE	psma1		307418	293508	289856	305156	320182	336210	309884	308832	321439	366849	270408	291499	312360	296167	339849	423294
Q6DGY6	Q6DGY6_DANRE	sec63		49634.6	53922.2	46157.8	46640.6	47984.3	45881.8	48533.9	55320.7	47116.1	52924.1	54321.8	53214.3	50802.6	55602.7	45312.5	35644
Q6DGY8	Q6DGY8_DANRE	psma6b		96476.5	95707.1	98718.4	105625	101131	98954.5	96357.5	102159	122125	106598	90899.4	91153.9	100313	98675.7	105573	122897
Q6DGZ0	GPT11_DANRE	gpatch11		36264.4	43790.1		48188.6		49300.1	45988.2	57840.7	57921.9	48683.6	33504.1		28065.9			64385.3
Q6DGZ3	THOC7_DANRE	thoc7		15321.7	18005.5	15994.2	20985.6	18516.5	21314.6	17944.9	23087.3	18051.4	28833.9	17240	21167	18123.8	17659.5	21693.5	27337.4
Q6DGZ5	Q6DGZ5_DANRE	gng7		214513	213327	162511	154851	188908	176651	214118	179628	136402	175683	214203	214836	208853	191522	152252	138720
Q6DH00	Q6DH00_DANRE	gng13b		47347.4	47963.8	60402	59318.2	77129.3	70851	56985.7	64225.7	65115.6	91889	50987.6	47877.9	44666.6	48866.6	75429.9	80483.7
Q6DH01	Q6DH01_DANRE	rs1a		986529	1.11864e+06	960692	1.01179e+06	1.09204e+06	1.15738e+06	1.0851e+06	1.19502e+06	1.10401e+06	1.48853e+06	1.0407e+06	972496	941513	931952	1.34818e+06	1.66209e+06
Q6DH03	Q6DH03_DANRE	tusc2b		14459.9	12728.4	14424.5	16180	14552.2		14059.5	14678.1	7176.37	12046	17131.2	19208.1	19005	25151.8	10299.5	12076.2
Q6DH07	Q6DH07_DANRE	arr3a		5.10854e+06	5.14082e+06	5.47843e+06	5.61226e+06	5.32581e+06	5.42569e+06	4.791e+06	4.98152e+06	4.97153e+06	5.00147e+06	5.55974e+06	5.56824e+06	4.99226e+06	5.00142e+06	5.98475e+06	6.69527e+06
Q6DH13	RBP2A_DANRE	rbpms2a		26232.2	29466.5	35633.9	35950.2	29959.1	34811.3	30161.3	32213.1	26817.3	35057.1	25738	27757.7	24079.5	23129.4	41783.8	42127.6
Q6DH14	Q6DH14_DANRE	cryba1a		13990.3	19104.4	5578.87		3184.45	5332.24	29884.4	28923.7			68140.3	71395.9	12347.8	11143.3	8954.58	11195.3
Q6DH16	Q6DH16_DANRE	otub1a		32028.3	35737.1	27601.7	28885.5	25262.5	26872.9	32772.9	35414	15554.7	23228.6	35083.3	40859.5	41676.3	44639.2	25237.1	22222.1
Q6DH17	Q6DH17_DANRE	zfyve19		39466.6	34908.2	38749.4	36510.3	34414.2	33203.7	39459.4	35008.9	49038	38836.1	48356.7	49490.6	47600.9	39991.7	40506.2	31571.4
Q6DH22	Q6DH22_DANRE	rgrb		232668	233324	128664	121513	204240	200201	385548	393650	172607	184188	124687	109695	204998	211919	122837	133997
Q6DH23	V26BL_DANRE	vps26bl		22257.1	12346	16753.6	20514.5	17747	15032.4	18137.4	16764.1	34729.5	23327	31344.6	20143.5	28197.7	29123.3	45184.2	34962.5
Q6DH25	Q6DH25_DANRE	epdr1		166498	177226	136232	144230	131909	139114	126908	135672	125949	155140	123972	119777	115715	129884	111641	117939
Q6DH26	MED31_DANRE	med31				1722.79	824.853	941.064			929.756								
Q6DH28	Q6DH28_DANRE	mob4			24813	16024.5	49579.6	40490	46814.7	53221.2	42259.6	63415.8	49713.8	47577.7	45370.7	39421.8	55013.1	69779	59073.7
Q6DH29	Q6DH29_DANRE	mrps26		17600.8	14230.1	26467.6	22643.6	18372.8	19126.2	24670.8	24136	24307.2	18489.9	25539.4	28598.8	32217.6	27849.2	25260.3	19021.9
Q6DH43	Q6DH43_DANRE	mrpl43			5390.29	6616.24	5405.05	6113.53	10468.5	7367.23	10598.2		16303			4490.88		9054.62	12699.4
Q6DH49	Q6DH49_DANRE	dnajc9		40500.2	40111.6	44506.7	40671.8	45208	41516.8	39648.7	39201.2	44938.7	38013.2	48380.4	42784.6	39367.7	43013.9	39063.5	40528.2
Q6DH51	Q6DH51_DANRE	pqbp1		7706.88	5383.84	6028.37	5598.56	6806.39	5161.49	5926.06	8923.6			4001.56		4976.16	5996.33	8052.79	7607.81
Q6DH55	Q6DH55_DANRE	gnb3a		282975	287365	299654	306305	324283	312780	334421	336647	256976	300254	317745	309476	308511	325701	282127	304970
Q6DH63	Q6DH63_DANRE	cox6b1		78911	85890.1	66266	69128.6	97690.8	93194.3	99925.2	99434	62612.5	66950.9	66288.1	65289	83460.2	79248.3	77236.5	81763.5
Q6DH65	DENR_DANRE	denr		101674	90373.3	83447.1	100971	110280	110636	111217	103543	140262	107387	108741	105002	91134.5	90159.8	92941.7	92416.4
Q6DH69	FAH2A_DANRE	faah2a		18726.6	18885.5	23408.1	19943.3	22109.8	19356.9	23789.4	22843.5	18394.2	13900.5	21973.6	20883.7	21856.8	28314.2	15049.8	14861.9
Q6DH74	SNR27_DANRE	snrnp27		44090.9	45585.1	36824.4	50214.2	36918.7	28415.1	38008.4	27572.3		34326	42352.6	39088.9	33967.6	44378.3	41276.3	
Q6DH77	Q6DH77_DANRE	pbdc1		10023	10866.4	13765.7	13947	12487.7	14558.8	11299.2	10950.8	7291.68	10167.6	13949.7	10396.8	12709.1	12303.3	14475.2	10766
Q6DH81	Q6DH81_DANRE	ndufab1a		246539	230376	182659	178671	219868	206133	244360	240040	257687	298452	235426	240827	221900	221800	156088	164382
Q6DH83	Q6DH83_DANRE	pde6d		270221	267482	258883	263271	283370	277369	296257	301256	247611	241025	264865	259084	292401	285132	257216	258002
Q6DH88	COX20_DANRE	cox20		30907	32034.2	18704.7	17922.1	20764.5	17688	14283.8	13986.9		11714.9	34101.2	27478.4	29729.1	33086.9	16588.7	13312.1
Q6DHB6	Q6DHB6_DANRE	krt91		1.98219e+06	2.15465e+06	105326	100044	154424	161488	171684	190352	127479	140014	102706	102108	93380.9	90418.7	2.39719e+06	2.49099e+06
Q6DHB9	Q6DHB9_DANRE	sccpdha.1		142566	166542	95109.2	97526	95086.8	74753.6	108377	88523.1	34079.6	24270.1	38563.5	38208.2	161461	166290	90922.2	87668.6
Q6DHC1	RB18B_DANRE	rab18b		88362.2	84936.3	84183.4	81955.9	74376.5	71099.3	87379.1	84833.2	76194.9	72579	103711	98892	111595	108230	72771.1	73692.3
Q6DHC3	S2540_DANRE	slc25a40		7481.07	6085.34			13070.5	13075.7	13034.5	16873.6	12729.4	12979.9	15180.4	10863.8	12938.2	11410.5	7865.74	7355.02
Q6DHC4	Q6DHC4_DANRE	bfb		55062.4	51484.6	61119.4	58130.2	28232.4	27941.4	30986.2	31998.1	24598.1	25085.3	37130.2	39427.4	47818.4	50300.1	48370.8	50271.2
Q6DHD5	Q6DHD5_DANRE	akr7a3		82173.9	86913.7	75771	74736.9	80017.8	78678	80814.8	77488.5	76026.6	80609.4	78710.9	72340.9	69127.5	75880.6	68652.8	76092.3
Q6DHD6	Q6DHD6_DANRE	galm		20066.7	18228	16972.3	14655.5	14614.2	12946.2	14332.4	14651.9	11326.7	13207.8	13388.2	13901.3	20494.9	18080.8	17956.5	15305.7
Q6DHE6	Q6DHE6_DANRE	kars1		135045	134968	113427	110982	111852	113991	120899	120598	105376	131516	122655	121583	146069	145862	118232	125759
Q6DHF2	Q6DHF2_DANRE	ciao2b		12433.9	9585.33	14908.4	11291.1	9300.52	12715	11533.7	9973.64	7983.52	12848.1		12041.8	10169.2	9417.21	11142.1	9163.78
Q6DHF7	GTPBA_DANRE	gtpbp10		6109.91	7517.35	5186.94		6013.28	3229.75	4109.04						5173.64			3269.06
Q6DHG0	SETD7_DANRE	setd7		57547.6	54603.1	52738.1	53882.1	57044.1	52738.5	60053.6	57066.1	54948.2	53986	65791.3	64385	63818	66201.2	52979.4	53437.4
Q6DHG4	Q6DHG4_DANRE	cplx2a		26454	34173.8	37091.2	40621.7	30735	40314.8	18620.4	28206.6	42513.4	61743.2	14169.6	23919.3	14911.6	15147.9	62121.1	61601.1
Q6DHH7	LZIC_DANRE	lzic		23372.8	22835.3	26631.2	24748.3	23204.9	16371.2	20374.5	20153.9	12975.7	17465.1	24000.8	21954.9	19816.5	22970.3	19792.5	22863.6
Q6DHH8	Q6DHH8_DANRE	sult1st6		16583.7	15746.4	21104.3	18807.9	11593.5	13427		7118.79	11183.9	13430.3	16213.7	15672.6	11051.6	12616	21684.3	19478
Q6DHI5	SIR5_DANRE	sirt5		110982	111064	45765	48220.1	113276	119327	102752	112825	93562.7	115543	78759.7	78403.9	85950.4	92231.9	83176.4	89347.7
Q6DHI7	Q6DHI7_DANRE	rnls		36419.3	36805.6	33822.3	30756	49839.5	33662.4	44708.3	49456.4	28712.7	40514.5	40281.2	44826.4	39352.6	51992	29818.9	29762.4
Q6DHI9	Q6DHI9_DANRE	psmb2		176970	171482	177835	178890	182438	172125	161303	155820	214435	189377	208234	197147	193794	187354	189910	195627
Q6DHJ0	Q6DHJ0_DANRE	srsf5b		141656	135745	156428	139256	145355	138286	135522	146011	125847	142349	174971	168267	152308	146350	140811	142212
Q6DHJ2	Q6DHJ2_DANRE	rab3aa		312528	339392	354895	374573	350286	387796	341534	371419	333721	438018	302568	323986	278400	293512	407034	455762
Q6DHK1	NNRE_DANRE	naxe		37470.6	44204.3	36732.9	40491	39754	44045.3	35527	40286.4	58626.8	55910.7	34049.2	38258.1	32093.6	33396.5	50775.3	50754.5
Q6DHK2	Q6DHK2_DANRE	nup37		17573.1	16591.3	19451.6	15655.5	12339	16470.6	17842.1	19905.5	17338.6	13918	23176.5	15158.4	22964.5	13327.6	18033.3	16390.6
Q6DHK4	Q6DHK4_DANRE	coq3		28309.8	26860.3	31057.3	28585	32501.6	32194	33482.8	31054.6	46959.2	37724.4	27488.6	29081	24623.7	25142.8	37896	36364.5
Q6DHK5	Q6DHK5_DANRE	gsto1		97492.4	95392.7	130017	131440	106545	107326	136562	137215	147258	137746	118271	115032	127019	129572	112333	104031
Q6DHL2	Q6DHL2_DANRE	vps26c		14478.6	10398			12507.3	13705.6	18706.4	15797.9		21252.9	9521.23	13865.9	13638.8	12566	14577.4	12670.1
Q6DHL4	SUMO2_DANRE	sumo2		141840	140527	153888	162661	149644	184043	143481	158115	167201	248115	138948	143163	121385	120504	176880	187586
Q6DHL5	LRC57_DANRE	lrrc57		60083.6	57963.7	48810.4	45722.5	50687.2	47703.6	64785.6	56794.7	33785.1	35751.2	53342.8	51438.4	65110.7	59118.7	36945.1	37770.5
Q6DHL6	Q6DHL6_DANRE	rps6		96707.9	95468.3	90761.6	91882.3	97524.4	99770.8	110192	108037	119855	102374	94918.6	93918.7	104104	104620	107184	125902
Q6DHM0	Q6DHM0_DANRE	bpgm		30453.7	27745.8	23832.1	26441.9	27729.4	25800.4	28834.1	26441.8	29806.3	24705.4	30889.9	25984	34163.9	26588.6	21379.1	22901.7
Q6DHM1	Q6DHM1_DANRE	dffa		4334.58	2415.64	6785.88	6442.62	9115.81	6051.46	6691.43	8698.18		7553.5	7222.91			3509.5	8806	8779.77
Q6DHM9	RHOAB_DANRE	rhoab		2.23748e+06	2.12688e+06	2.03868e+06	1.92146e+06	2.1027e+06	1.89164e+06	2.24719e+06	2.05521e+06	1.63214e+06	1.7914e+06	2.45839e+06	2.25529e+06	2.45675e+06	2.3945e+06	1.59035e+06	1.53044e+06
Q6DHN1	Q6DHN1_DANRE	preb		19718.7	19568.2	19579.2	16773.6	20242.9	17716.5	15439.6	20209	18581.3	22740.3	19830.4	19398.4	14817.9	22384.8	18334	19097.1
Q6DHP7	Q6DHP7_DANRE	gbp1		58118.5	61979.9	58851	56783.6	96117	94476.6	47342.2	48547.5	74286.8	59295.3	77080.6	67436.5	96634.2	94976.9	60706.4	55209.2
Q6DHQ3	ACY3B_DANRE	acy3.2		35587.3	34271.8	34848.3	31877.3	59331.6	54602.4	47999.9	42393.7	58628.1	53063.4	44426.2	43847.1	65563.9	63790.7	29339.8	25706.8
Q6DHR2	Q6DHR2_DANRE	dnajb6a		71458.2	63035.9	57210.4	55300	55682.1	46675.2	60300	51477.7	47291.7	49646	83284.3	79073.6	76708.3	75239.2	52391.6	47403.9
Q6DHR7;Q6P5J0	Q6DHR7_DANRE;Q6P5J0_DANRE	amy2a;amy2al2				11017.4	17414.9		13599.7							18476.1	11350.3	17473.2	16087.5
Q6DHS1	Q6DHS1_DANRE	acta2		2.67767e+06	3.06964e+06	3.15525e+06	3.13595e+06	3.19344e+06	3.27028e+06	2.67295e+06	2.64427e+06	1.30221e+06	2.16616e+06	2.23345e+06	2.22376e+06	2.4743e+06	3.08947e+06	4.80939e+06	5.09468e+06
Q6DHS3	Q6DHS3_DANRE	rpl15		278323	301200	238712	258318	287157	296793	246171	326139	291359	268343	227838	209244	300636	278279	293801	310468
Q6DHT2	Q6DHT2_DANRE	eef1a2		24968.7	19362	17232.6	22443.5	22558.2	19524	14915	16277.1	77225	38423.3	32215.7	15885.6	12298.9	20400.9	102447	142275
Q6DHT4	Q6DHT4_DANRE	aldh6a1		338410	349764	577850	612241	404879	432791	440130	485659	452072	535122	417949	427047	293763	299490	460527	599246
Q6DHU1	CLP1L_DANRE	clptm1l		20721.7	26038.9	25899.7	20034.4	24839.9	22247	22103	16322.6	18442	22318.2	25992.2	24231.1	25423.4	21937.6	20684.6	14406.3
Q6DHU2	Q6DHU2_DANRE	rbm34		15981	11973.7	15094.9	15503.3	15992.9	17062.1	14647.7	14918.7		15673.8	17260.4	17275.1	15435.7	18213.9	12590.5	15112.7
Q6DHU3	Q6DHU3_DANRE	krt97		257716	241355		1970.44	6259.71	3788.53	6834.43	8169.57				2681.31	2628.5	3761.07	215562	211714
Q6DHU4	PR38A_DANRE	prpf38a		48407.8	38250.4	46681	41424.3	32936.7	33409.1	38445	35152.6	50828.2	38506.2	55800.6	60637.7	55435.1	57064.3	35786.7	31458.8
Q6DHU6	Q6DHU6_DANRE	tnni2a.3						15322.5	9533.95									41702.3	39654.5
Q6DI05;Q6NV25	SMO3L_DANRE;SUMO3_DANRE	sumo3;sumo3l		183185	160194	191320	182108	210897	210342	198930	202569	272496	199157	215169	199218	208763	187224	213700	207246
Q6DI06	TIM10_DANRE	timm10		102282	98066.7	68551.3	69831.2	86477.1	77192	86520.7	83912.3	137240	83909.6	103733	86775.9	106066	103924	65759.5	80097.3
Q6DI17	Q6DI17_DANRE	gpm6ab		1.58676e+06	1.56121e+06	1.3686e+06	1.37959e+06	1.77735e+06	1.70098e+06	1.77634e+06	1.71144e+06	2.39344e+06	1.84187e+06	1.84694e+06	1.76507e+06	1.73196e+06	1.69405e+06	1.60059e+06	1.65201e+06
Q6DI20	Q6DI20_DANRE	dpp3		143390	151356	136295	138066	139793	153095	140922	154917	164144	174133	129534	127421	137874	139181	167175	176918
Q6DI22	Q6DI22_DANRE	hadh		210642	231303	204331	197707	198369	194397	242195	233687	227357	213983	208589	201828	214596	217667	208848	212889
Q6DI25	Q6DI25_DANRE	imp4		11936.5	11431.4		12789.1	15917.3	8745.5	12798.8	12647.7	14029.4	7898.67	14618.9	18952.5	12059	14745.7	10150.1	13966.3
Q6DI31	Q6DI31_DANRE	trmt61a		35684.7	35627.5	37510.2	32298.1	39812.6	35681.9	42305.4	36115.3	33806.7	31554.6	45334.8	41073.9	42785.3	43153.8	29048.2	35611.5
Q6DI35	TFP11_DANRE	tfip11		14025.3	13235.2	16527.5	14055.6	17740.5	16084.4	19455.3	15513.8	10408.3	15368.9	17857	12650	17987	21664.4	12246.6	13723.6
Q6DI36	Q6DI36_DANRE	rab15		243710	273977	383278	432613	314318	367221	288103	346653	1.00043e+06	497744	204724	229156	202274	226638	667175	1.06521e+06
Q6DI37	UBCP1_DANRE	ublcp1		101030	98783.5	80003	92138.9	94619.3	90031.8	104559	105558	78757	101752	96914.3	94144.9	91498.4	91230.7	89005	89669
Q6DI40	TTC33_DANRE	ttc33		17747.6	21697	23925	22798.6	26626	27030.6	24501.1	25305	22287.3	24401.6	24602	28618.5	25341.2	23495.3	24496	23312.9
Q6DI51	NDK6_DANRE	nme6		18521.4	14084.5	11397.2	12842.4	14195	11441.8	12482.9	13814.5	20168.9	19514.4	14315.7	13950.4	15581.6	14917.2	15498.4	16007.1
Q6DKF0	MXC_DANRE	mxc		8143.81	8224.87	7638.27	12041.5	71505	66109.2	13041.3	10030.6	47863.4	40647.4	12974.2	12700.3	62823.2	67779.4	12874.9	11438.2
Q6DKF4	Q6DKF4_DANRE	twf1b		181419	170909	193383	196003	186490	179083	190770	182413	216726	195822	206092	200712	217875	204348	189215	187409
Q6DKF5	Q6DKF5_DANRE	copz2		14838.5		16503.3	23994.6	14899.7	14384.4	18334	15187.2	18239.1	14625.8	15341.7	10125.1	10923.4	10635.5	7665.12	11222.3
Q6DRB1	GLE1_DANRE	gle1		24651	30634.4	27780.9	22866.8	25685.6	26915.7	24256.3	23440.9		20863.4	30305.8	31536.4	33639.9	32497.6	20107.9	23038
Q6DRC0	SYSC_DANRE	sars1		157135	159498	140789	144517	151264	152426	149754	154768	160695	161461	147225	149198	148629	144052	153647	156178
Q6DRC1	Q6DRC1_DANRE	snrpf		193395	191595	205500	203733	214082	221089	222093	210587	113770	170770	156864	180173	156555	162509	177939	201671
Q6DRC4	EIF3G_DANRE	eif3g		178478	176793	189742	189564	173484	179564	163664	172756	140201	152185	193695	189432	179920	186940	171441	175788
Q6DRD1	Q6DRD1_DANRE	atp5po		3.44495e+06	3.49454e+06	3.65026e+06	3.79497e+06	3.45569e+06	3.49759e+06	3.30193e+06	3.37994e+06	4.06369e+06	3.7682e+06	3.35211e+06	3.22624e+06	3.03949e+06	3.35853e+06	3.32409e+06	3.39457e+06
Q6DRD2	Q6DRD2_DANRE	psmc6		223622	232688	232017	229862	224305	217800	219810	222472	190731	201667	238312	237472	250164	248162	233898	235339
Q6DRD3	DPOLB_DANRE	polb		20285.7	16185.7	23571.2	27226.2	21954.9	23602.2	20073.9	23441.7		19006.8	14951.5	17438.7	13734.2	18781.8	25369.1	30695.2
Q6DRD5	Q6DRD5_DANRE	ufd1l		54580.9	52305.6	48316.6	48793	48562.3	46250.2	55229	49161.4	49072.2	48042.4	54482.4	54500.7	55877.8	46433.1	47380.2	47080.4
Q6DRD9	ABHDB_DANRE	abhd11		131791	117874	73797.2	69524.5	69533.5	74040.9	86072.4	85006.5	98343.7	89684.6	101876	94716.1	121892	128116	75028.9	75180.8
Q6DRE2	Q6DRE2_DANRE	plrg1		38585.6	41638.8	41574.5	42309.7	46204.3	45046.3	47033.8	44678.2	42473.7	40381.6	51471.5	50092.4	48719.9	45004.4	44790.9	44327.9
Q6DRE5	Q6DRE5_DANRE	nop56		99974.2	90586.8	100662	99193.1	110442	110178	104135	109319	115665	101184	113382	104968	111383	106143	98986.3	94258
Q6DRE8	Q6DRE8_DANRE	snrnp70		149748	151764	144947	142664	152851	151541	166062	166718	137058	143353	140478	149545	154375	148941	159714	172511
Q6DRF0	Q6DRF0_DANRE	rnf113a		18737.3	11332	15685.2	13593.1	11251.7	13035.9	16613.5	13508		13499.9	16100.7	14321	15700.9	19096.8	15340.7	17949.8
Q6DRF3	PSB1_DANRE	psmb1		283856	349469	391035	385932	443900	491339	432644	427295	478740	488955	444834	440364	476808	417551	447297	496141
Q6DRF4	Q6DRF4_DANRE	rfc4		9549.4	9219.69	14619.4	12616.5	12960.6	10771	17244.3	11210.3	11477.5	9651.75	14528.6	15592.3	19268.4	16917	6815.43	7672.9
Q6DRG1	RBM42_DANRE	rbm42		9652.93	10104.9	15503.6	12894.8	14619.4	17880.4	15332.6	14919.3	19968.3	19954.3	14538.8	16214.8	17746.2	10390.8	20056.2	20035.1
Q6DRG6	Q6DRG6_DANRE	cpsf3		31002.6	28350.5	24458.4	26873.9	27484.7	29206.8	31002.4	27958.7	31552.3	27948.3	31692.5	27861	30488.4	31658.9	26518.4	25769.3
Q6DRG7	MYPT1_DANRE	ppp1r12a		20460.9	29394.6	27860.9	28625.4	26656.2	30107.8	31515.9	32034.4	18720.3	21823.7	31548.7	34768.4	25506.9	29335.8	29957.8	27708.7
Q6DRH5	NOP10_DANRE	nop10		39232.9	32396.8	35848.7	32590.7	40431	34464.7	38138.8	38300.8	25859.2	32451.3	37760	31155.7	32204.9	36081.7	41039.8	36005.3
Q6DRI1	EI3EA_DANRE	eif3ea		46814	38143.8	36017.9	32903	32583.2	30086.4	38130	38678.7	27334.8	37645.1	52742	42550.7	44173.4	43087.8	43380.2	46106.1
Q6DRJ9	RIC8B_DANRE	ric8b		9228.55	10055.8	9906.39	12207.5	12266.8	11727.3	10580.6	11566.3	11762.6	14141	9226.01	9097.58	8808.34	8007.41	13401.7	11840.6
Q6DRK0	Q6DRK0_DANRE	atp6v1f		96242	92272.1	79285.9	84284.9	93308	86342.9	87808.1	93660.7	101316	86005.6	104152	102914	92384.6	94970.1	85550.3	90194.2
Q6DRK2	Q6DRK2_DANRE	sf3a3		62761.9	66207.5	67497	64941.9	74399.1	80427	68009.2	73058.1	80915.4	81341.1	59216.8	61868.7	57440	62698.4	81545.6	90441.8
Q6DRK4	Q6DRK4_DANRE	rfc5		9474.96	12200	8411.17	8068.97	8420.79	11129.4	12150.1	11323.3	8638.09	10453	12967.5	10174.5	12836.6	13902.3	6975.33	8015.55
Q6DRK5	Q6DRK5_DANRE	copa		109820	113228	114051	113227	113566	116291	111615	112772	110488	111911	109996	106775	124945	116289	123188	122442
Q6DRL5	MBB1A_DANRE	mybbp1a		2706.92	3267.44	2325.53	1620.94	2087.96	1431.6	1715.21	1656.15		2530.9	3217.95	2022.66	3884.34	2609.66	2129.25	2814.37
Q6DRL7	Q6DRL7_DANRE	clint1a		34573.1	34682.3	37157.8	34762.4	36788.6	30113.6	36054.4	30507.4	26284.6	31306.5	42238.1	39065.7	40375.9	38312	34851.2	36783.3
Q6DRM0	GET1_DANRE	get1				5010.44	7847.57	8564.54	8286.32	5665.7	8873.72	19774.8						11534.2	6824.33
Q6DRM4	Q6DRM4_DANRE	parvaa		26100	26474.9	37383.6	39123.1	25321.9	25613.6	21920.4	21598.8	21431.3	18708.3	26053.4	28333	26357.4	22322.1	36017.9	33156.7
Q6DRM9	Q6DRM9_DANRE	smc1al		99147.2	100895	111469	115770	108951	110372	112465	118452	105120	99255	110706	107752	120029	113295	124535	125908
Q6DRN1	Q6DRN1_DANRE	dpy19l1l		23244.5	22096.7	18973	22470.2	19462.3	19526.7	17721.1	16012.9	19133.3	15809.4	22876.7	19344.3	24844	23994	16831.3	16545.1
Q6DRN5	Q6DRN5_DANRE	ctdp1		36067.8	37786.5	42720.7	42242.6	45484.6	49238.5	46003.2	51486	63043.4	46458.6	47779.8	45844.6	41597	47510.1	40979.9	47566.9
Q6DRN7	Q6DRN7_DANRE	rpl14		80945.2	88246.6	103154	108736	92613.6	95603.5	86315.4	80778.6	190195	131306	76663.5	81553.5	90851.5	89894.3	155088	178683
Q6DRP2	GNL3_DANRE	gnl3		13708.5	11540.4	11410.8	11107.2	9892.07	9217.58	13495.8	10004.7	6800.74	8381.75	16074	17926.7	22453.8	18418.4	11324.2	10018.3
Q6DRP3	Q6DRP3_DANRE	snw1		69319.3	52843.1	57781.4	63144.6	55763.8	56498.5	62018.2	63161.7	67113.4	66997.8	65660.7	56442.8	63690.3	60306	59369.9	72191
Q6DRQ1	Q6DRQ1_DANRE	si:ch211-114c12.2		18374.1	21120.4	27986.6	24555	22446.6	22112	24605.2	25267.9		21821.6	19534.1	23226.8	25106.3	27273.3	25798.4	26463.1
Q6E2N4	Q6E2N4_DANRE	per1b		9081.21	22149.6	7645.68	8022.66	7142.32	6078.1	9332.26	8376.46			9377.12			17370.7	9215.27	4438.46
Q6EWH2	FYNA_DANRE	fyna		24019.5	26374.4	43715.4	40691.5	29353.5	31711.2	20158.6	23528.4	31044.5	32201.9	25558.9	30931.1	20335.5		50468.5	59177.2
Q6GMG2	Q6GMG2_DANRE	sntb1		21123.5	18746.7	16985.8	17812.7	32029.2	33691	35624.4	32984.3	43398	36711.9	40773.9	38233.6	44352.8	47575.8	27227.5	30535.1
Q6GMG5	IMDH1_DANRE	impdh1a		148058	158525	153715	154105	159393	159711	167483	177797	140544	169649	178683	171192	175363	180606	149979	142973
Q6GMG7	Q6GMG7_DANRE	anks4b		78226.7	71484.3	68776.5	64683.6	65134.2	59570.5	83012	76739.8	65256.7	67414.6	72151.4	67792.2	58793.4	56395.9	57449.4	54383.4
Q6GMH0	PRP18_DANRE	prpf18		13386.4	13064	14231.8	16142.7	13471.2	12998.8	14182.6	13443.6		17095.6	9528.77	9535.04	13170.2	10900.9	18709.5	18828.1
Q6GMI7	ENOPH_DANRE	enoph1		32888.3	32382.4	39607.6	38925.5	40107.9	36315.4	35169.6	37103.3	36118.3	38337.2	39347.8	39449.6	39852.1	41318	36594.4	39422.6
Q6GMJ7	Q6GMJ7_DANRE	mrrf		39631	36384.4	33750.6	37138.6	36286	39937.9	38799.7	39894	46615	25442.8	38457.8	44464.1	45275.6	50805.8	37007.6	35839.7
Q6GMK7	SH3L2_DANRE	sh3bgrl2		27660.5	21663.9	24167.5	27694.4	27401.2	28152.1	22286.4	24540.4	39945.9	35114.6	27462.5	34207.2	33468.7	25395.3	36829	48713.8
Q6GMK8	GMPAA_DANRE	gmppaa		28854.1	21478.5	27926.2	15510.7	30628.2	17729.5	24066.3	27436.7	18327.5	28326.7	18603.3	31390.7	29215.9	27906.2	25302.7	22060.1
Q6GML0	Q6GML0_DANRE	kiaa0513		114484	119563	110518	108333	100459	102999	94614.3	114530	108373	129698	100704	103359	100608	88064.4	124879	126626
Q6GML2	Q6GML2_DANRE	prpsap1		57632.7	52104.3	69575.7	74617.6	63494.7	63302.1	58403.2	53154.8	76786	68172.7	61716.2	64393.1	73485.9	70956.9	65266.9	70358.9
Q6GML7	TATD1_DANRE	tatdn1		29245	33637.6	28846.7	32504.4	33425.7	33117.8	34577.6	29985	13203.4	33374.7	30902.3	32874.1	34485	31209.9	28662.9	24963.2
Q6GQL6	Q6GQL6_DANRE	dctn3		29846.2	31939.3	37737.1	39206.7	32912.8	33838	36442.4	36584.2	44549.1	43853.6	33844.1	29668.2	29557.9	25449.4	35276.1	38114.1
Q6GQL7	Q6GQL7_DANRE	fhl1a				3965.15	5157.47	3695.56	4019.95	2450.48	2635.96			5057.79	4251.52		4353.25	6237.22	6047.19
Q6GQM3	Q6GQM3_DANRE	psma6l		70863.3	75229.8	77575.2	79437.2	76973.8	81812.4	74302	84189.7	48546.9	80607.8	43716.3	60674.3	53690.3	64753.3	98083.8	105436
Q6GQM9	Q6GQM9_DANRE	eno2		295721	342475	380118	421510	381011	517802	341600	401876	718047	720960	240105	280019	270900	261829	766927	911760
Q6GQN4	FA32A_DANRE	fam32al		77551.9	67757.2	66040.1	65886.4	65944.5	78982.9	90300	95376	52594.4	56676.1	55628.8	65228	75040.1	58354.5	110976	88677.5
Q6GQN6	Q6GQN6_DANRE	acaa1		16919.7	21584.9	25396.1	18135.6	18917.2	20318	15426.8	16795.9	23940.3	21094.6	15757.8	17377.7	25534.3	19197.3	18857.4	24523.9
Q6GQN8	MECR_DANRE	mecr		77733.8	70075.5	70938.3	64962.6	60622.6	52600.4	65608.3	57901.7	60840.9	51307.6	69100.4	64532.2	80985	88681.8	51240.8	54165.1
Q6GQN9	Q6GQN9_DANRE	dhrs1		22868.3	15731.3	19705.1	20688.2	16977.1	16051.8	13980.3	18175.9	27378.4	25401.7	17227	18362.6	27922.3	23794.9	29472.9	35980.9
Q6IMK3	DJC27_DANRE	dnajc27		16374.6	26143.4	16921.2	16375.5	16097.2	16683.5	22363.9	16294.7	42817.4	21818.6	31935.8	30587.5	29444.7	35323.4	16629.2	14121.7
Q6IMW6	Q6IMW6_DANRE	rps13		248000	247487	197465	212988	204042	194526	228344	233839	150780	188645	226835	239051	257320	254451	168576	152068
Q6IMW7	Q6IMW7_DANRE	pvalb4												12813.5				31425.8	26889.4
Q6IQ57	Q6IQ57_DANRE	ssr4		149476	157594	157953	152959	159616	156103	165654	161359	131130	133305	174292	165920	186231	161833	154395	138556
Q6IQ59	Q6IQ59_DANRE	uqcrc2b		306425	315303	263889	259804	359969	346604	290489	295903	439021	443371	308954	306268	318626	318414	277987	300352
Q6IQ66	Q6IQ66_DANRE	nudt5		39036.2	49722.4	47668.6	50596.5	60208.1	54241.5	64804	68114.9	57375.2	51435.5	47641.6	38884.8	45851.7	62541	69186.7	82591.4
Q6IQ70	Q6IQ70_DANRE	tsg101a		92158.5	101023	109589	104305	93451	103235	96561.5	103453	113782	124258	90651.1	84235.5	68049.6	85129.8	107650	99748.6
Q6IQ72	Q6IQ72_DANRE	psmc1b		52355.9	57423.4	61999.3	59168.4	44330.9	51151.4	42155.6	33386.9	67469.6	53290	66440.5	61648.9	62581.2	53247.8	42250.7	49428.4
Q6IQ73	CHM4C_DANRE	chmp4c		30196	36409.2	34432.4	48111	39095.7	48245	37468.2	36081.5	57477.8	61072.1	30842.5	27654.4	23670	22243.7	63750.3	64973.1
Q6IQ86	BRK1_DANRE	brk1		87297.2	88300.3	78581.4	76388.5	75863.8	70910.1	78151.6	79684.8	53896.7	63249.8	79314.1	80657.8	82686.3	82743.3	75769.3	78450.5
Q6IQ89	Q6IQ89_DANRE	slc25a11		2.6377e+06	2.64646e+06	2.30254e+06	2.1722e+06	2.25515e+06	2.27601e+06	2.34232e+06	2.19023e+06	1.76003e+06	1.92579e+06	2.0546e+06	1.94917e+06	1.927e+06	2.37699e+06	1.9833e+06	2.09716e+06
Q6IQ97	RBM41_DANRE	rbm4.1		62516.4	67215.6	74797.5	80998.7	70247	83841.1	83701.1	89971.3	81944.8	83613.4	46878.2	60169.9	56374.3	62029.7	112157	112021
Q6IQA6	Q6IQA6_DANRE	cdk5rap3		60091.8	55661.4	62780	61952.5	64729.2	59017	56595.4	59153.2	46314.5	59847.7	54392.4	50877.3	52871.6	56181.9	71483.5	74956.6
Q6IQB1	Q6IQB1_DANRE	rpl5b		624404	612016	600744	617372	603827	590980	616727	620626	616109	606970	629972	614877	634908	639425	662039	644546
Q6IQC6	Q6IQC6_DANRE	psmd4a		129196	125031	129557	123844	133499	127695	137815	129261	100159	109374	150225	145849	163044	157341	112856	116895
Q6IQC7	TMX2B_DANRE	tmx2b		26591.3	26690.6	30840.1	26664.6	29494.2	27333.4	29199.6	26789.2	29744.4	29918.1	28017.4	28126.4	30535.1	26740.4	26346	27378.7
Q6IQD0	Q6IQD0_DANRE	psmb5		356484	360941	365306	350502	343101	337294	363564	344560	310499	300919	351053	346333	378837	359400	330235	320171
Q6IQE0	PU60B_DANRE	puf60b		97692.9	95230.2	118613	120978	112435	117418	116878	114207	103287	99130.4	93170.4	100839	89660.4	94401.2	110924	106019
Q6IQE1	PI42C_DANRE	pip4k2c		280027	241568	249395	268784	252025	220852	274480	255968	327778	257709	303228	258984	301249	322179	240232	249329
Q6IQE3	Q6IQE3_DANRE	ttc4				165416	9622.58	5128.45		3705.37		74212.1	5050.49					359098	
Q6IQE5	GET3_DANRE	get3		97204.1	98274.9	80575.3	81031.2	84367.1	78804.3	82194.4	83721.8	91607.8	87233.5	93510.9	99384	85023.1	100270	92201.5	96864.4
Q6IQG3	Q6IQG3_DANRE	fntb		39404.8	40050.6	31967	32640.7	30205.7	30938.6	40127.5	36872.5	37060.7	32755.4	36822.3	41293.8	46530	41307.8	26534.1	30013.1
Q6IQH4	Q6IQH4_DANRE	psmd8		102263	93438.1	105082	113285	110320	104687	97402.9	85758.9	115192	114157	105122	101929	106912	105607	91127.6	100946
Q6IQH9	Q6IQH9_DANRE	tmed4		14575.8	12090.9	15076.6	15477.6	10826.5	10183.6	9538.77	11027.3	40539	21580.8	17127.5		14773.3	13330.9	25198.3	24895.8
Q6IQI2	Q6IQI2_DANRE	lgals2a		85873.9	84963.8	83629.5	85789.3	89413.4	82864.1	75520.6	79798.6	71201.6	77876.6	89768.1	93413.5	70749.8	78718.6	111986	112249
Q6IQI3	Q6IQI3_DANRE	ptges3b		51948	52729.9	54725.3	60269.3	53035	58253.1	116119	94234.8	95710.1	83273.1	48520	47271.2	66716.1	70588.4	70064.8	68027.4
Q6IQI6	Q6IQI6_DANRE	rpl11		130143	133195	139165	151841	159119	193708	135887	149835	262379	195748	99227.2	101190	98625	116592	242634	297826
Q6IQI7	Q6IQI7_DANRE	hspe1		1.24909e+06	1.13228e+06	843817	842271	978623	898444	958669	872274	830354	815275	1.01889e+06	987422	1.22586e+06	1.17472e+06	898246	871977
Q6IQJ1	Q6IQJ1_DANRE	tomm22		149851	157052	135057	143574	159261	175301	149093	171312	180196	202484	122144	145906	99629.3	119191	152883	136131
Q6IQK2	Q6IQK2_DANRE	ube2l3a		311638	313280	316933	319529	315222	310238	308276	317525	269465	308062	348267	355933	345767	340782	334951	348543
Q6IQK3	Q6IQK3_DANRE	vamp3		79293	89689.6	97289.2	99000.3	97848.4	86003.3	82684.2	83848.7	48866	64848.3	92311.2	95657.9	97046.1	90249.3	92336.1	72712.6
Q6IQL2	Q6IQL2_DANRE	cab39		39377.3	39199.2	41166.2	38691.2	37903.4	36381.9	39395.1	35986.9	44932.1	32004	44902.8	39553.9	39742.1	36609.7	33466.7	31306
Q6IQL3	Q6IQL3_DANRE	ppil3		31541	29470	31401.1	27495.7	28675.9	34269.6	32520.5	34117.3	34529.1	34276.5	40582.2	34341.3	31564.9	29660.9	28721	38365.5
Q6IQL4	Q6IQL4_DANRE	ddt		175695	180965	199689	202204	184252	184803	181734	192325	203387	204413	132376	134062	129911	152864	199010	219086
Q6IQL7	Q6IQL7_DANRE	ppid		110307	105146	114923	115718	118455	110362	111664	107120	110745	119864	117816	115152	112653	109021	103487	111158
Q6IQM0	Q6IQM0_DANRE	sf3b6		33109.8	39868.5	38872	41349.4	40512.4	38418.9	41900.5	33838.7	33555.8	42012.4	41419.2	35870.7	37032.3	38264.2	39186.7	36117.6
Q6IQM2	CYC_DANRE	cyc		796918	854246	791910	818367	683479	709593	712543	727789	630975	792348	648320	645202	632714	604972	732814	768664
Q6IQM5	Q6IQM5_DANRE	pigk		19804.4	20484.1	20074.6	20917.3	24514.5	19647.7	22315.1	21801.1	9149.75	15286	24897.8	23304.3	24557.4	24843	24020.2	18166.5
Q6IQN5	Q6IQN5_DANRE	rac2		3751.21		5289.66	2307.31	6128.45	3951.47		3771.14		2239.38	5604.76	5059.39	5862.09			2105.42
Q6IQP1	Q6IQP1_DANRE	gyg1b		321661	308394	407943	409578	219944	211930	322458	315583	217754	225592	238602	233698	424908	440221	403770	416787
Q6IQP2	Q6IQP2_DANRE	stxbp6		8970.25	10394	15227.7	14551.2	8537.49	8642.42	8414.04	10480.1				6261.54	7256.95	5326.26	13088.8	12580.8
Q6IQP3	CALUA_DANRE	calua		67667.2	78646.3	91810.7	93230.1	81979.1	69232.7	75950.6	65613.8	81939.7	64866.1	83618.5	87993.9	81811.9	81458	79230	80035.1
Q6IQP4	Q6IQP4_DANRE	rap1aa		82722.6	82128.6	78695.3	84219.9	82279.3	62857.3	78643.7	78822.6	64264.1	72320.9	71280.7	84691.2	66194.1	68296.7	67341.3	76699.6
Q6IQP9	Q6IQP9_DANRE	ap3m2		37055.3	39402.6	36051.8	34205.1	43776.6	40379.8	42178.3	44259	41933.3	43546.1	36176.7	37730	31490.1	36305.2	43760.7	44919.4
Q6IQQ0	Q6IQQ0_DANRE	rpl21		213480	203920	168153	168857	162105	165983	161498	170286	188979	166760	213172	224941	195611	172425	231582	231846
Q6IQQ7	Q6IQQ7_DANRE	lum		38967.2	37194.2	6924.83	10090	6913.04	8577.07	4951.4	8025.91	6140.52	4989.17	7440.23	10004.9	7302.73	6207.88	21633.9	16822.5
Q6IQR6	Q6IQR6_DANRE	rcn3		26171.6	34137.6	36935.5	41866	41123.1	31808.1	38476.2	23303.5		18809.9	42595	39609.8	41481.9	44066.1	29423	34889.1
Q6IQR8	Q6IQR8_DANRE	hprt1l		66969.7	68037.3	51001	45183.2	55955	50591	54986.7	59159	46496.3	52207	61459.6	70986.4	70553.6	71255.6	48782.1	46458.1
Q6IQS6	SAE1_DANRE	sae1		143132	144213	152407	146821	147253	147990	154639	141210	152382	138015	162868	158966	148730	149465	146031	155390
Q6IQT4	CSN2_DANRE	cops2		54834.2	54111.2	54310.8	51819.3	52830.9	49135.5	53425.3	52864.3	45193.1	45548.3	57748	58072.7	58135	55248.8	48052.4	43508.3
Q6IQT6	Q6IQT6_DANRE	bet1		39417.7	39937.3	40883.3	41706.8	29700.9	31631.3	33215.4	39192.2	42107.5	39721.7	36891.4	35987	36026.1	36566.3	43569	53389.7
Q6IQU1	Q6IQU1_DANRE	akr1b1.1		167401	174787	139771	137903	122096	103804	128399	129628	77920.6	98938.3	99847.3	99758.1	90830.8	91864.7	111131	106606
Q6IQU4	CWC15_DANRE	cwc15		47658.3	36660.2	41929.8	42147.9	47087.9	44468.4	45896.3	41014.7		47735.6	46066.9	43488.4	44846	47353.7	53546	53702.2
Q6IQU9	Q6IQU9_DANRE	cox5ba		1.07761e+06	1.05811e+06	1.06285e+06	1.03612e+06	1.14608e+06	1.11358e+06	1.05239e+06	1.01519e+06	1.33749e+06	1.31019e+06	1.28972e+06	1.25019e+06	1.23468e+06	1.20192e+06	983048	1.04775e+06
Q6IQX2	Q6IQX2_DANRE	col1a2		342524	332536	209258	201153	221320	231867	185861	176869	150983	187843	219863	226305	129496	138001	1.27592e+06	1.27375e+06
Q6IV56	RN141_DANRE	rnf141		44386.1	40336.1	43200.9	38164.6	38280.2	25745.4	30842.6	35273.7	32639.9	41053	47701.3	39726.6	40918.3	44510.5	31349.7	29321.1
Q6J2R6	Q6J2R6_DANRE	gsdmeb		13696.1	12321.3	16746	13897	12625.7	13355.4	10636.7	10703.9	14841.1	8900.98	19021.8	21506.5	22523.8	14538.7	18925.7	8311.98
Q6JAA4	Q6JAA4_DANRE	ctcf		34790	33183.2	35136.2	32229.4	38126.9	38003.6	42765.4	40213.3	33732.6	34505.6	36081.4	37253.5	34799.9	38163.2	34669.1	41143.1
Q6JIZ2	Q6JIZ2_DANRE	puraa		31123.9	31517	26529.2	28292.7	38082	35498.2	30197.1	34896.4	51164.7	44973.5	38031.4	43624.5	25235.4	25231.3	37001.8	32620.5
Q6JWU7	Q6JWU7_DANRE	copb2		74244.5	76992.5	80593.3	79013.1	78575.8	78652.2	77648.4	77896.3	79838.9	75872.4	77221.1	77263.3	75112.3	73551.9	81237.7	75018.1
Q6NSM5	Q6NSM5_DANRE	cpe		39062.5	39192.1	36299.4	35666.6	43202.7	41488.5	45703.7	44527.7	41805.2	40504.1	46980.6	45756.3	43377.6	46243.5	39933.7	38487.1
Q6NSM6	Q6NSM6_DANRE	epb41l3b		30244.6	29091.3	30242.4	33603.7	33064.9	33022.3	31480.3	32581.3	29009.3	28946.2	32079.2	32689.9	27026.5	29763.4	30527.8	31549.7
Q6NSN2	AOF_DANRE	mao		193161	183993	166603	161149	186752	180308	191796	186199	222003	210417	210720	207925	212006	227214	170485	171128
Q6NSN5	PURA1_DANRE	adss1		24521.4	22092.1	20256.6	19402.1		17844.3	14862.8	14930	25719.8	19460.2	14570.5	18248.5	20541.3	17373.7	33025.7	28739.4
Q6NSN6	Q6NSN6_DANRE	ppp1caa		196372	194504	199020	195985	212152	203735	217454	225245	196110	215031	214961	216825	210656	195069	202850	202392
Q6NSP1	Q6NSP1_DANRE	ap1s1					6692.75		8858.96	5341.35	5359.47		17037.2					12380.6	18120.7
Q6NUT4	Q6NUT4_DANRE	pabpn1		118683	114707	115867	105040	115678	112239	129277	115394	110696	94101.5	108699	113561	139854	132482	103391	104619
Q6NUT5	Q6NUT5_DANRE	hnrnpul1		143498	142982	149137	170255	192684	219147	163017	167590	186115	199508	180251	187462	101585	94540.9	120440	122662
Q6NUU2	Q6NUU2_DANRE	sfpq		231833	251115	252366	257450	271114	274621	278784	273730	326089	320044	251312	248323	264984	265654	271543	290232
Q6NUV0	RB3GP_DANRE	rab3gap1		34414.4	29275.8	26284.4	27220.6	24477.1	30241.9	26296.9	25721.3	39403.9	30223.8	29337.1	27475.7	29951.1	26442.3	33633.9	27324.9
Q6NUV2	Q6NUV2_DANRE	saga		1.59664e+06	1.69212e+06	1.94139e+06	2.01812e+06	1.90302e+06	2.07868e+06	1.96238e+06	2.14466e+06	1.7537e+06	2.07718e+06	1.82323e+06	1.836e+06	2.0405e+06	1.98807e+06	2.26685e+06	2.37973e+06
Q6NUW4	Q6NUW4_DANRE	ddah1		342280	322832	372696	372212	369476	370768	438356	442075	341893	362432	339213	353629	355003	355863	410849	450807
Q6NUW5	AN32E_DANRE	anp32e		761022	787392	922719	977064	1.00378e+06	1.01382e+06	1.0031e+06	990074	1.0417e+06	978849	826328	822323	794203	804050	1.18778e+06	1.35035e+06
Q6NUX4	Q6NUX4_DANRE	lta4h		64366.8	63173.2	56540	58058.5	52543.7	53117.6	49719.5	47084.6	41977.3	51202	44061.9	45720.3	52791.7	48622.2	47461.9	52696.5
Q6NUX8;Q7T2E8	RHOAA_DANRE;RHOAC_DANRE	rhoaa;rhoac		53259.3	60733.9	61984.3	56922.5	52955.7	53292.7	52098	56402.8	86773.8	70263.6	62142.2	61420.8	50814.1	50770.3	85539.9	99811.1
Q6NUY0	Q6NUY0_DANRE	ak4		17005.4	15097.9	18490.5	14232.2	25115.9	23684.9	17614.7	23276.4	18907.9	16796.5	20725.4	20041.6	18755.5	19447.1	27248.6	27223.7
Q6NUY4	Q6NUY4_DANRE	trappc6bl		23962.2	29304.2	31576.4	30600.4	27829	29649.3	26270.1	23646.9		22590.3	29149.8		29854.6	27510.2	27725	21703.1
Q6NUZ1	Q6NUZ1_DANRE	appa		38184.7	36138.7	25717.7	23678.3	37225.9	25738.2	33953.2	31480.5	31938	30528.1	26982.5	29916	31853.8	34870	33153.7	31696.8
Q6NUZ3	Q6NUZ3_DANRE	syncrip		518888	504275	509478	515507	550908	545700	577310	570981	584320	600338	607345	579190	584622	574936	560099	587477
Q6NV11	Q6NV11_DANRE	hmga1a		2.46457e+06	2.48555e+06	2.71538e+06	2.62161e+06	2.72695e+06	2.77374e+06	3.14419e+06	3.08975e+06	2.48911e+06	2.85225e+06	2.38526e+06	2.44328e+06	2.53294e+06	2.48282e+06	2.63232e+06	3.02092e+06
Q6NV15	Q6NV15_DANRE	abcf1		90930.2	94890.1	81623.1	72682.8	88737	90223.3	89581.2	93128.5	82422.8	83034	91723.4	90582.8	97088	86424.6	92084.4	90812.4
Q6NV24	PXL2B_DANRE	prxl2b		28465		28014.5	27212.5	14994	20229.4	19937.6	20591.9			20691.4		16618.4	18018.1	17752.2	24004.4
Q6NV31	WDR82_DANRE	wdr82		30902	30741.6	29548.5	27601.5	33694.8	32821.8	38709.5	38425.6	53977.4	40898.5	34745.6	31403.4	31673	29561.8	37966.8	39738.6
Q6NV32	PTMAA_DANRE	ptmaa		934955	978733	1.06916e+06	1.13393e+06	990614	996100	928523	960869	626720	883623	1.01586e+06	1.03753e+06	1.01533e+06	1.01668e+06	979494	998095
Q6NV33	Q6NV33_DANRE	idh3a		141193	150871	120504	118238	93972	95448.7	94687.4	100955	69786.4	68328.1	61786.5	58456.9	57677.4	62397.1	122242	122144
Q6NV34	DECR2_DANRE	decr2		38440.3	28253.4	27230.1	29044.1	37960.9	26543.6	29522	31413.8	28398.2	35271.3	41553.7	39721.3	36088.6	38418.7	23151.2	23657.5
Q6NV35	Q6NV35_DANRE	gclc		127050	121023	118242	120920	108899	103126	95276.6	102206	73015.3	88425	105788	128021	146096	146570	92556	93579.4
Q6NV41	Q6NV41_DANRE	hapln3		19093.1	16464.1	10908.5	18117.6	15234.3	19401.7	11352	10725.2	15099.2	11012.6	14136.2		9670.7	10209		13345.5
Q6NVA6	Q6NVA6_DANRE	myl9b		200107	189256	184913	196123	152908	180633	149000	147069	159652	193258	174532	196775	151808	148066	290026	361223
Q6NVC5	MIRO1_DANRE	rhot1a		25612.1	22264	17651.2	16734.6	18973	17957.1	20332.5	17711.2	17412.8	18154.4	20181.5	19866.4	23396.8	22034.3	17481.8	12497.3
Q6NVI6	Q6NVI6_DANRE	cct5		270835	292005	307818	312576	298238	315432	272920	293040	262606	307515	275023	290433	246823	272762	309996	308386
Q6NVJ4	Q6NVJ4_DANRE	pak5		29142.9	26634.3	27411	22097.5	29555.6	26186.3	29183.6	26663.6	25968.2	25052.9	26293.8	28263.4	28620.4	28620.4	25854.1	19309.5
Q6NVJ5	DI2BA_DANRE	dip2ba		49045.4	42750.9	43441.3	44101.6	44698.7	39806.8	43600.2	39642.7	52353.1	45857.8	42266.9	44899.3	53087.8	47967.9	33556.6	29359.8
Q6NW47	Q6NW47_DANRE	ckap4		19813	19829.9	21340.1	21663.1	18154.8	19247.6	15138.2	15867.3	13013.5	19162.4	18884.9	21228.4	13438.9	15506.5	22530.1	25336.5
Q6NW56	Q6NW56_DANRE	khdrbs1a		1.06001e+06	1.0928e+06	1.10195e+06	1.09638e+06	1.1319e+06	1.12852e+06	1.20394e+06	1.18406e+06	1.24151e+06	1.18869e+06	1.12658e+06	1.15562e+06	1.14513e+06	1.15613e+06	1.20201e+06	1.18349e+06
Q6NW62	Q6NW62_DANRE	khdrbs1b		162960	150790	165784	162202	168676	168228	169328	170854	221509	189640	164895	152009	194147	182422	174414	183989
Q6NW85	ARI1L_DANRE	arih1l		32273.5	38024.3	31971.5	34050.6	38053.8	38173	33877.7	36137	52223.6	38820.4	34605.9	30900.6	34189.2	35442.2	39896.3	42583.4
Q6NW90	Q6NW90_DANRE	tubb5		270737	308932	316979	349012	292777	371315	243987	285412	302085	596486	176597	195974	156042	165040	656682	896166
Q6NW91	Q6NW91_DANRE	nptx1l		12302.6	11731.9	8764.59	10987	11441.9	8273.32	9992.48	9350.35		12114.8		15987.9	12966.6	12025.7	8913.09	9280.84
Q6NW92	Q6NW92_DANRE	igfbp7		21460.6	21382.6	19942.1	18281	24547	19298.1	16413.9	15578.6	15352.5	18082.6	31460.9	26833.6	22122	24174.4	25504.9	18896.9
Q6NW93	Q6NW93_DANRE	prkar2ab		22258.5	22637.9	21867.9	18057	13610.8	17393.4	23190	24459.7	14457.2	16243.7	24709.6	27381.4	24968	24503.4	17411.8	15405
Q6NWB3	Q6NWB3_DANRE	sf3b4		4178.67	4363.94	11378.5	12918.8	10729.5	11397.1	6108.51	9445.7	8073.77	25932.2	4438.91	3775.95			27691.7	50065.9
Q6NWC1	Q6NWC1_DANRE	vdac1		1.48455e+06	1.4891e+06	1.47968e+06	1.47322e+06	1.42702e+06	1.42927e+06	1.60595e+06	1.56356e+06	1.32372e+06	1.59148e+06	1.56821e+06	1.55402e+06	1.59555e+06	1.64846e+06	1.63013e+06	1.7448e+06
Q6NWC3	Q6NWC3_DANRE	rps2		416848	434888	335894	343168	434802	425638	423856	421446	492590	449285	431342	413234	421331	436104	318750	357126
Q6NWC6	CPSF6_DANRE	cpsf6		122204	120445	118230	123626	118687	111271	127119	121085	115626	111173	153348	144408	150829	142988	114967	123246
Q6NWC8	Q6NWC8_DANRE	pccb		213546	208765	172817	166904	155057	158059	162135	165345	166955	169925	156996	163946	180210	175298	153827	163612
Q6NWC9	GKAP1_DANRE	gkap1		37888.3	32207.7	36181.1	33005.1	35048.6	28820.6	33743.2	38087.8	26034.6	41894.6	40320.7	36080.7	34992.1	31761.9	41898.8	28796.3
Q6NWD4	TIM50_DANRE	timm50		44612.5	47069.2	37916.6	39689.6	38788.7	35429.3	40610.3	36512.2	37840.8	33022.5	45409.3	48761.1	52157.3	51654.8	33505.9	42792.4
Q6NWE0	CK054_DANRE	zgc:85789		15790.2	14039.9	15275	12737.3	14134.5	15451.4	13807.6	14581.6	17348.1	15157.5	13437.5	15286.4	21404.7	23369.7	19514.5	18822.2
Q6NWF0	Q6NWF0_DANRE	zgc:85777		59927.6	44714.1	41645.9	39008.5	45652.1	41814.8	50894	47372.9	47951.9	50557.7	57675.8	49344.4	64941.3	68600	44252.1	44238.2
Q6NWF6	K2C8_DANRE	krt8		1.74643e+06	1.85823e+06	1.18237e+06	1.19553e+06	1.3194e+06	1.30462e+06	1.17787e+06	1.21694e+06	1.16813e+06	1.20544e+06	1.15785e+06	1.16346e+06	1.06099e+06	1.04865e+06	2.22631e+06	2.38737e+06
Q6NWF7	Q6NWF7_DANRE	echdc2		9644.12	3999.59			10346.7	13931.9	7537.59	7803.79	15914.4		7366.55		7300.52	7577.33	11298.6	
Q6NWG0	TSN36_DANRE	tspan36		51227.2	55075.7	68662.3	67046.8	65198.9	53124.1	67433.5	79165.4		21694.3	35137.2	24566.1	27944.4	43252.6	45060.5	43163.2
Q6NWG1	LRC59_DANRE	lrrc59		34586.6	30497.2	36308.1	33507.4	36065	29197.9	35949.1	31738	29749.7	20218.7	42533.6	43184.3	45302.4	45119.1	33690.7	27019.6
Q6NWH0	CK068_DANRE	P5436		44387	42276.6	43252.8	33614.4	40885.5	43196	36332.4	38114.8	27205.9	32878	47479.1	51011.3	34799.7	50433.2	41135.4	38319.4
Q6NWH2	MRPB_DANRE	marcksl1b		517146	536204	648340	707049	578572	590638	543123	582993	448545	655428	606021	567911	626040	615667	741305	864472
Q6NWH5	TMM11_DANRE	tmem11		21031.6	22344.1	18161.5	16763.1	17310.8	15742.6	19296.8	19527.8	19739.1	25848.6	17567.8	20891.5	24270.5	23867.3	22692.5	37863
Q6NWI0	Q6NWI0_DANRE	tuba5		150692	153668	141348	139565	122212	118721	141983	143116	142119	139848	129618	120014	130451	147068	152186	152325
Q6NWI1	RSRC2_DANRE	rsrc2		37260.6	30252.9	27842.6	27364.6	27972.4	23175.6	28270.3	28587.3	31853.7	28038.3	35417.6	31085.5	25318.4	26889.4	28059.9	32295.5
Q6NWI5	Q6NWI5_DANRE	mccc2		167572	162079	133961	129846	137996	131808	128908	128629	182374	176420	123183	128268	141484	134320	130231	135334
Q6NWI7	Q6NWI7_DANRE	tmed10		158732	159402	130557	134888	144832	150241	162769	160498	156057	150081	148348	154086	170874	162103	130572	136915
Q6NWI8	Q6NWI8_DANRE	ethe1		62257.8	57275.5	77067.7	74625.6	72499.8	69960.2	45110.8	43158.4	55530.3	53173.6	40604.6	47584.7	56457.1	63426.5	60447.8	59058.1
Q6NWJ2	Q6NWJ2_DANRE	spcs3		13705.4	15575.5	16717.4	17791.8	10946	22610.6	11560.2	16163.1	6688.71	28254.9	9669.39	11861.8	12883.2	10529.3	55314.8	70898.2
Q6NWJ4	DNJC2_DANRE	dnajc2		23578.1	18072.4	13556.3	12311.8	17747.2	19037.9	18792.5	19423.2		13215.6	16694.3	16947	25870.3	21606	8386.24	11897.2
Q6NWK2;Q7ZW98	AP2MA_DANRE;AP2MB_DANRE	ap2m1a;ap2m1b		221709	231151	195162	213707	206679	210403	222458	224792	271925	253328	223458	225918	208908	226368	212267	228568
Q6NWK3	Q6NWK3_DANRE	ranbp1		276296	276348	291730	288169	273912	269246	292398	262469	232817	262360	293745	298615	280060	279857	287504	288719
Q6NWK7	Q6NWK7_DANRE	tuba1a		101001	106459	140457	129282	161135	168433	114485	118226	626274	326059	97730.9	97123.2	81712.8	82946.1	341662	561003
Q6NWL4	CNOT9_DANRE	cnot9		16942.3	13221.3	14050.5	12420.2	16833.1	9481.57	14056	16844.7	16341.5	16372.6	12777.4	15569.8	15076.4	17561.3	10193.7	
Q6NWL6	Q6NWL6_DANRE	uchl5		119028	119332	136732	138373	118270	126080	129518	129295	114346	136801	119302	109529	134518	119533	137746	145885
Q6NWX4	Q6NWX4_DANRE	ppp2r5d		127103	121243	104634	103616	109109	103806	109232	106320	122790	121824	138013	132474	127473	125794	108512	115088
Q6NWY1	Q6NWY1_DANRE	mpp1		7846.44	9539.13	11145.1	11918.3	9471.44	11833.6	13532	13349.7	6600.87	8393.62	13000.5	12948.4	12635.6	14079.1	8911.99	11482
Q6NWY2	Q6NWY2_DANRE	oxsr1b		25159.9	22290.7	27045	25269.1	26280.4	27461.7	27805.4	24662.6	44135.1	37215.1	25822.8	24810.9	22146.4	20949.9	29898.3	41718.7
Q6NWY4	Q6NWY4_DANRE	slc13a3		83302	83608.2	82953.2	74766.6	92228.9	88358.5	87582.8	72656.4	103068	87425.6	78520	73246.3	112200	105726	62466.7	68351
Q6NX08	WDR12_DANRE	wdr12		12451	12788.1	15439.8	15054	12408.3	11597	12441.1	13384.3	25371.2	16276.5	15807.6	14237.3	12413.1	13937.9	13496.6	14070.5
Q6NX10	Q6NX10_DANRE	slc25a4		204982	201441	199596	203553	1.06953e+06	1.10246e+06	195734	195773	1.6162e+06	1.10912e+06	1.23022e+06		1.13581e+06	1.03758e+06	197001	194711
Q6NX86	Q6NX86_DANRE	hmgb1a		843297	876873	1.01576e+06	1.02238e+06	909274	975407	870244	883613	703147	740350	713772	713815	803870	793341	938197	1.02109e+06
Q6NX89	IF5A1_DANRE	eif5a		293388	299598	274648	266135	250625	245385	285701	262671	206734	286715	359453	325958	318767	314292	266318	262761
Q6NX90	Q6NX90_DANRE	map1lc3a		87909.1	85962.3	74080.4	66280.6	67584.9	75143.4	73075.3	82295.8	77663.6	82343.5	75508.1	74288.8	88548.3	80906	88767.8	89699.7
Q6NX98	Q6NX98_DANRE	st13		212961	210087	192705	199667	200443	196466	223576	221479	235194	200594	194724	187732	203505	210115	237125	255208
Q6NXA1	Q6NXA1_DANRE	sgta		62693.2	64958.4	82305.3	79082.9	69350.3	77446.6	72820.6	77292.6	71284.2	85176.6	57496.3	63322.7	57215.9	59015.9	77745.8	87985.1
Q6NXA3	Q6NXA3_DANRE	gtf2e2		15231.1	13399.9	17707.9	14550.5	15085.4	13331.6	15136.6	15020.5	12901	12455.7	22000.5	23217.2	24085	17367.2	13338.3	13533.3
Q6NXA4	ILF3_DANRE	ilf3		254027	254014	255824	261131	267431	272565	291146	286496	294092	281283	294536	278758	301599	287433	282692	306516
Q6NXA5	Q6NXA5_DANRE	pon2		46336.5	42462.6	50880.3	61034.1	30565.6	28542.4	29613.2	26552.6	34121.7	30200.1	29976.1	29015.6	30665.5	24611.2	51122.4	47003.5
Q6NXA6	Q6NXA6_DANRE	adh5		384093	398434	426020	416708	374058	388438	341234	365240	392425	437920	350066	355237	342781	354311	415834	434866
Q6NXA8	CE024_DANRE	zgc:77058		23374.9	30128	30860.1	33124.8	26537.3	27733.2	25625.4	29808.5	36552	28255.4	26140.6	22545.4	30817.7	27177.2	27077.3	24437.1
Q6NXA9	UBXN1_DANRE	ubxn1		15519.1	15173.3	17400.9	15343.5	16752.7	14228.1	16993.9	13837.8		16469	21070.7	22111	18305.1	17005.9	15888.1	18942.8
Q6NXB9	Q6NXB9_DANRE	pdia7		177800	177142	200642	200868	188032	193247	178693	186892	169009	199456	172146	176812	162141	178092	179293	181958
Q6NXC0	FMNL3_DANRE	fmnl3		6557.08	7272.28	5002.5	5717.98	5001.78	6001.87	5970.77	3371.31	4505.37	3666	5946.21	9757.54	7649.4	6538.91	4773.27	7032.26
Q6NXC7	Q6NXC7_DANRE	eif2b2		46937.3	46643.8	48934	52137.4	50362	50876.5	48449.1	47031.5	50562.2	52261.9	47931.6	47889.3	45847.6	43800.8	53150.8	57399.5
Q6NXD2	CHM2B_DANRE	chmp2b		45611.5	44219.3	48605.8	41073.5	38349.1	33627.4	29828.5	35184.9		42122.2	29923.4	32893	49169.8	48624.9	44778.7	26776.5
Q6NY18	Q6NY18_DANRE	ppm1na		37888.6	35709.8	40624.8	40857.3	36893.2	41648.2	41080.6	41067.2	49173.6	50112.9	40687.5	42072.3	43071.3	40911.5	50390.1	54783.6
Q6NY41	Q6NY41_DANRE	cyb5b		43693.4	48236.1	41000.9	45936.5	43496.2	46264.3	48649.9	48240.2	41066.1	39843.5	42749.9	41126.5	43597.2	43307.9	48984.4	36848.7
Q6NY42	Q6NY42_DANRE	ggh		30158	35200.2	32152.8	30298.4	34796.2	37985.5	36474.2	37214.5	27540.8	26755.2	34641.8	33204.8	47641.9	54188.5	20734.5	19046.7
Q6NY52	THOC5_DANRE	thoc5		21444.2	24734	30663.7	31412.7	27941.8	31568.7	31624.5	36230.6	28025	30696.7	36381.4	34067.3	30532.3	25822.8	28533.1	32270
Q6NY64	2ABD_DANRE	ppp2r2d		639360	664707	682219	679016	644647	692702	685886	624231	711626	918650	793923	659699	598392	611740	855280	741502
Q6NY65	Q6NY65_DANRE	rcc1		95421.5	93237.4	114157	116253	93960.8	93451.4	93616.8	105013	69964.3	79806.3	92519	92164.7	100636	111278	92304	86904.4
Q6NY73	L3BPB_DANRE	lgals3bpb		45379.2				48039.6	53798.3	69374	70809	87587.5	41107.3	78493.9	69957.8	55994.5	74934.2	34533.7	39509.8
Q6NY74	RFA1_DANRE	rpa1		25280.4	35675.4	34755.1	33412.7	35196.6	31734.7	34575.4	36148.8		27238.4	36448.4	29855.5	39454.1	37643.5	33542	32391.8
Q6NY78	Q6NY78_DANRE	eif2s2		74269.5	78339.8	66997.5	65444.6	76834.3	71835.5	82835.2	84320.6	65471.3	61850.3	77314.6	83700.5	92140.7	90510.9	65473.9	72354.2
Q6NY81	Q6NY81_DANRE	ehd1a		42626.8	43228.2	43501.6	41851.5	41343.3	41289.8	48467.9	46076.6	43973.2	43521.3	42129.7	43664.4	46942.2	45555.3	37150.8	40602
Q6NY98	MCE1_DANRE	rngtt		47058.9	52633.8	45153.6	44531.5	46777.3	42977.2	57892.5	57517.7	41458	41588.7	59767.1	43752.5	49159.9	46545.4	45961.2	51838.6
Q6NYA0	SRS1B_DANRE	srsf1b		30945.1	32788.8	28914.8	35953.3	46719.7	50244.3	34555.7	43720.9	34987.1	41146.2	36739.6	21924.1	29622.3	36409.2	48369.2	41837.5
Q6NYA1	Q6NYA1_DANRE	hnrnpabb		215611	225338	315263	341139	311343	351992	257059	311212	588958	477719	282783	241196	274302	230443	592716	695535
Q6NYB4	MB211_DANRE	mab21l1		21126.6	24175.2	26818.9	27942.3	26971.5	26787.3	30288.2	27449.9	16535.2	25062.3	21499.4	24388.6	25582.6	26993.2	26497.9	23374.9
Q6NYD1	ROMO1_DANRE	romo1		100050	95045.4	72161.7	58006.3	95572.6	100151	82843	84761.3	90744.8	109669	67385.6	91243.5	84071.8	69828.7	56056.2	80439.2
Q6NYD2	Q6NYD2_DANRE	sfxn2		2955.35			4074.99	8956.97	6163.97	4847.29	5930.16	10317.9	11059.2					7927.11	4875.15
Q6NYD6	Q6NYD6_DANRE	rab5b		31067.8	26266.9	23564.6	36395.1	30808	35737.9	33739.1	31535.5	33769.1	39735.5	34384.3	39253.7	33830.8	29800.5	40611.9	31406.4
Q6NYD7	OCAD1_DANRE	ociad1		159660	155746	136772	121309	148973	135813	139797	127611	147306	142810	198594	181033	192985	193678	119147	109046
Q6NYE1	Q6NYE1_DANRE	fgb		135010	141577	248178	237943	189732	201856	148889	151377	117002	84726	192359	201369	174090	195356	319232	347183
Q6NYE2	RCC2_DANRE	rcc2		47474	46010.8	59394.3	51741.6	52828.1	54031.8	52348.6	50524.4	38979.1	42862.7	54894.4	56454.2	55603	56542.6	58135	51891.2
Q6NYE3	Q6NYE3_DANRE	pgm2		122049	126245	119263	117152	119170	117095	120431	130003	104315	114029	124359	117910	122360	118166	126924	125632
Q6NYE6	Q6NYE6_DANRE	cyb5r3		110398	115948	116834	113663	101769	98895.7	102526	98194.7	92434.1	77906.4	134463	127607	113194	122319	105997	114171
Q6NYF0	LACB2_DANRE	lactb2		9653.03	12887.2	14197.2	20848.3	14065.8	14609.4	12619.8	16406.2	7152.11	14887.2	12547.4	17706.7	10933.2	11747.3	33461.6	32030
Q6NYF2	Q6NYF2_DANRE	clic1		88232.6	97055.4	115504	111259	122739	120628	111799	123732	132465	122196	108684	114477	84025.4	84472.1	112138	132191
Q6NYF4	Q6NYF4_DANRE	nup43		27764.2	28687.4	23921.3	28576.2	29190.5	23841.4	30835.2	29144.8	31250.6	29835.3	28056.6	27624.5	26242.6	27312.2	26225.9	27919.3
Q6NYF7	Q6NYF7_DANRE	atp5pf		1.20069e+06	1.31063e+06	1.04456e+06	1.07315e+06	1.08118e+06	1.3336e+06	957772	1.27182e+06	1.40817e+06	2.09753e+06	729032	924432	741047	1.00648e+06	1.68155e+06	1.93287e+06
Q6NYG2	Q6NYG2_DANRE	cacybp		29865.6	28404.9	28440.5	25487	31947.6	28512.8	32700.5	30588.4	33004.4	25554.2	34450.8	33846.2	37699	34069.4	27395.7	23584.2
Q6NYG6	TDRD3_DANRE	tdrd3		13798.7	14918.5	11276	13502.4	13978	14781.6	17013.3	14016.7	11420.8	14168.8	20741.1	15771.7	17716.3	16910	11297.1	9524.83
Q6NYH5	Q6NYH5_DANRE	atp1b1a		340139	344153	295846	299077	325032	327031	371886	361751	329406	322479	328507	307420	364387	354566	316012	345928
Q6NYI5	Q6NYI5_DANRE	hacl1		45148.7	46512.6	40008.4	40787.8	37222.8	35876.5	28584.7	17606			52255		52957.2	45616.8	17046.5	19959.4
Q6NYJ1	Q6NYJ1_DANRE	lasp1		151795	158882	209471	204872	159095	173253	137854	162561	146487	176980	182713	160832	136551	153867	297602	329951
Q6NYJ7	Q6NYJ7_DANRE	lgmn		40120.8	39668	46218.5	46680.2	69756.1	71068.7	62372	55408.3	74114.3	57243.5	57839.9	60658.2	54678.2	58868.6	44082	45336.6
Q6NYJ9	Q6NYJ9_DANRE	ap2b1		276166	275142	257669	262228	257002	256836	275277	263651	311074	303101	274653	267853	289838	268159	271879	291336
Q6NYK1	Q6NYK1_DANRE	dhps		13123.1	11756.7	16439.6	18378.1	10229.2	11933.5	9153.06	15849.7	20998.1	16194.5	8776.97	8271.33	16362.7	14116.8	21686.5	23946.6
Q6NYK2	Q6NYK2_DANRE	rom1a		1.93782e+06	1.98683e+06	2.34555e+06	2.37429e+06	2.57718e+06	2.68612e+06	2.59301e+06	2.75431e+06	3.07489e+06	2.81286e+06	1.99843e+06	2.16431e+06	2.55537e+06	2.48067e+06	2.78607e+06	3.20771e+06
Q6NYK4	Q6NYK4_DANRE	epb41l5		30222.8	37705.9	37133.5	35073.3	31300	31036.6	35635.1	36760	28477.6	36266.7	35036.2	30185.5	34034.2	31754.7	37541.8	38515
Q6NYL2	Q6NYL2_DANRE	eif4ebp2		41397.1	39510	41266.1	35855.2	41781	36845.7	39284.9	42290.2		32615.6	37625.1	39192.6	44941.9	45104.8	32154.8	32138.3
Q6NYL5	ALAT2_DANRE	gpt2l		43614	48200.3	33910.3	37631.3	31585.7	31283.1	36736	30989.8	70042.4	48595	38831.2	37510.9	50709.4	33449.5	35536.3	52773.1
Q6NYL6	Q6NYL6_DANRE	fam49bb		41936.8	41356.6	42328.5	41279.6	51198.7	49678.7	45430.4	43573.5	65595.3	54275.4	40193.9	48934.4	53595.8	59626.5	36417.4	40823.8
Q6NYM8	Q6NYM8_DANRE	adhfe1		56778.6	50296.5	50623.8	52372.4	50524.5	48118	54333.1	51753.2	59348.5	50390.9	60929.8	57440.2	49342.9	51549.5	51495.1	49550.6
Q6NYN3	Q6NYN3_DANRE	ipo7		44167.2	40483.5	41176.4	42699.6	42566.6	42895.7	44576.7	39795	46885.4	42634.9	44594.6	50563.9	49622.4	47501.1	42464.6	43076.8
Q6NYN4	Q6NYN4_DANRE	ralbp1		14134.8	12792.7	12599.2	15541.9	11271.7	13957.7	12241	12682.1	11342.6	12291.6	10985.6	12250.5	10848.4	10892.5	8281.05	6224.98
Q6NYP5	Q6NYP5_DANRE	cdipt		253972	242821	267764	265458	227436	230522	272307	242000	316942	247697	263674	248606	266766	263391	202699	186399
Q6NYP8	EFMT1_DANRE	eef1akmt1		21151	27590.5	21647.1	23564.9	23464.9	21451	23625.1	21403.2	19494	23201.4	21278.5	27762.9	24847.4	27304.6	20490.7	22991.4
Q6NYQ7	Q6NYQ7_DANRE	nnt		2.77152e+06	2.8636e+06	2.51576e+06	2.51722e+06	2.60718e+06	2.61573e+06	2.36313e+06	2.43603e+06	3.29346e+06	3.05239e+06	2.43324e+06	2.39921e+06	2.16525e+06	2.15919e+06	2.42241e+06	2.55774e+06
Q6NYR8	NPL_DANRE	npl		10677.4	14483.1	12532.4	9874.63	11125.9		13844.8	12929.9	15831.5	16313.2	15897.6	15839.1	12098.4	15889.9		11003.7
Q6NYS3	Q6NYS3_DANRE	cul1a		50559.1	49000.7	48047	48162.9	40735.8	40458	44656.3	47270.7	37073.4	40889.6	51640.2	47550.4	55589	56683.5	41899	44484.7
Q6NYS4	Q6NYS4_DANRE	pebp1		172648	158714	239225	246541	188871	190640	169836	173375	193938	198215	179376	184241	152610	177329	196018	221328
Q6NYS8	OST48_DANRE	ddost		33175.3	37839.2	28602.8	36674.6	39877.6	42357.6	40822.8	46446.1	44775.6	48970.8	36607.4	32498.6	30817.8	26669.2	54626	69027.7
Q6NYT0	Q6NYT0_DANRE	xpnpep3		29820.6	28869.6	25141.1	26871.5	26685.2	25595	30485.5	23670.3	31247.4	30273.7	31710.2	27474.3	33025.5	29552.3	30372	28544.4
Q6NYT9	Q6NYT9_DANRE	otx5		69871.2	69110.6	69731	73575.5	72948.6	68175.5	88249	81623	80009.6	87801.2	73979.9	88527.2	101224	84252.9	73151.7	75143.2
Q6NYU8	Q6NYU8_DANRE	hnrnpaba		543761	573732	552550	559291	558718	561973	634296	631956	508978	581245	490719	516316	532585	560196	608334	680414
Q6NYV1	Q6NYV1_DANRE	psmd3		243701	240801	251935	248699	233309	234846	230110	231120	253382	236912	245368	239455	256796	266058	258250	274626
Q6NYV2	Q6NYV2_DANRE	ghitm		80812.9	76317.3	71618.2	63667.7	77173.2	75362.2	86944.3	51468.8	95840.7	80909.8	99929.7	108791	109792	114953	63334.9	51646.3
Q6NYV3	Q6NYV3_DANRE	h1-0		5.60592e+06	5.94981e+06	7.1186e+06	7.23677e+06	5.82518e+06	6.03018e+06	5.52679e+06	5.9015e+06	5.63928e+06	5.842e+06	5.56692e+06	5.42083e+06	4.53528e+06	5.32677e+06	6.11436e+06	6.6062e+06
Q6NYV7	Q6NYV7_DANRE	pcdh10a		5838.05	6863.1	8300.09	5854.24	5157.97	4799.1	4518.76	6250.22		4473.79	6734.92	6871.1	7400	4676.96		3378.63
Q6NYW6	CLAP2_DANRE	clasp2		62929	67840.1	70193.4	68641.6	76097	85033.3	66223.2	68126.3	83343.7	88016.9	66301	69969.3	56790.8	55749.9	77747.8	87054.2
Q6NYW8	Q6NYW8_DANRE	hnrnpa0b		1.24453e+06	1.21882e+06	1.25503e+06	1.26626e+06	1.32603e+06	1.3147e+06	1.42881e+06	1.37036e+06	1.43341e+06	1.35679e+06	1.3263e+06	1.33349e+06	1.36438e+06	1.37109e+06	1.34918e+06	1.34347e+06
Q6NYX7	Q6NYX7_DANRE	waslb		13393	15126.3	12827.5	13515.8	12865	16294.7	11104.1	15666.7	13459.5	14544.6	13898.1	19798.2	17220.2	13866.6	17361.9	16411.8
Q6NYX8	PITH1_DANRE	pithd1		21907.9	11513.5	20386.3	21208.5		11776.8	16874.4	14107	9059.33		18427.5	18955.9	26368.7	16603.5	9319.42	
Q6NYY9	VMP1_DANRE	vmp1		19155.1	18728.8	18858.4	20520.9	20550.3	18907	20827.8	21911.7	19700.6	17409	24091.4	19856.7	26001.7	19705.6	12846.5	14371.9
Q6NYZ0	Q6NYZ0_DANRE	dnajb11		53008.4	56335.3	63554.8	62234.6	58657.9	65285.6	59079.9	57841.2	66764.5	68473.5	45869.2	53031.5	39133.9	42371.1	68557.6	67908.5
Q6NYZ4	PLA1A_DANRE	pla1a		35523	20550	27440.1	13631.8	34970.7	34092	27420.7	21020.3	41992	19208.4	30811.7	28156.2	41766.9	31339.9	17958.6	14297.4
Q6NZ06	ILF2_DANRE	ilf2		288389	314166	327278	333963	336875	324137	340808	344792	347718	360450	316174	322996	320647	342678	352424	367778
Q6NZ07	NCLN_DANRE	ncln		33265.1	31791	25923.8	30748.8	27313.7	31524.4	33858.7	30426.4	25188.6	28640.5	35619.6	31027.6	35632.2	33194.7	25964.8	24003.8
Q6NZ09	ADRM1_DANRE	adrm1b		85732.2	89031.2	89792.9	86986.9	96060.7	86792.6	86011.1	80488.4	66498.7	89640.4	83387.2	89163.3	88812.7	94980.3	79741.4	76559
Q6NZ29	Q6NZ29_DANRE	glud1a		61892.1	65524.6	63815.9	63653.2	63772.4	63305.2	47345.7	47251.2	40733.3	55001.9	67126.1	67168.4	58671.2	56465	81905.7	92724.6
Q6NZ72	Q6NZ72_DANRE	aqp1a.1		26343.4	33522.5	71259.1	59670.6	40301.7	43642.7	22286.4	25466.3		19577	24559.6	29979.9	23431.3	26758	104492	99182.6
Q6NZR9	Q6NZR9_DANRE	nudcd3		28769.5	28808.2	29255.5	31887.9	29277.5	29973	28876.6	29316.1	25744.5	31554.4	26431	28836	22149.3	34169.7	24930.2	30295.8
Q6NZS4	RTCB_DANRE	rtcb		83453.9	77294.5	74993.2	72270.2	72549.9	72317.3	71200.5	75738.3	71354.5	74495	80345.5	77638.7	87076.5	84884.8	84285.7	86370.2
Q6NZT6	I2B2A_DANRE	irf2bp2a		107346	111470	90522.4	121864	123395	111612	119273	103898	156390	144862	120207	130732	155761	131875	119738	135572
Q6NZT9	Q6NZT9_DANRE	srsf2b		143058	166628	205636	185393	190561	192219	146588	157020	50728.2	104064	126006	153617	149042	184941	210699	205014
Q6NZU8	Q6NZU8_DANRE	atad3		67962.4	72687.9	57677.1	56756.6	63466	57910.6	57084.7	52133.6	60286	61819.6	73698.7	76034.2	73637.8	70823.7	52128.6	53982.6
Q6NZV1	Q6NZV1_DANRE	pdpk1b		28550.1	28008.3	28789.4	22195.4	24465.5	23287.8	29993.2	21845.4	23608.9	28335.8	32176.7	26610	23507	20357.9	26017.9	26757.6
Q6NZV3	Q6NZV3_DANRE	nptnb		51558	58461.1	59331.2	60577	49746	58313.4	50141	53857.2	72158.1	95411.3	45444.4	48272.7	39059.2	38999.1	100834	140224
Q6NZV4	Q6NZV4_DANRE	csrp1a		66685.1	81651.1	108253	112147	86158.3	93408.8	69279.6	68579.7	55989.6	59155.3	71443.9	75639.3	55490	66559.4	119795	147023
Q6NZW3	Q6NZW3_DANRE	cfl2		57414.9	58719	50003.6	45064.6	37487.2	39387.3	45552.4	45853.4		27855.4	56109.1	54521.3	54849.9	51788.6	41406.4	34199.8
Q6NZW8	AR8BA_DANRE	arl8ba		72460.2	60747.3	56053.8	52369.1	48350.6	44462.4	56947.2	57085.3	40877.3	40617.2	63107.4	66533.7	73706.1	68453	42888.6	34571.2
Q6NZZ2	Q6NZZ2_DANRE	arpc4		63338.5	56299.1	56328.2	58824.4	70285.2	73035.5	59759.2	61474.6	112243	75808.7	59602.7	59579.3	60448.3	61955.1	94057	99554
Q6NZZ3	CF120_DANRE	zgc:77929		10719.6	7571.74	8332.09	10652.9	11033	10175.2	10205	7813.25	6576.62	6830.15	8262.59	8705.9	8530.15	6044.73	9631.7	7115.41
Q6NZZ9	RBM22_DANRE	rbm22		38126.9	36419.8	33508.2	37263.5	36069.7	37760.1	39825.6	33383.2	28838.5	20538.7	26447.8	20826.3	41146.8	52279.7	33724.8	34495.4
Q6P001	Q6P001_DANRE	dhrs13l1		207989	206563	189886	184116	66054.2	65014.9	79952.4	81570.4	74895.7	65589.8	78454.2	73063.6	75127	79375.8	129795	136392
Q6P007	Q6P007_DANRE	dcun1d2a		31719.3	25739	24399.3	16214	22455.2	19247.6	31435.7	25948.8		8661.74	26768.2	33112.7	30186.9	27882.8	17034	16831.1
Q6P009	Q6P009_DANRE	dao.3		42100.7	42973	39792	34506.8	25565.9	30019.3	48687.6	55963.5	46933.1	46734.8	25877.5	22617.3	58625.6	46205.6	67519.5	60392.2
Q6P011	EMC4_DANRE	emc4		6293.59	5824.93	7989.32	9615.21	4883.72	10016.8	7671.46	9607.47	11314.3	10348.5	8368.99	8344.21	5542.02	2390.2	9309.02	9627.48
Q6P018	Q6P018_DANRE	tex264a		22293.2	24747.6	32439.4	40101.6	30555.8	29436.3	32803.5	29075.5	37517.2	44619.6		15407.4	20022.1		43980.2	54174.9
Q6P025	Q6P025_DANRE	gnb3b		5.22628e+06	5.21578e+06	5.21398e+06	5.22252e+06	6.21761e+06	6.2229e+06	7.02674e+06	6.61657e+06	5.79543e+06	5.49698e+06	4.89542e+06	4.73791e+06	5.2561e+06	5.47274e+06	5.9669e+06	6.40787e+06
Q6P026	BAF_DANRE	banf1		122158	114564	136715	132449	136464	143246	155427	152935	102151	124120	127815	135503	113552	132112	127200	115722
Q6P027	Q6P027_DANRE	rlbp1b		2.43176e+06	2.42977e+06	2.9063e+06	2.87401e+06	2.68642e+06	2.67324e+06	2.85546e+06	2.9349e+06	3.03546e+06	2.83422e+06	2.24286e+06	2.27943e+06	2.90266e+06	2.89193e+06	2.5958e+06	2.89281e+06
Q6P032	Q6P032_DANRE	m6pr			12164.1	9071.39	13380.8	17222.5	14649.7	7326.77	13604.5		14339.4	9804.81	10044.3	11298.4		18560.7	17338.8
Q6P036	S2533_DANRE	slc25a33		27246.3	27854.8	20025.2	18692.1	25843.3	25896.8	25034	21381.6	33489.1	27563.6	24670.4	25887.6	23926.6	23447.7	9754.99	18069
Q6P043	Q6P043_DANRE	aldoab		9835.4	14363	7536.51	13458.7	10993.2		7929			9519.83	15984	16753.8	12512.4	14137.1	63164.3	53932.7
Q6P0B1	CELF2_DANRE	celf2		46032	41430	40483.7	40222	45071.3	35129.5	49908.3	38356.9	46595.2	43958.2	56301.9	49905.3	66890.9	63166	42580.2	40899.8
Q6P0B3	Q6P0B3_DANRE	scamp1		38806.4	44230.7	54626.2	58102.1	52909.1	78229.2	41238.9	82294.4	105305	130338	43390	37946.2	42838.4	35667.9	146983	211139
Q6P0C4	Q6P0C4_DANRE	pars2		28888.6	25715.3	25175	23992.1	23960.5	23781.5	25891.9	26486.1	26679.7	26173.9	31493.4	27372.2	23738.8	26032.7	25993.5	18761.3
Q6P0C7	SCAM5_DANRE	scamp5		138862	148414	138545	145013	142613	150391	147282	151501	168549	163271	124421	122610	126187	120963	161312	203136
Q6P0D3	Q6P0D3_DANRE	arpc5la		123451	128188	117967	110310	124176	112455	115118	127348	69211	91013.1	129671	120434	141964	143413	98427.7	98655.5
Q6P0D5	WBP11_DANRE	wbp11		25934.5	28561.1	24454.5	27886	27008	25401.2	26715.7	26534.6	17963.6	23283.8	22309.8	22458.8	24246	23618.8	26278.4	26624.2
Q6P0D7	MPP7_DANRE	mpp7		14744.4	16380.6	14658.7	16215.1	15991	14608.2	14318.3	16406	19614.3	12744.2	18203.4	18491.2	19187.8	16591.8	16452.9	10255.9
Q6P0D9	CIAO1_DANRE	ciao1		26147.3	30603.6	33446.1	32406.1	30542.5	35308	30630.8	35025.2	45401.5	44098.8	37113.8	33823.7	33314.8	25790.6	34270.2	36513.9
Q6P0F0	EMC6_DANRE	emc6		57492.3		62105.9	65029.5	65911.9	69785.4	47696.6	57060	108509	88887.2	53624.8				62760.2	78973.5
Q6P0G2	Q6P0G2_DANRE	zgc:77262		164867	184922	196094	197767	198336	204493	200734	194022	249775	220221	183480	176400	179655	174923	239402	259793
Q6P0G5	Q6P0G5_DANRE	tfg		71683.6	84952.9	88368.8	95222.4	78054.8	92968.8	71192.5	88009.5	71866.4	127995	66626.8	73289	58300.9	66041.6	140430	178585
Q6P0G6	MYL1_DANRE	myl1		141032	132529	94392	99069.1	132256	118286	145126	153370	32105.2	62464.7	81963.1	81023.1	109478	109135	142095	121726
Q6P0H6	CSN4_DANRE	cops4		81754.5	81565	75332.4	74314.6	76477.6	74747.3	77950.9	77883.3	73665.6	79975.2	83903.6	80258.1	92931.3	87134.2	75494.3	69032.3
Q6P0I2	Q6P0I2_DANRE	psma8		165048	171386	175317	193649	170869	183631	172546	181397	222733	199042	152223	140534	154785	155810	241713	277690
Q6P0I6	ZN830_DANRE	znf830		6089.66	8671.84	18160.6	15670.1	21897.1	19186.5	17270.4	15878.4	13164	9556.61	6526.1	8545.24	10842.6	8674.67	11278.5	7499.84
Q6P0I8	EXOS6_DANRE	exosc6		19078.5	20599.3	14548.7	17204.9	16143	16562.1	19189.6	20874.3	11255	14818.9	20871.6	21377.2	20746.5	20998.2	13142.8	11707.6
Q6P0J0	Q6P0J0_DANRE	ppp1r2		69725.3	71947.1	77207.4	79621.4	76594.2	86712	69640.7	73261.4	76898.2	78432.7	71128.4	63017.5	64588.9	66102.9	85918.8	80852.7
Q6P0K2	Q6P0K2_DANRE	srsf7a		21710.2	22174.2	20625.2	22651.7	24970.2	26430.4	21963.5	27973.3	28197.9	33230.8	20544.5	25268.4	18939.9	22707.3	32866	33083.4
Q6P0K4	Q6P0K4_DANRE	nansa		108445	112964	107777	104882	111599	109687	118738	113745	115486	110691	109060	117558	120292	117973	110471	108732
Q6P0R9	Q6P0R9_DANRE	ap1s2					8751.13	12122	7116.73		24046.7	49253.9	60740.5					29791.8	55425.9
Q6P0S5	Q6P0S5_DANRE	adh8a			10505.2					6748.32								28659.3	26329.4
Q6P0S8	Q6P0S8_DANRE	adob		39330.5	33594.2	37896.7	37260.2	44710.1	34424.3	33769.1	35471.9	49638.9	20197	39137.6	37872.4	39897.5	33372.8	32761.2	28713.2
Q6P0T0	Q6P0T0_DANRE	ndufs8a		338447	351222	445273	468369	437302	483257	399447	449370	549391	546864	317211	342749	293855	291429	404953	460776
Q6P0U0	NAGA_DANRE	amdhd2		34539.2	30573.4	29101.1	28076.1	35743.7	34237.2	31065.2	36372.7	28278.3	31398.7	19996.9	28304	41160.2	30725.7	25848.1	25899.3
Q6P0V0	Q6P0V0_DANRE	hnrnph1		40246.5	48352.1	52745.9	42543.5	52130.3	69876.2	40041	48204.7	105363	99850.6	37151.2	34906.6	33003.1	36566.6	86382.3	114104
Q6P0V2	Q6P0V2_DANRE	tmem30ab		13224.4	15412.8	12402.3	14526.6	15486.4	16961.3	15609.3	15376.9	10633.2	18185.1	17901.3	18161.2	11623.3	13824.7	18590.5	22261.9
Q6P0V6	RL8_DANRE	rpl8		429494	438340	425402	434811	401567	389011	446904	444584	345619	416149	453755	461550	418770	408052	453448	475446
Q6P0Z0	Q6P0Z0_DANRE	lmnl3		25866.7	22221.7	19882.7	21253	20218.3	18833.9	21927.3	20792.2	25209.4	20461.4	26680.5	27025.9	23617.1	24105.7	19953.6	21725.2
Q6P102	Q6P102_DANRE	ywhabl		1.12999e+06	1.14035e+06	1.19054e+06	1.25355e+06	1.29927e+06	1.45806e+06	1.15084e+06	1.20479e+06	1.62096e+06	1.61873e+06	1.21671e+06	1.16727e+06	1.28969e+06	1.28073e+06	1.84179e+06	2.02223e+06
Q6P104	QKIB_DANRE	qki2		38619.1	41038.5	47328.3	41286.8	41039.6	37860.2	35469.7	38820.3	35318.8	38337.1	31178.8	32434.8	34410.2	33653.9	47469.9	45459.7
Q6P119	Q6P119_DANRE	ndufb3		194707	212211	248592	236817	263225	259833	265446	270202	299174	310388	216195	239235	266911	279021	222408	253251
Q6P121	HYCCI_DANRE	hycc1		40312.8	31920.8	39205.3	41924.8	38285.8	35159.6	41970.3	38055.6	34180.1	42194.8	39328.2	38110.4	59020.1	67748.1	42230.4	37029.9
Q6P122	Q6P122_DANRE	dnm2b		19774.2	26055.2	44864.8	39598.5	28595	39342.8	25377.8	18090.3		45408.2	29333.6	26946.9			61716.1	69011.9
Q6P129	Q6P129_DANRE	rab18a		20365.1	19128.6	15808.6	16383.1	11043.3	12875.7	19952	18480.3	12954.9	16147.4	13329.1	12304.6	19491.1	14292.1	12622.4	11018.8
Q6P131	Q6P131_DANRE	txn2		33166.9	52013.3	59974.7	58290.5	51591.4	54443.9	43038.5	57037.9	60486.3	55900	61270.9	64123.2	42142.4	23124.4	57539.6	59652.1
Q6P1J5	Q6P1J5_DANRE	atp5f1d		566277	552341	497229	466896	582055	704571	520623	727729	995318	1.13394e+06	403660	504843	344695	417735	370247	539481
Q6P267	Q6P267_DANRE	ubxn4		46643.6	47595.5	47149.6	47567	51561.6	55539.9	44574	45245.3	44826	48873	42838.1	51611.9	53511.3	53627.1	40445.3	40181.6
Q6P271	Q6P271_DANRE	atp1a3a		4.15891e+06	4.33468e+06	3.98881e+06	4.04322e+06	4.2143e+06	4.50633e+06	4.14103e+06	4.36989e+06	5.53624e+06	5.61782e+06	4.08272e+06	4.07458e+06	3.94823e+06	3.91587e+06	5.10763e+06	5.90315e+06
Q6P298	NUBP1_DANRE	nubp1		35043.6	36195.1	37304.9	36961.5	38194.8	30327.2	37799.1	33816	38964.9	38508.4	41720.5	40818.7	38039.6	40389.4	44880.6	43049.2
Q6P2B0	Q6P2B0_DANRE	vapb		968947	965784	896470	884935	926602	859443	941531	919492	940140	952762	997751	975509	999674	1.03027e+06	849967	787920
Q6P2M0	Q6P2M0_DANRE	rpl27a		33516.9	35103.2	21946.6	25386.2	29949.6	34147.1	39869.7	38267.2	72894.5	62070.4	40354.5	37571	36932.9	37430.3	70479.2	94493.7
Q6P2T1	Q6P2T1_DANRE	snrpa		78646.2	81886.2	60258.2	64733.2	67873.8	68846.6	78437.4	80940	56009	64047.2	74164.9	75390.3	62817.5	69066.8	56288.6	56008.2
Q6P2T5	Q6P2T5_DANRE	arpc2		214985	198202	156792	165626	185266	177364	201466	188715	146030	163863	190486	186230	202061	197358	145767	135245
Q6P2T6	Q6P2T6_DANRE	csrp2		61221.1	58494.2	58441.4	59053.9	44270.7	39001.1	38458.4	40877.9	44589.9	33850.3	41450.4	42810.5	36872.9	39314.1	44050.9	54020.2
Q6P2U5	Q6P2U5_DANRE	arf6b		74113.9	74818.4	77970.2	76611.9	76115.1	80385.5	68375.8	71135.1	97367.7	86507.1	84698.9	91677.2	66838.4	73192.3	93435.3	113952
Q6P2U7	Q6P2U7_DANRE	nherf1a		118237	117518	129901	125595	109820	108101	116169	110045	91757.8	108675	142474	128164	122913	125950	114248	124273
Q6P2U9	CSN3_DANRE	cops3		78386.2	92165.5	116035	125474	112759	120980	91550.8	116160	118704	141626	97393.8	92275	77703.3	71511.3	125964	147706
Q6P3G2	Q6P3G2_DANRE	snx27b		21142.9	17108.7	17619	13592.1	18162.8	15737.3	15928.5	16244.6	18556.3	14833.2	25664.5	19958.6	22222.3	23605	12348.8	11982.6
Q6P3G3	Q6P3G3_DANRE	ubxn7		14689.3	14517.4	12697.5	13031.4	10968.7	11365.4	13586.4	13249.3	13577.4	14057.5	20466.2	14775.9	20365.7	22787	10620	9446.83
Q6P3G4	CCSAP_DANRE	ccsap		26315.4	20714.9	23381	23979.2	26880.7	26781.9	31189.1	22160.7	28657.8	23495.1	25697.6	27782.8	25840.4	26124.4	21318.6	26354.7
Q6P3G9	Q6P3G9_DANRE	erp44		121048	115041	111808	109924	109581	105812	121018	110289	88085.1	93015.2	110996	108134	126332	128093	102911	99185.4
Q6P3H7	RBBP4_DANRE	rbbp4		226839	223613	232848	244536	254473	247317	255104	250672	237658	251186	278550	278072	248085	225035	240486	261658
Q6P3H9	Q6P3H9_DANRE	slc3a2b		302885	302793	325074	318929	299628	311603	334718	333347	276762	287728	259899	259322	242367	268633	294669	298991
Q6P3I0	Q6P3I0_DANRE	heatr3		8571.31	9956.08	9885.81	10324.7	9713.38	9656.23		8133.9	8471.22	10629.2	9904.75	7487.75	9750.58	11103.1	12827.3	6617.9
Q6P3I8	Q6P3I8_DANRE	gcdha		46639.5	41595	33155.2	37439.1	45995.9	39824.2	49154	48164.9	56231.4	59040.6	58496.2	61652.8	56829.2	57359.2	40565.5	39536.9
Q6P3J5	EF2_DANRE	eef2b		1.06409e+06	1.09846e+06	1.11457e+06	1.10787e+06	1.13722e+06	1.14231e+06	1.22436e+06	1.16195e+06	1.28906e+06	1.20623e+06	1.19167e+06	1.12766e+06	1.13928e+06	1.14164e+06	1.15288e+06	1.21817e+06
Q6P3J6	Q6P3J6_DANRE	fkbp8		63889.4	67994	63414.6	61028	64577.4	61367.9	71672.5	62769.7	66102.1	57530.2	77869.4	73907.2	91763.8	80931.2	55298	56731.1
Q6P3J7	Q6P3J7_DANRE	ehd2b		20553.5	18288.5	15440.3	17353.2	13138	13249.6			13569.3		15168.7	20223.3			15475.2	14668
Q6P3J9	Q6P3J9_DANRE	adka		54405.6	56631.1	57517.3	57521.1	64553.4	60195	69529.6	78333.6	58122.3	64965.5	59375.6	62473.6	64679.3	69131.8	62751	59136.5
Q6P3K7	KC1DB_DANRE	csnk1db		32473.7	37960.8	33050	33476.1	34547.5	37242.7	33029.6	31952.6	51144.5	36714.9	35850.6	28916.4	33215.6	29095.6	36938.7	40004.1
Q6P3L0	MVP_DANRE	mvp		129250	125766	174901	173342	198032	194231	155883	154674	120532	117574	176527	170802	155661	151329	165329	167895
Q6P3L9	Q6P3L9_DANRE	glud1b		138694	142158	129693	138900	131684	135044	126761	134407	173556	162540	125000	128172	126151	122034	164101	200402
Q6P404	Q6P404_DANRE	dhx38		13999.2	14238.2	14353.5	16522.9	15083.2	17202.9	14390.7	14186.3	16552.2	17821.4	25236.3	18984.9	25358.5	21262.9	16781.3	13313.8
Q6P4P8	Q6P4P8_DANRE	pde6c		1.28017e+06	1.28675e+06	1.3032e+06	1.30879e+06	1.62952e+06	1.71976e+06	1.61743e+06	1.62865e+06	1.68744e+06	1.81131e+06	1.33945e+06	1.35507e+06	1.36925e+06	1.45282e+06	1.45265e+06	1.70671e+06
Q6P4U8	Q6P4U8_DANRE	dnase1l4.2		35199.6	37669.4	35894.9	29937.4	32656	32749.8	29018.5	26741	27136.4	14802	47199.6	46783.2	61133.5	61037.8	37552.1	31561.5
Q6P4V4	Q6P4V4_DANRE	ctnnbl1		33269.6	35499.7	35473.2	37329.8	33812.2	30086.8	41811.3	39306.4	29963.6	35305.9	33331.8	35225.5	37783.8	37145.4	35072.8	32208.4
Q6P4V5	Q6P4V5_DANRE	scp2a		38204.1	36307.1	41274.4	44211.5	36808.3	35887.2	46344.9	48801	49253.1	48633.9	35769.8	36274.4	35936.3	39884.4	48383	50943.9
Q6P5J2	Q6P5J2_DANRE	c8g		55240	52573.9	79313	78969.1	38071.2	37656.1	41776.5	40437.7	24403	35913.2	45484.8	63691.9	59656.4	52324.3	57881.2	59620.8
Q6P5K5	Q6P5K5_DANRE	rplp1		149127	151755	167393	188231	264487	269024	237753	228795	289049	332638	213220	168292	160364	171400	177938	223542
Q6P5K6	Q6P5K6_DANRE	slc25a20		58536.9	56496.6	55399.3	53183	50808.1	54925.4	48845.2	47999	47592.5	48724.3	51481	57812.4	55910.5	54803.2	52887.2	52120.5
Q6P5L2	Q6P5L2_DANRE	dbi		626804	637562	648211	661971	652519	682526	702026	743825	866509	880163	658209	653214	643898	680351	825397	858106
Q6P5L3	RL19_DANRE	rpl19		356676	402994	452521	491586	383188	453955	410200	509448	490856	463519	302623	337336	278848	279018	549116	578148
Q6P5L5	Q6P5L5_DANRE	ndufb8		281278	271180	310711	296553	324990	304094	313753	313299	346035	341355	376349	365511	347833	326799	255280	249333
Q6P5L7	ARGLA_DANRE	arglu1a		20859.3	16041.3	19183.8	20666	15339.4	20585.4	11724.2	16148.4	17397.4	20928.7	19597.1	18305.4	16579.7	17456.5	22115	17569.1
Q6P5L8	HSDL2_DANRE	hsdl2		131744	131359	134831	130244	127683	127726	110246	105324	184782	138197	122573	110274	114845	107259	142899	143128
Q6P5M2	SKI8_DANRE	skic8		76445.6	72781.8	85092.4	81367.2	74535.6	81618.2	78870.2	80722.2	78943.3	81887.9	68973.4	66061.6	77984.8	80298.3	89032.6	88478.8
Q6P5M3	Q6P5M3_DANRE	rps9		265360	271710	309355	310803	295226	314958	280336	274413	254108	271807	227409	236233	247532	253425	340292	352409
Q6P5M5;Q7ZUW4	Q6P5M5_DANRE;Q7ZUW4_DANRE	DKEY-238C7.11;arf5		146101	168731	115199	111246	99870	110127	104994	104693	158522	129239	146335	147607	193867	195567	148091	157188
Q6P5M9	Q6P5M9_DANRE	tubb4b		1.98513e+06	2.0555e+06	2.52527e+06	2.73426e+06	2.30567e+06	2.95374e+06	1.94592e+06	2.34996e+06	3.10149e+06	3.91844e+06	1.52589e+06	1.81676e+06	1.52662e+06	1.5715e+06	3.97948e+06	4.85372e+06
Q6P607	Q6P607_DANRE	gnmt		35441.2	34444	23358.5	24687.3	23172.5	28542.8	28522.3	27366	46836.6	51391.1	36604.2	27350.4	25524.8	32970.4	46097.1	43329.2
Q6P696	Q6P696_DANRE	glo1		103290	94436.5	87029.9	83521	81171.5	82671.7	100176	97162.3	85866.8	86000.5	109274	107247	113624	111025	90586	96766.4
Q6P698	PLSL_DANRE	lcp1		68058.2	65016.7	94099.5	93051.1	132521	137248	92684	85864.4	84663.5	80734.2	108400	103820	115929	114811	74589.1	83580.9
Q6P6E0	Q6P6E0_DANRE	atp5l		73437.8	78667	79099.6	87635.6	78298.7	82841.1	79322.9	87293.2	75824.2	95406	62905.6	58112.3	54918.8	56358.2	69924.9	77303
Q6P6E2	Q6P6E2_DANRE	rps26		122050	123589	109667	113401	119424	118441	148892	143725	195269	142639	125270	119242	105586	110811	136872	139186
Q6P6E4	Q6P6E4_DANRE	lsm4		81562.7	81618.1	73616.6	65375	62937.5	66364.4	76631.9	74755	53590.4	57014.3	97727.5	83726.2	104120	103281	60013.1	53012.9
Q6P6E5	Q6P6E5_DANRE	ndufb7		195185	191453	191103	191523	212443	206424	236282	232644	214365	228636	216164	215536	237684	224970	149726	150416
Q6P6E7	Q6P6E7_DANRE	rps20		764668	765957	786693	817746	774223	755579	791161	735529	700025	673950	760752	744549	831843	822929	724188	661100
Q6P6F0	Q6P6F0_DANRE	rps17		17611.7	15418.8	16128.7	15420.1	19187.6	15274.5	16476.7	13313.6	8965.94	7171.77	15775.2	15744.2	17224.4	19781	12911.7	12348.3
Q6P6X6	Q6P6X6_DANRE	nop58		97057.3	106689	121838	126031	140497	160921	115739	120062	112974	152173	111543	117674	110783	106075	144804	137964
Q6P6X9	NUP35_DANRE	nup35		23235.1	23044.4	21956.9	23236.3	28323.3	31922.2	25710.1	27973.5	35051	32112.1	22416.2	26834.6	21666.9	25648.7	27027.3	31649.3
Q6P6Y0	Q6P6Y0_DANRE	taldo1		483755	493338	476361	468916	526310	515588	512152	504407	461666	517111	495594	504997	506932	508852	466120	475225
Q6P6Y1	RELCH_DANRE	relch		50660.5	46813.8	47598.2	50001.2	46342.6	44284.2	47221	47086.8	41576	44529.9	41827.1	45612.4	56288.5	51099.4	44632	39416
Q6P7E2	Q6P7E2_DANRE	plek		15047.6		17524.9	18595.6	24564.9	24521.6	19727.6				29429.8	24205.2	20927.8	27379.4		
Q6P7E4	PDLI7_DANRE	pdlim7		6539.64	5903.11	8344.51	8485.67	3757.23	6368.89	3798.1	3450.59		5667.38	3776.45	3772.89		2561.48	18021.8	17868.2
Q6P7X5	Q6P7X5_DANRE	kctd10		7970.42	5638.12	9700.09		10878.7	7036.07	10687.8		12739.5		8115.06	8785.49	11201	9610.15	9614.51	9249.45
Q6P7X6	Q6P7X6_DANRE	mtrex		19231.3	19912.4	23659.7	22571.4	29911.7	26361.4	23568.5	28264.4	39206.4	36831.4	25536.7	19177.4	21699.6	19934.2	24287.8	30179.7
Q6P7Y3	PR38B_DANRE	prpf38b		27942.6	28458.6	26217	30841.1	22134.3	25014.3	29023.3	33612.8		27120.7	31122.5	34564.2	27569.4	35374.6	26246	25402.7
Q6P936	Q6P936_DANRE	pde6hb		16445.4	19668	26291.5	42528.3	32835.6	43531	19746.6	31738.5	18313.4	41584.9	7504.49	4956.18	5917.88	4773.69	36755	31837.2
Q6P937	Q6P937_DANRE	clta		943160	904742	617582	563367	776114	723995	801493	776209	917969	888151	868787	832314	928212	923633	764909	753929
Q6P949	PHF2_DANRE	phf2		9452.46	10592.3	20511.3	18485	15923.2	14343.9	10725.4	15008.4		6620.06	7389.88	10244.5	8847.57	10263.9	16738.8	16074.8
Q6P963	GLO2_DANRE	hagh		135739	134153	124806	121395	138498	141801	140108	128188	161963	137223	146258	135428	135462	133083	128772	123392
Q6P964	P4R2A_DANRE	ppp4r2a								25496.9	43091.4					41642.7	46233.3		
Q6P967	Q6P967_DANRE	gnao1b		915703	930555	897636	885677	925928	931510	971422	910904	1.15572e+06	979334	930685	931478	954900	963413	973590	1.06573e+06
Q6P969	Q6P969_DANRE	eef1a1a		2.10318e+06	2.22096e+06	2.22235e+06	2.22517e+06	2.18996e+06	2.3086e+06	2.08509e+06	2.32981e+06	2.03648e+06	2.31258e+06	2.0072e+06	2.00578e+06	1.92014e+06	2.02133e+06	2.67312e+06	2.96057e+06
Q6P971	Q6P971_DANRE	pycr1a		41409.3	46106.2	11944.1	13499			29592.9	30780.8			30685.2	31750.1	38182.5	33630.1	17586.5	19374.3
Q6P972	Q6P972_DANRE	tuba2		3.14685e+06	3.38756e+06	3.24015e+06	3.28313e+06	2.95145e+06	3.19613e+06	3.23692e+06	3.34966e+06	4.48119e+06	4.18933e+06	2.53972e+06	2.5443e+06	2.69672e+06	2.59882e+06	3.72837e+06	4.16519e+06
Q6P977	Q6P977_DANRE	rab42a		44917.7	44850.4	35877.7	39735.9	34123.8	28715.6	45047	40995.4	27281.1	22670.7	52273.4	41240.9	73640.1	68690.8	16495.3	28930.7
Q6P978	Q6P978_DANRE	elovl4b		59586.7	76145	89653.1	89163.8	87078	92023.7	86825.9	104530	80948.7	85374.2	69174.5	78351.1	45677.8	49553.6	88621.8	92275.1
Q6P980	Q6P980_DANRE	sod2		100755	111354	110179	120547	105182	112891	119558	127833	135302	116496	112486	108687	99793.6	102989	141733	224738
Q6P9Z2	Q6P9Z2_DANRE	ddx23		76595	79088.8	68711.2	71456.3	78462.6	66399.2	79414	70471.1	47175.2	63754	87777.6	80776.5	90037.2	92429.9	75589.4	75021.6
Q6PBH6	Q6PBH6_DANRE	uqcrc1		671909	659726	508847	483195	535991	551189	550258	558076	621200	634507	640387	603604	621764	628958	494684	491544
Q6PBI0	Q6PBI0_DANRE	sucla2		455998	508355	473215	484607	439329	476866	373018	419596	560015	682918	395357	399191	327994	360975	549538	659040
Q6PBI2	PDPFB_DANRE	ppdpfb		4517.98	8390.19	9752.36	7905.12	6426.31	8086.54	5700.48	6629.34	8474.8	9471.87		5493.92	4793.74	3809.48	9372.19	8779.33
Q6PBI5	RS25_DANRE	rps25		190440	211354	201910	196312	207351	215855	206655	233075	110250	181811	145773	154841	152117	171337	206792	218825
Q6PBI6	Q6PBI6_DANRE	pcbd1		117092	128432	144489	136908	108502	109182	118743	117515	55079.2	97111	97759.5	97611.8	112783	104811	136746	145103
Q6PBI7	Q6PBI7_DANRE	ca7		47026.5	43939.8	49436.7	49710.9	61471	53145.6	58792.1	57125.2	25359.1	44403.1	65413.8	59541.5	61353.4	61376.2	41771.3	41814.5
Q6PBJ1	Q6PBJ1_DANRE	fkbp1b		115688	116674	124280	124134	121258	111387	137518	125457	102548	106849	133948	129620	129950	128289	100847	108944
Q6PBJ3	Q6PBJ3_DANRE	vamp1a		88498.1	106995	115191	140340	126797	163083	107211	122904	287982	350578	84627.2	73832.6	83157.9	67450.9	229914	398433
Q6PBJ6	Q6PBJ6_DANRE	ndufb6		240189	230552	292233	283098	267278	277352	272069	284106	314901	344957	258598	260592	248613	250610	251981	246102
Q6PBJ7	Q6PBJ7_DANRE	fbxl2			9232.8	7745.84		13711.6	10145.6		15007.2			18801.7			12115.9		8794.3
Q6PBJ8	Q6PBJ8_DANRE	fkbp1aa		744765	796765	949986	937246	808489	895492	783230	883004	873716	1.07514e+06	834923	824817	693517	755223	1.21586e+06	1.42398e+06
Q6PBK0	Q6PBK0_DANRE	ndufb4		88195.1	91162.7	79953.4	85174.3	98762.3	105286	95473.4	93925.1	169755	121094	88891.4	81381	71409.3	79328.4	79642.3	92523.7
Q6PBK1	MIX23_DANRE	mix23		128084	122576	87997.2	79555.4	97361.5	82746.3	98549.6	88098	98723.5	82438.2	114601	108095	129509	112444	69859.6	71560
Q6PBK3	RS28_DANRE	rps28		102129	93892.2	117344	115057	117516	140495	113567	119362	179028	154999	91505.2	91336.7	80321.1	77872.1	150681	190808
Q6PBK9	Q6PBK9_DANRE	prdx6		861934	830384	991250	1.00319e+06	942986	910123	1.04855e+06	990912	722276	771833	938791	924624	1.07733e+06	1.12422e+06	1.03567e+06	1.05044e+06
Q6PBL0	TIM16_DANRE	pam16		24241.9	30036	28817.8	33015.5	23903	28443	24772.5	27149	51198.9	29849.8	18567.5	21818.8	15426	16058.7	34777.4	33110.1
Q6PBL1	Q6PBL1_DANRE	cox4i2		676257	668945	665387	692736	698068	699321	645568	623032	749573	823840	755212	741198	685435	673219	602973	665211
Q6PBL3	Q6PBL3_DANRE	clu		50003.1	51620	82467.1	76612.5	67501.3	62844.1	39960.4	39764.9	54011.3	50249.8	49987.7	45765.8	43612.5	46821.8	48261.6	46076.1
Q6PBM0	Q6PBM0_DANRE	ndufa10		182827	185022	238495	243294	227742	231658	204514	214086	231656	268978	212966	220878	190176	193500	226634	279331
Q6PBM1	GLRX5_DANRE	glrx5		294029	288155	274392	291778	295542	289673	282552	307316	335197	325956	288618	269166	296124	302310	277661	304988
Q6PBM9	Q6PBM9_DANRE	arr3b		592738	612404	640888	663237	779967	805457	723487	773999	696787	749640	723045	731506	673710	675301	878834	954200
Q6PBN2	AIDA_DANRE	aida		9453.26	13284.8	10988.6	11083.2	13338.7	13561	13122.4	13462		12140.6	12991.8	12915.5	14027.4	13472	9322.99	20010.4
Q6PBN3	Q6PBN3_DANRE	prph2b		550837	526256	559263	548996	661351	627044	729342	708808	614853	579476	543681	552809	639729	628627	530414	522598
Q6PBN5	AUP1_DANRE	aup1		20506.3	24346.8	18592.7	21371.1	19300.1	26445.8	19942.6	26833.9		25817.8	19328	21495	11583.8	14611.7	25618.6	23279.9
Q6PBN9	Q6PBN9_DANRE	gngt1		7.10788e+06	7.44341e+06	7.98826e+06	7.65544e+06	8.06437e+06	7.73676e+06	8.49134e+06	8.33948e+06	8.51064e+06	7.90707e+06	7.13812e+06	6.42795e+06	9.04826e+06	9.00091e+06	7.54035e+06	7.84173e+06
Q6PBP0	Q6PBP0_DANRE	cox7c		33184.7	41261.6	36492.7	30931.4	39594.2	29329.5	36529	37141.7	27957.3	26939.6	28797.5	24397.6	39021.6	36200.1	27458	23485.5
Q6PBP3	PXL2A_DANRE	prxl2a		36547.4	43774.1	67603.9	56872.1	30136.6	38636.8	51408.4	55079.2	65865.4	64651.5	39163.2	42019.9	52734.7	60309.4	46504.4	47429.3
Q6PBP4	Q6PBP4_DANRE	pde6ha		160320	157827	201335	197554	228631	223843	225522	210228	335035	329347	308702	316997	394381	416901	313354	329849
Q6PBP6	Q6PBP6_DANRE	chchd10		166464	162230	150792	145988	183647	144947	167620	156422	177034	214100	168231	190329	145869	191730	162860	186033
Q6PBQ2	CHMP7_DANRE	chmp7		26741.8	25796.4	25714.9	25780.2	18042.1	28466.7	28683.1	30143.6	34075.6	32119.8	30484	24950.9	29097.1	29436.7	21851.8	31971.3
Q6PBR3	Q6PBR3_DANRE	dhrs9		107118	100996	119760	113955	103642	100563	120694	124726	109238	101632	123280	113992	113264	110071	125645	104579
Q6PBR4	Q6PBR4_DANRE	gngt2a		612417	733932	634062	708226	648053	760914	563086	650802	770067	809698	652981	694773	553664	666570	1.34739e+06	1.47036e+06
Q6PBR5	Q6PBR5_DANRE	atp6v1g1		915501	921775	813189	793217	905678	881721	941235	894752	926503	986831	925305	959054	957554	914530	919583	957970
Q6PBS2	Q6PBS2_DANRE	viml		113150	126388	117695	117625	110470	108114	117338	128488	114652	142417	106751	111523	99841.4	103611	161269	169461
Q6PBS3	SYWC_DANRE	wars		96573.2	93945.5	96890	104808	102937	101450	83433.4	95648.2	119732	105890	113261	113877	100599	83693.3	96062.5	105515
Q6PBS8	Q6PBS8_DANRE	chchd2		164956	135507	152831	120995	165185	154694	142424	148192	225274	192755	183718	196056	169159	184774	159199	184416
Q6PBS9	Q6PBS9_DANRE	paip2b		131729	127012	160747	167264	139598	155059	133427	146881	166234	178728	137079	154880	120321	123227	160836	155594
Q6PBT1	Q6PBT1_DANRE	rps27.2		39466.3	47193.8	52060.2	56332.2	49682.8	61774.9	40875.7	49692.4	101567	87274.9	33628.7	31354.6	29902	26379.9	96659.6	115203
Q6PBT2	Q6PBT2_DANRE	trappc4		19764.7	19800	21007.4	19646	19375.1	18759.7	20310.4	21171.3	31501	21362.4	15916.8	18292.5	15422.2	16124.1	27408.6	24770.8
Q6PBT6	GFRP_DANRE	gchfr		22833.4	28333	25914.1	28422.1	26161.9	33120.2	29804.2	28568.5		26352.1	25158	27588.3	31519.2	34201.2	18001.4	20357.9
Q6PBT9	Z385B_DANRE	znf385b		27529.2	26942.6	25614	25004.7	25525.4	21876	23525	26071	26415.2	16177	35944.4	27989.1	36552.5	37004.9	17989.3	18839.8
Q6PBU0	F136A_DANRE	fam136a		83085.4	79722.6	79635.8	72701.6	75906.9	81763.5	76642.3	70165.7	117715	102895	86139.8	85246.5	74354.5	78105.7	72811.9	78434.9
Q6PBU7	UQCC2_DANRE	uqcc2		109561	100721	80412.8	79099.6	75871.5	74578.2	80306.1	78063.8	74538.1	71984.2	117039	101094	103136	81374.6	72494.8	62014.6
Q6PBV2	Q6PBV2_DANRE	lgals9l1		26044.7	36003.3	47461.4	60392	94468.2	121125	33603.3	43058.7	72159.3	71314.7	51971	48124.7	57423.7	54094.5	63148.9	62819.1
Q6PBV8	Q6PBV8_DANRE	hsbp1b		42826.1	44461.4	42207.2	57736.7	46917.4	53642.4	37491.5	55121.6	48819.4	64563.6	43992.2	41883.2	32262.1	34188.9	82976.1	101083
Q6PBW0	Q6PBW0_DANRE	septin5a		34537.7	36727.5	39924.2	42283.4	34496.4	39112.2	39830.6	35322.4	39120	32902.3	41233.4	29369.5	35220.3	39239.2	35486.4	34428.1
Q6PBW3	Q6PBW3_DANRE	rps14		222434	203829	181147	206770	214282	231112	216203	222820	183277	340789	159276	157863	193704	176577	295256	433767
Q6PBW4	Q6PBW4_DANRE	ppib		149159	160954	169910	181532	184790	201098	173528	176108	207711	197847	160970	166895	149525	153865	204052	227583
Q6PBW5	RP65A_DANRE	rpe65a		2.74191e+06	2.77796e+06	3.39357e+06	3.30901e+06	3.10524e+06	3.14665e+06	3.26701e+06	3.27121e+06	3.00069e+06	2.99635e+06	2.9049e+06	2.86404e+06	3.32279e+06	3.21577e+06	3.20136e+06	3.44833e+06
Q6PBW6	Q6PBW6_DANRE	cct2		313808	307968	305318	305984	306229	313137	317201	317560	342120	334954	311049	297256	310127	293970	326577	325059
Q6PBW7	Q6PBW7_DANRE	rps19		210941	209812	191058	194870	209365	200509	208796	198404	209977	176886	197325	197981	212444	209535	172899	170279
Q6PBW8	Q6PBW8_DANRE	lypla2		604845	629214	628016	662190	625432	651314	658484	631635	451129	575200	484456	558392	573696	640053	567015	632042
Q6PBW9	Q6PBW9_DANRE	rpe		65950.1	65168.6	70481.8	67263.6	73032.8	70339.1	87804.2	83321.7	74983.3	67934.1	69845.5	76132	73630	74043.7	67792.5	64359.9
Q6PBX1	Q6PBX1_DANRE	pin1		330613	333068	329023	319549	329906	325129	326994	321107	337818	379889	350127	348344	335096	345548	335271	333805
Q6PBX2	Q6PBX2_DANRE	sar1b		140146	137090	113438	123328	125764	118088	131832	133216	144717	120962	139575	134485	138542	137512	118431	108640
Q6PBX5	MTND_DANRE	adi1		113534	112420	164283	186215	152294	163960	165895	174824	138641	166878	117030	109790	126408	125648	147255	167268
Q6PBX8	Q6PBX8_DANRE	ndufv2		419860	404323	511570	523782	479117	484370	449070	474566	581561	589034	466946	472540	460598	468150	431194	447661
Q6PBX9	REEP5_DANRE	reep5		104108	112513	83912.5	90211.1	98998.3	100714	115755	123451	98110.8	114055	89020.4	86795.9	94798.6	103754	95563.1	93320.1
Q6PBY0	GNB5B_DANRE	gnb5b		579276	574907	590676	587122	706382	678470	737248	739968	674343	710823	645659	660681	680064	684939	625842	696522
Q6PBY1	RS3A_DANRE	rps3a		1.07076e+06	1.07664e+06	915616	960922	1.10587e+06	1.11612e+06	1.15042e+06	1.1864e+06	994514	1.05287e+06	929117	975552	1.01231e+06	1.09584e+06	1.05363e+06	1.1032e+06
Q6PBY3	EDF1_DANRE	edf1		82590.7	77664.1	100646	110805	82012.6	89132.5	87944	82420.6	102888	79176.4	102386	91077.2	102613	102084	114809	124346
Q6PBY6	Q6PBY6_DANRE	tomm70a		110050	112757	107917	110299	115331	113849	111384	117234	138055	152128	123509	126702	127584	112570	119439	129446
Q6PBY8	Q6PBY8_DANRE	skp1		79723.2	75705	82439.5	86127.9	80373.7	81775.3	88614.9	91752.9	97650.7	102572	88358.4	82749.5	92569.9	89115.9	111830	111414
Q6PBZ1	Q6PBZ1_DANRE	rpl7a		344652	337132	353546	354720	327335	333215	342300	339474	304791	358861	387278	376705	399681	391827	353475	448808
Q6PBZ5	Q6PBZ5_DANRE	aif1l		38645.2	38242.7	47780.7	44711.4	46513.8	50186.4	47278.2	56815.3	74747.3	54114.7	30867.5	33524.1	25464	27325.7	53962.3	53445
Q6PBZ7	Q6PBZ7_DANRE	fhit		48209.5	52328.2	46962.2	40964.2	55496.5	47092.9	50530	49562	104892	52394.5	45270.1	58160.1	56266.2	56554.6	40147.8	44822.6
Q6PC03	Q6PC03_DANRE	mrgbp		36481.6	36710	39616.4	43155	42168.3	34191.1	46597.2	42247.3		39846.5	49484.7	48092.4	41662.7	44497.6	39478	40865.8
Q6PC06	Q6PC06_DANRE	ahcyl2b		380767	377114	335523	334995	348165	348836	386980	381937	425581	401045	362735	351504	352361	365873	385341	399835
Q6PC07	Q6PC07_DANRE	rbp4l		401731	370161	286883	333862	420746	476489	365854	411190	702792	614678	353039	391665	358852	390690	558663	570680
Q6PC10	Q6PC10_DANRE	bcat1		135107	147066	107292	103371	49745.5	48120.5	51581.5	44358.9	47698.1	42886.6	48316.9	53843.1	51834.2	48019.6	46458	47758.4
Q6PC11	Q6PC11_DANRE	ppa1a		216676	231151	235044	236118	277954	278958	265173	259723	294954	288727	248403	232351	237847	219789	294346	301107
Q6PC13	Q6PC13_DANRE	phb2a		442125	457881	365310	376583	385565	411264	351901	395708	445324	504906	337503	344992	324398	337547	408174	406302
Q6PC14	RL23_DANRE	rpl23		324084	318238	394037	411034	407633	403448	378764	386170	425778	427235	301426	311555	272971	257365	380005	381273
Q6PC16	Q6PC16_DANRE	ndufb10		111484	108343	116618	116953	127642	127452	129550	146990	220460	176054	120970	111471	113009	114406	98712	120327
Q6PC18	Q6PC18_DANRE	rheb		48032.6	55277.2	54434.2	52062.8	46011.6	43043.1	66708.9	63348.1	38723.7	47583.5	58549.6	62209.1	60513.3	62846.1	34853.8	36249.7
Q6PC22	Q6PC22_DANRE	ndufa8		250685	257009	307342	294349	312477	306786	286852	280345	378179	393375	321709	325340	271850	286533	241348	260332
Q6PC28	Q6PC28_DANRE	scg5		18917.7	20540.3	24422.2	20980.3	19147.6	23022	18526.4	19140.2	32514.7	31183.5	14066.6	13297.6	13187.6	10984.7	34171.2	46835.8
Q6PC29	143G1_DANRE	ywhag1		252363	225613	240620	238301	223132	217313	201088	266589	336943	249676	274745	255155	217127	224102	203414	141350
Q6PC30	CSN5_DANRE	cops5		88128.7	88343.1	74347.4	79979.3	72565.2	75760.8	76918.5	77208.6	71670.1	82157.4	93102.2	81244.5	89462.7	89485.8	86251.1	80968.2
Q6PC32	Q6PC32_DANRE	guk1b		3.13507e+06	3.04615e+06	2.80936e+06	2.81837e+06	3.24903e+06	3.26081e+06	2.90402e+06	3.1625e+06	3.44511e+06	3.32943e+06	3.8451e+06	3.86666e+06	3.90484e+06	3.79402e+06	3.13814e+06	3.16327e+06
Q6PC34	Q6PC34_DANRE	hpca		157769	165528	154662	157163	144133	141730	154275	156381	134383	146036	149673	154867	152582	145973	138984	137724
Q6PC36	Q6PC36_DANRE	necap1		40311.5	44653.7	42373.7	44634.9	34842.5	41731.6	37803.1	42726.4	41745.9	45809	37914.8	38167.3	49762.2	39047.6	60343.6	79384
Q6PC38	Q6PC38_DANRE	rcvrn2		1.43831e+06	1.46095e+06	1.52584e+06	1.49052e+06	1.44281e+06	1.43455e+06	1.53448e+06	1.47396e+06	1.20425e+06	1.25483e+06	1.43717e+06	1.44112e+06	1.58721e+06	1.62867e+06	1.43529e+06	1.53922e+06
Q6PC41	Q6PC41_DANRE	sap18		74132.6	74373.1	74822.7	80217	76158	82228.4	80905.2	90663.7	86880.6	79678.9	78365.6	73129.3	87117.4	84473.4	83926.1	79179
Q6PC43	Q6PC43_DANRE	arl3l2		121103	130399	141773	146154	146341	171938	132643	154534	180219	162445	162695	166056	162920	161548	159677	183166
Q6PC44	Q6PC44_DANRE	calb2a		154549	161621	179652	179042	171935	185103	174117	184058	177979	167095	143728	137108	155391	149896	185470	229873
Q6PC49	Q6PC49_DANRE	ndufa13		480172	464940	543398	527462	517682	492976	545842	542119	497596	514585	603037	591266	675710	664548	384146	381647
Q6PC53	Q6PC53_DANRE	ppiab		1.26147e+06	1.23326e+06	1.34691e+06	1.42163e+06	1.30616e+06	1.28383e+06	1.24241e+06	1.23619e+06	1.54873e+06	1.43451e+06	1.49513e+06	1.1665e+06	1.29862e+06	1.31669e+06	1.70994e+06	1.98976e+06
Q6PC54	SN25B_DANRE	snap25b		541260	552866	636509	694411	689404	751265	654149	716646	692224	727853	621296	583739	705979	696109	892141	955901
Q6PC56	Q6PC56_DANRE	calb2b		164005	162102	176514	176752	184901	182546	179229	166560	221831	190794	154662	152875	170439	147516	187165	219336
Q6PC58;Q7SXH5	Q6PC58_DANRE;Q7SXH5_DANRE	ube2d1a;ube2d1b		9097.25	11185.6	8220.92	9996.29	8303.45	9258.78	12587.2	9442.21	6512.14	10992.5	11649.5	6751.85	6311.58	5654.02	11402.7	8060.36
Q6PC60	H2B3_DANRE	hist2h2l			7065.15	7340.69	8051.25	6481.09	5591.75	7631.89	6351.79	9323.49	8308.55		3918.51	4422.71	6395.6	5381.01	
Q6PC69	RL10A_DANRE	rpl10a		1.4312e+06	1.43999e+06	1.44236e+06	1.40897e+06	1.44491e+06	1.36845e+06	1.48347e+06	1.41103e+06	1.26434e+06	1.3496e+06	1.62627e+06	1.57376e+06	1.59612e+06	1.68519e+06	1.39229e+06	1.3617e+06
Q6PC70	Q6PC70_DANRE	rdh8a		21577.2	24181.7	25569.7	30693.9	28276.9	28911.3	27932.5	30282.7	41811.8	30174.2	21023.7	22777.1	25910.1	27641.3	30916.4	42139.8
Q6PC71	Q6PC71_DANRE	rnd3a		11325.3	12806.5	11247.7	12083.2	7953.91	9619.37	10987.9	7415.79			12110.1	10933	8779.43	10610.4	9968.14	9290.35
Q6PC73	Q6PC73_DANRE	grb2b		74860	83182	66294.9	68516.9	85410	86426.8	86630.5	87575.3	89282.4	94278.9	92828	87011.5	68656.5	76409.8	84325.2	92238
Q6PC74	Q6PC74_DANRE	rlbp1a		3.40987e+06	3.51016e+06	3.13338e+06	3.30944e+06	3.28291e+06	3.30728e+06	3.90336e+06	3.92981e+06	2.8828e+06	3.27261e+06	3.20061e+06	3.28464e+06	3.46667e+06	3.3154e+06	3.98306e+06	4.28115e+06
Q6PC76	Q6PC76_DANRE	gorasp2		58584.5	65844.4	61426.7	66917.1	63913	77878	63622.9	67993.6	83741.8	78678.6	47005.9	42662.7	46373.3	45841.4	84555.9	98061.3
Q6PC77	Q6PC77_DANRE	atp5pd		2.21978e+06	2.12214e+06	1.988e+06	2.01455e+06	1.9898e+06	2.04003e+06	1.9918e+06	1.90918e+06	2.84359e+06	2.51823e+06	2.06652e+06	1.99405e+06	1.86047e+06	1.83626e+06	2.00433e+06	2.42564e+06
Q6PC80	Q6PC80_DANRE	rps5		215166	214568	216339	226250	208314	218892	241943	227775	238581	211851	229234	211022	245355	241447	223778	233165
Q6PC89	Q6PC89_DANRE	eno1b		430210	471628	486587	476640	537272	589034	522176	539626	809772	731142	452859	493691	483013	471174	543365	650081
Q6PC90	Q6PC90_DANRE	rps12		626400	624920	576653	579641	601997	601805	622538	669849	498852	555153	640591	649884	669364	652940	704537	748721
Q6PC91	BT3L4_DANRE	btf3l4		70978.2	67471.1	67339.4	64886.3	54445.3	53177.2	56890.6	52010.4	59368.4	60434.9	73712.5	79663.2	94125	103015	64997.7	63531.9
Q6PC92	Q6PC92_DANRE	arl3l1		438240	449025	487014	490936	535611	523402	528991	502299	569078	497824	481048	489355	580677	550230	521720	572159
Q6PC95	Q6PC95_DANRE	tuba8l2		16481	26817.8	19343.9	21730.5	17002.3	23601.5	15710.1	19667.7	42112.2	23022.5	15711	16077.6	14987.6	13468.7	38776.7	54724.1
Q6PCR2	Q6PCR2_DANRE	ipo9		13046.1	12952.3	10411.1		8852.79	11144.8	12689.3	10414.4	14986.3	12280.8	10159	9418.76	12722.5	12291.2	11273.1	10997.6
Q6PCR4	Q6PCR4_DANRE	ranbp3b		140477	134898	139181	145664	141069	143076	164488	165144	162833	153853	143956	142666	130135	136689	158941	174215
Q6PCR6	ZFR_DANRE	zfr		76768.2	75271.7	78675.3	81226.4	78369.1	75876.2	76516.2	76573.2	77134.1	86673.5	85154.3	86121	82790.5	84305.6	85621.6	82311.1
Q6PCR7	EIF3A_DANRE	eif3a		258186	255726	270088	261604	255012	252392	254087	250340	251653	231958	274482	276841	258970	260871	248531	247017
Q6PCS6	MTFP1_DANRE	mtfp1		43975.4	51715.4	39894.3	41298.1	47281	41686.4	41399.5	40084.2	53830	57271.3	43977.4	43710	45443.8	34907.6	44168.2	52009
Q6PCS7	Q6PCS7_DANRE	prkag1		20014.6	14923	19696	14343.8	10176.3	9181.52	15010	16399	10547.4	10925.2	14299.5	14398.3	19066.3	17162.3	7960.5	
Q6PD83	5MP2A_DANRE	bzw1a		14174.4	15526.1	11673.6	12182.1	12751.8	12639.5	15951.7	15866.4	12563.5	15840	15458.4	15044.7	20648.5	14962.2	10493.6	9699.56
Q6PD99	MRPA_DANRE	marcksl1a		99831.8	96204.2	118656	128299	93562.9	122692	97553.3	110252	70398.7	102258	110839	122903	104136	92177.5	135968	149001
Q6PE18	P4K2A_DANRE	pi4k2a		10118.3	12303.1	13032.7	17644	8549.47	20365.2	11100.3	13841.3	16259.8	21213.8	7943.36	8139.42	6016.48	4369.36	21714.8	26870.6
Q6PE19	Q6PE19_DANRE	rab14l		19205.7	24816.5	24360.9	25373.7	25342.8	23850.2	22866.5	22841.4	13778.8	22919.2	27595.2	19954.7	17901.1	18755.5	28577.9	25915.2
Q6PE25	EF1G_DANRE	eef1g		278022	277777	209799	211710	241453	234714	309277	293879	280432	255064	249132	251062	264976	260852	217824	220081
Q6PE26	Q6PE26_DANRE	calr3a		73734.8	80096.7	106398	105649	94330.8	100489	91116.6	97419.1	89605.2	103402	87703.5	88504.8	73322.7	82027.2	140020	140536
Q6PE34	Q6PE34_DANRE	wu:fj33a08		1.73708e+06	1.8031e+06	1.71894e+06	1.79222e+06	1.73173e+06	1.84668e+06	1.89348e+06	1.97335e+06	2.20127e+06	2.1945e+06	1.6191e+06	1.66156e+06	1.64302e+06	1.59306e+06	2.28747e+06	2.64414e+06
Q6PE45	Q6PE45_DANRE	rer1		23751.8	24647.5	26031.3	28162.6	24996.2	31021.1	30766.1	31024.2	84574.4	45068.6	21942.4	23865.2	7689.01	24132.9	36000.6	42697.3
Q6PEH0	Q6PEH0_DANRE	dus3l		18232.9	20495.4	16495.8	16049.9	19191.4	20628.9	17732.8	19238.8	18239	18582	20338.2	18145.6	22004.8	19044.6	21099	21729.5
Q6PEH5	UB2V2_DANRE	ube2v2		72090.5	74960.4	78574.7	83856.1	91162.1	112850	79910.8	91969.1	93619.4	90500.9	60467.4	64177.4	63557.7	64745.6	98883.8	118890
Q6PEI3	PHR4B_DANRE	phactr4b		21406.3	24867.8	30053.4	29244.3	25297.2	28977.8	21832.1	24411		19764.3	32782.8	32443.4	27182.9	26826.3	26589.6	27178.7
Q6PEI4	Q6PEI4_DANRE	ptpn12		11234.5	16525.2	11663.5	16208	12728.4	12328.9	13206.7	8197.02		12436.8	24587.7	16436.6	26122.8	19761.8	14260.7	
Q6PEI5	Q6PEI5_DANRE	twf1a		49598.7	47691.2	51743	53572.2	50191.3	46731.4	49045.9	45755.9	58647.3	47729.3	59507.3	57405.4	61472.9	54893.8	55966	54200.1
Q6PEI6	Q6PEI6_DANRE	aco2		1.37498e+06	1.46116e+06	1.3097e+06	1.36536e+06	1.33715e+06	1.43205e+06	1.30271e+06	1.34711e+06	1.83907e+06	1.94711e+06	1.22565e+06	1.1673e+06	1.25392e+06	1.28631e+06	1.826e+06	2.01027e+06
Q6PEI7	PYRG1_DANRE	ctps1		30805.5	30443.2	38309.1	37788.2	29432.9	29798.9	32694	34541.9	24445.6	28708.3	34217.3	31443.5	39237.4	35169.5	33107.4	28878.9
Q6PEI8	Q6PEI8_DANRE	aprt		40268.3	39015.8	81689.7	72111.2	56267.9	53464.6	69454.8	67326.4	60934.6	50694	44103.1	44757.8	55212.7	56033.8	34799.3	34685.4
Q6PEI9	Q6PEI9_DANRE	col1a1b		104913	104647	52869.5	47410.4	50168.5	53330.2	51779.9	47921.8	33986.6	42197.2	66411	68629.7	24769.5	30579.3	302258	318165
Q6PEJ2	Q6PEJ2_DANRE	ap2s1		174284	187745	155228	153102	143357	148229	147433	151187	153394	152317	162477	159945	155448	153514	146758	143068
Q6PFI8	Q6PFI8_DANRE	tspy		31926.9	30508.3	42497.3	41978.2	41235.1	37936	35872.9	28958.6	38130.7	39284	24797.1	38705.2	26066.8	23721	31826.7	44524.7
Q6PFJ6	Q6PFJ6_DANRE	gstm.1		2.4533e+06	2.4069e+06	2.42471e+06	2.36925e+06	2.08424e+06	2.0822e+06	2.31091e+06	2.36831e+06	2.05235e+06	2.18869e+06	2.47681e+06	2.30786e+06	2.38104e+06	2.28848e+06	2.60001e+06	2.59979e+06
Q6PFJ7	NSMA3_DANRE	smpd4		32719.1	37710.8	28617.6	29274.3	27378	30492.5	29667.9	29846.3	25879.4	26235.8	37578.8	38092.7	39440.4	41370.8	29240	30449.4
Q6PFK8	Q6PFK8_DANRE	nup160		35936.6	33412.5	34876.4	35227.7	31918.7	38982.5	35115.2	30606.9	29547.9	36497.4	39359.1	39006.5	33801.6	34780.9	33569.4	34743
Q6PFM3	Q6PFM3_DANRE	slc25a12		461043	433682	353584	355197	375077	372133	365005	347704	484390	434792	393962	385800	429674	418344	354758	361233
Q6PFM4	LNPB_DANRE	lnpkb		29961.6	36469	38926.7	36499.7	36633	43698.2	38887.1	37931.3		35644.9	36191.4	38472.3	35046.1	30363.3	33303.2	45907.7
Q6PFM9	WDR48_DANRE	wdr48		36255.7	41816.8	40542.5	40853.7	40915.8	45419.9	40355.7	45137.2	48315.8	41949.8	41054.1	40279.5	32086.1	35691.4	48921.1	42058.8
Q6PFN9	Q6PFN9_DANRE	gldc		13073.4	14094	9642.38	12589.2	14809.6	8994.41	14158.5	16119.9		7971.5	17463.5	19396.1	16579.3	14003.1	9545.35	10130.1
Q6PFP3	PDPFA_DANRE	ppdpfa		97019.9	103269	79742	80587.5	115692	102856	88043.2	83572	133201	131482	119546	117581	139700	129334	129196	132527
Q6PFQ0	KS6A6_DANRE	rps6ka6		36184.4	44054.8	35579.4	39928.6	35200.1	30962.4	38041.7	37386.3	28313.8	35881.3	41268.5	34090.4	39452.6	47979.9	28932.5	24639.8
Q6PFQ2	EIF3C_DANRE	eif3c		122622	122019	131065	127300	122009	130407	121242	124108	150128	142996	121049	122496	129726	127104	133682	144527
Q6PFQ5	Q6PFQ5_DANRE	nat10		8417.54	8316.71	10254.1	9284.06	9675.57	6386.52	7848.16		14741.4	9057.26	14851.1	8668.04	15488.6	11033		7930.62
Q6PFS4	Q6PFS4_DANRE	immt		626730	628540	530678	547316	542185	560234	579595	597930	563547	660480	589847	578688	595867	580811	577419	638642
Q6PFS7	ATG3_DANRE	atg3		33681.1	29597	30521.8	29524.7	30750	31388.5	32954	30399.5	34821.6	28968.9	36970.5	33706.9	36719.2	32260.4	30354.3	31344.1
Q6PFT0	Q6PFT0_DANRE	flot2b		76942.9	72413.9	85727	81368.7	81686.3	77946.2	92052.4	95041.7	73369.3	72545.2	73251.8	72830.7	86032.8	83774.4	73044.7	83236.5
Q6PFT1	Q6PFT1_DANRE	fbp1a		11177.3	14105	13495.2	11704.1	8757.25	7098.7	10226.9	12055.3		7262.11		8434.93	11703.5	18464.1	6931.03	8091.96
Q6PFT7	Q6PFT7_DANRE	cotl1		168309	185879	169431	173917	197576	195559	169364	185486	154587	189375	178794	174531	165105	174612	216380	236543
Q6PFU1	Q6PFU1_DANRE	cd81a		238750	236338	194812	198383	216007	204720	211730	201031	201533	197212	192829	185904	174894	181956	234899	239460
Q6PFU7	Q6PFU7_DANRE	ca2		1.09799e+06	1.11063e+06	932658	869467	967022	948266	945522	917806	985039	1.08996e+06	1.05671e+06	1.0255e+06	855313	899618	849129	919354
Q6PFV1	Q6PFV1_DANRE	arpp19a		31090.2	32528.2	34622.9	33953.1	34134.2	33260.4	41323.1	31482.3	39619.5	37222.6	42781.8	37377.2	51186.2	46379.4	28271.5	34815.1
Q6PG31	RNPS1_DANRE	rnps1		75051.2	75785.9	91969.3	97418.7	87756.4	110233	67270.7	78713.5	110221	120956	64184.3	67409.9	59037.8	49878.5	132201	114891
Q6PGT6	Q6PGT6_DANRE	ddb1		75181.9	73023.3	86658.9	87093.6	82049.4	82845.1	80064.3	88927.5	82168.6	91499.2	62953.4	65237.4	79838.3	80575	90632.6	96235.2
Q6PGT7	Q6PGT7_DANRE	napsa		10488.6	18191.8	14685.5	18809	14010.7	17456.4	13583.2	16882.2	19432	11686.7	11032.3	19835	10828.9	5483.28	14168.2	22817.8
Q6PGU3	Q6PGU3_DANRE	rprd2a		21881.4	21615.3	22235.2	20538.9	19835.3	20912.4	20613.3	19812.1	26491	15163.9	23929.9	22276.7	22408.7	24332.7	18319.2	19759.6
Q6PGV1	VA0D1_DANRE	atp6v0d1		219351	219829	203909	198994	182746	196624	202305	204326	196000	218489	193866	185069	191547	188209	230051	278772
Q6PGW8	Q6PGW8_DANRE	rars2		9090.89	7108.32	6289.92	8173.33	7018.25	5834.35	8835.47	9233.65	6684.8	8561.8	11131.8	9185.38	6967.76	9345.11	7677.02	7615.17
Q6PGX4	Q6PGX4_DANRE	hsc70		95591.8	91874.4	89323.2	110481	101653	121034	84087.4	102760	579714	288472	75170	86298.9	75290.9	81585.7	188254	247148
Q6PGY6	UFL1_DANRE	ufl1		22460.7	24093.3	21973.7	22353.4	21649.2	20589.5	19184	21959.1	17433.6	18069.3	21479.5	23006.8	20978.1	20126.5	19712.9	19869.2
Q6PGY7	Q6PGY7_DANRE	cisd1		109579	107333	99471.4	101037	97546.9	90823.5	95515.5	99449	87145.6	97410.6	108507	107298	104019	107637	96351.8	88361.3
Q6PGY8	Q6PGY8_DANRE	exoc2		20189.7	22418.6	22894.8	19472.9	20981.7	22469.7	20116.7	23115.9	15663.5	18400.7	18217.3	18380.9	20929	21673	18241	18444.9
Q6PH06	Q6PH06_DANRE	crkl		30958.3	28955.2	27519.4	23160.9	25287.6	24427.6	28439.9	26560.7	15027.8	20050.1	24933.8	25885.5	31070.3	27792.5	20578.2	17808.1
Q6PH11	PYM1_DANRE	pym1		42697.9	26853.9	33103	36805	40454.3	34800	42189	34533.5	49630.3	30187.3	57756.3	54729.5	54204.7	54420.7	41136	50040.8
Q6PH25	Q6PH25_DANRE	vps28		38793.8	39754.4	40297.3	44615.4	39381.5	43888.5	36015	45972.5	46106.6	54561.1	38498	36065.6	26793.6	32774	53128.8	56180.9
Q6PH37	ST1S1_DANRE	sult1st1		107364	104166	111083	109114	83859.7	81959.3	113299	118795	89155.9	82603.7	105656	111144	103701	107425	135942	139834
Q6PH41	Q6PH41_DANRE	gstt1b		50604.7	53121	54368.4	58083.7	22914.9	21599.1	17052.9	16697.8	20529.2	11786.6	24271.6	22091.4	21249.9	28620.5	44208.1	37446.9
Q6PH45	Q6PH45_DANRE	prpf4		31655.5	28398.8	31939.5	31651.8	29754	28506.8	32398.9	28431.7	31218.3	26127.7	40875.6	37615.5	38287.7	36442.5	32690.2	29493.8
Q6PH46	Q6PH46_DANRE	cct4		159282	161545	162184	157045	152795	168776	149795	157506	199650	196023	151968	154392	139831	149164	178353	217375
Q6PH54	Q6PH54_DANRE	arg2		183954	174190	127723	119162	113579	115549	95724.1	98359.9	163203	176791	134995	138206	148304	155839	125094	127114
Q6PH57	GBB1_DANRE	gnb1		2.82458e+06	2.97235e+06	3.37173e+06	3.29811e+06	3.48688e+06	3.63014e+06	3.56161e+06	3.76814e+06	4.75644e+06	3.63976e+06	2.88126e+06	2.56762e+06	3.68408e+06	3.32976e+06	4.01778e+06	5.29262e+06
Q6PH71	Q6PH71_DANRE	asah1b		39806.7	39806.7	37657.7	36509.6	65375.3	62321.3	72458	54219.3	59880.5	67557.2	54000.6	52237.6	67948.4	73296	36400.9	25043
Q6PH75	Q6PH75_DANRE	ctsba		182395	177493	214826	219726	257356	249477	188441	173492	189062	199149	205160	210190	199517	204177	158891	166516
Q6PHD4	Q6PHD4_DANRE	larp6a		2785.7	5798.75	4039.08	6628.25	4979.7	4071.46	4791.19	5278.82		9782.81		4025.45	3709.24	2999.51	11205.1	7714.33
Q6PHD6	Q6PHD6_DANRE	ilk		57598.2	57662.6	94492.9	100305	57676.2	68174.5	43647.3	46475.2	42011	48469.7	64132.8	60278.5	43237.1	43802.9	106534	107283
Q6PHD8	Q6PHD8_DANRE	pa2g4b		329384	322156	349021	330396	327150	339531	329303	348005	278402	321852	352876	342468	340992	360999	344459	336477
Q6PHD9	SBP1_DANRE	selenbp1		100674	89402.2	108305	106347	119786	130106	123870	116358	155879	128605	136931	134568	126057	132817	158695	174610
Q6PHE4	Q6PHE4_DANRE	krt18b		283791	293827	198963	204557	236973	238163	235200	243654	283104	264955	207557	207274	179344	178791	388773	416622
Q6PHE8	CC124_DANRE	ccdc124		23335.3	22008.6	22330	23636.8	20230.1	20678.7	21992.2	20657.8	14439.6	18672.7	28014.3	28000.2	27568.3	26679.3	23958.8	24602.8
Q6PHF0	CHM1A_DANRE	chmp1a		18087.8	17693.5	17413.2	17926.9	22964.6	20770.8	18870.9	19147.8		14789.4	20493.9	17818.9	22289.3	20479.7	23157.8	13350.4
Q6PHG0	Q6PHG0_DANRE	gopc		42744.6	38885.9	35004.4	42481.3	45031.3	42116	37879.7	40241.5	48504	44338.6	48691.5	52856.3	47323.5	44258.3	43512.4	49436
Q6PHG2	HEMO_DANRE	hpx		783307	824580	232018	245816	159289	163345	208944	230650	544051	639044	201909	201935	152343	149208	412717	418196
Q6PHG3	Q6PHG3_DANRE	anxa13		616580	579564	591923	590141	536939	522486	493639	451470	477002	493252	567223	568964	538922	483573	763078	814415
Q6PHH3	PD10A_DANRE	pdcd10a		32202.6	33420.7	35544.9	34612.9	31785.1	35026.3	38670.7	36869.3	34917.9	30307.3	25584.2	33077.7	27652.5	26941.6	35652.6	34558.9
Q6PHI2	Q6PHI2_DANRE	zgc:65997		156633	160891	160200	153288	148154	130541	121953	115872	99299.3	101088	143918	138506	172830	160353	88065.5	104821
Q6PHI8	Q6PHI8_DANRE	tktb		451057	482571	482406	484750	465166	479599	442757	474053	487755	511514	466285	467519	441379	443513	581646	593470
Q6PHI9	RAB4A_DANRE	rab4a		52346.8	63696	62991.1	58600.9	61992.3	61889.2	52099.4	63035.7	72312.9	72391.2	55755.6	55885.5	45772.6	47556.3	72890.2	78411.6
Q6PHJ3	Q6PHJ3_DANRE	ctsa		26877.1	25972.3	23435.2	23750.5	29442.4	33310.8	33393.4	34809.7	43366.4	34161.9	27542.8	25257.5	23784.9	23595.7	17062.1	21215.9
Q6PHJ8	Q6PHJ8_DANRE	myl12.1		18704.1	27922	26197.7	30946.4	19209.3	32696.7	16514.2	23014	19465.7	34502.8	20705.2	16040.4	16018.8	15757	68430	95081.7
Q6PHK6	PURB_DANRE	purb		62599.5	63097.1	76759.9	65112.4	64737	76839.8	63123.6	73871.3	89116.7	82260.2	54619.2	62960	61513.4	68105.8	72017.3	65950.1
Q6PHK7	Q6PHK7_DANRE	psmd2		320137	312978	316309	312977	326467	309457	346873	328177	329199	322918	351831	340891	371389	364304	298062	291896
Q6PI20	H33_DANRE	h3f3d		4.68163e+06	4.58103e+06	5.43699e+06	5.49193e+06	4.98071e+06	4.92139e+06	5.42535e+06	6.93632e+06	5.93531e+06	4.89648e+06	4.76797e+06	4.8242e+06	5.94517e+06	6.0481e+06	5.78595e+06	5.86956e+06
Q6PI52	CALM_DANRE	calm3b		2.63675e+06	2.57702e+06	2.64484e+06	2.68298e+06	2.78258e+06	2.63581e+06	3.04166e+06	2.88633e+06	2.82756e+06	2.59689e+06	2.92037e+06	2.68232e+06	2.77768e+06	2.67983e+06	2.96846e+06	3.15176e+06
Q6PSS4	Q6PSS4_DANRE	gabarapa		41076.8	40418.8	40244.3	44320.5	42365.2	44898.2	51469.5	47629.8	26393.3	39164.5	41681.8	49411	46930.1	49204.5	38706.5	36219.6
Q6PUF3	DHI1L_DANRE	hsd11b1l				14023.4	16690.4	10179.1	12124.4		9842.76	22824.3	18118.1		2584.42	5898.84	4449.19	16683.9	20041.2
Q6PUQ3	Q6PUQ3_DANRE	actr3		90134.5	87020.1	91654.5	83576.9	93449.3	91580.5	91287.8	89695.5	119067	100163	101832	98089.3	91455.7	92180.2	93144	97348.8
Q6Q415	RL36_DANRE	rpl36					25753.3						13626.7			52657.5		19783.9	46049.9
Q6Q416	Q6Q416_DANRE	rpl23a		107760	105949	97597.2	98020.4	104058	101298	126058	127167	134741	110660	103945	101555	124166	117249	112353	150570
Q6Q417	Q6Q417_DANRE	rpl7		243258	228276	254310	242461	248383	234131	251822	237009	256244	263520	245943	263128	282125	275821	243840	253442
Q6Q418	Q6Q418_DANRE	rpl3		415558	418651	444032	430756	423714	436257	435425	464363	376286	447090	441476	429952	415776	435160	502488	477964
Q6Q420	RS15A_DANRE	rps15a		747592	715538	674606	663348	687876	638973	741677	719730	594215	595240	748511	735231	840086	788588	532955	518419
Q6Q421	Q6Q421_DANRE	rps15		495378	321910	552047	589192	785575	796687	598108	669419	843855	824365	531508	436898	713449	528780	708756	785287
Q6QA33	DH12B_DANRE	hsd17b12b		31413.2	44937.6	38077.8	40734.1	56696	61061.8	51823.7	53928.4	87773.6	77973.3	49074.1	42514.2	39914.5	45705	66911	101943
Q6R005	DLG4_DANRE	dlg4		101256	98368.6	100851	100734	108651	103548	105565	100973	97109.1	110089	93626.4	100583	92975.7	95818.1	112151	106031
Q6R3L1	Q6R3L1_DANRE	pxna		14183.7	10519.7	15407.5	17676.6	11564.9	12350.6	10503.5	11672.9	13407.4	11161.8	8902.23	14563	12256.4	13514.5	14375.8	15481.4
Q6RFG0	Q6RFG0_DANRE	chm		21106.5	21782.3	19042	19546.4	21532.6	19892	18118.4	22297	21832.8	22903.7	20661.5	22702.4	20799.3	20021.6	21916.9	19308.5
Q6T870	Q6T870_DANRE	nrp1b			2751.63	3651.17	3720.48	2600.37	2905.81	2087.18	2992.51		2869.5		3468.24	1774.41		4591.02	4746.2
Q6TEL1	RA21A_DANRE	rad21a		43369.3	45007.4	51094.7	47709.8	48277.4	41972.2	41723.3	44474.5	50159.1	44236.1	51580.4	46831.5	51475.5	49116.9	47051.8	52327.9
Q6TEM5	Q6TEM5_DANRE	mars1		163563	169301	156344	150143	151982	148643	153577	156440	144402	143548	151117	149669	160995	164994	127242	134351
Q6TEN1	RAP1B_DANRE	rap1b		391229	381547	377879	388527	339760	352654	356179	351526	272252	346156	381196	375870	415233	383563	428068	452352
Q6TEN6	WDR91_DANRE	wdr91		26875.5	28720.4	27386.3	34343	31392.1	33446.9	32234.3	31538.6	35694.4	34134.4	33261.8	35755.1	32689.1	31153.2	29716.2	35886.3
Q6TEP1	F91A1_DANRE	fam91a1		114767	99775.3	92666.6	92183	94312.2	89076.3	101048	95491.2	96781.5	104488	116362	117558	117897	118784	89627.1	95345.9
Q6TGS6	SYYC_DANRE	yars1		83021.6	86863	76784.1	76215.9	85088.2	89111.4	83114.9	85590.9	100035	93879.9	84005.2	84552	102545	100227	82824.6	82329.3
Q6TGT3	Q6TGT3_DANRE	dynlt3		41927.5	35999.6	43721.1	43514.7	45694.8	47221.9	47341.3	45264.1	46706.8	49816.2	44014	43430.4	43419.9	37725.9	53270.9	50663.2
Q6TGT5	Q6TGT5_DANRE	tagln2		94093.2	91150.9	118630	118111	93497.7	93485.9	69125.7	65175.5	108342	93413.6	92553.1	93710.1	83502	83199.6	156223	184198
Q6TGT9	Q6TGT9_DANRE	srsf5a		301773	294609	303644	309213	318936	309585	338192	327800	359894	328927	332447	321293	330230	320953	328964	339113
Q6TGU0	Q6TGU0_DANRE	setb		204574	206117	255515	252514	252858	271004	240150	262086	279146	276694	243022	230563	224553	201764	294924	347586
Q6TGU2	SEH1_DANRE	seh1l		34964.9	34280.3	29535.9	31234.9	33933.4	33254.5	35808.3	31037.2	25418.6	27669.9	37140.1	36793.2	38245.7	36752.5	27421	30122.2
Q6TGV5	Q6TGV5_DANRE	psmd10		20910.2	23255.6	17185.9	15851.5	17173.7	17473	20018.4	15014.8	22289.1	17642.3	26126.5	34797.2	25491.4	32319.6	21623.7	25701.9
Q6TGV6	Q6TGV6_DANRE	psma5		90347.6	94674.2	98935.7	110939	104598	117568	90968.2	93678.7	141456	144767	91293	94840.2	87975.4	89846.2	150058	188392
Q6TGV7	ABRAL_DANRE	abracl		52561.3	62365.2	28335.4	27440	24878.6	24831.2	32335.1	26729.6	30495	23624.9	37948.4	42709.2	88723.7		29869	23408.1
Q6TGW1	Q6TGW1_DANRE	poldip2		84206.1	84006.3	62000.6	66675.4	72190.6	65286	78631	68906.9	60987.8	78958.7	90981.4	86725.9	104737	100848	56677.1	69144.5
Q6TGW5	OSTF1_DANRE	ostf1		15308.4	19662.3	18173.5	16350.5	21764.5	23976.9	19257.1	17768.5	22539.1	22242.1	22316.1	21578.6	24098.3	27396.5	25231	21903.1
Q6TGW9	Q6TGW9_DANRE	neil1			5185.16	8266.72		6246.35	7194.68		7172.04		8046	4446.9	8781.42		9961.16	4579.26	8732.39
Q6TGX3	Q6TGX3_DANRE	septin9a		41077.8	57910.3	60378.2	52889.2	43555.7	51676.2	41661.2	40101.7	27821.2	45581.9	44978.1	39659.8	39794.2	44799.2	65398.6	55649.2
Q6TGY8	EMC2_DANRE	emc2		23266.1	26308.7	26257	26514.4	25157.7	25918.6	19215.8	25681.6	33939.2	29864	24311.9	28189.5	23119.1	28615.6	23491.8	27611.9
Q6TGZ4	THA11_DANRE	thap11		23932	25694.6	29286.7	27420.4	23498.5	22764.3	28332.8	29978	15432.1	20917.9	17894.8	13113.4	28347.9	24902.5	20315.1	21642.4
Q6TH01	C10_DANRE	si:dkey-29f10.1		26194.9	30106.7	34508.5	40047.9	40553.7	43326.6	31714.4	38032.5	43543.3	56393.3	25843.9	27670.4	26398.2	22289.6	52975.1	64527.8
Q6TH05	Q6TH05_DANRE	gabarapl2		47833.3	44026	44058.8	46426.2	51040.9	46266.9	50864.5	45183.5	40899.9	35857.7	47761.2	51577.2	57900.7	60959.9	47226.1	42906.1
Q6TH07	Q6TH07_DANRE	flot1b		114730	116116	144383	151361	131106	136680	129483	141557	126604	121705	110927	112696	133592	134021	180695	194067
Q6TH08	Q6TH08_DANRE	vps37a		22956.3	13261.2	18651.3	18274.3	15687.1	18395.9	20805.2	13517.9	25511.3	21565.2	18788	18515.7		13089.3	19692.8	25005.6
Q6TH14	Q6TH14_DANRE	eno3		557508	583830	549534	557116	580856	601232	521244	534279	653500	609628	504792	459838	522660	527770	699586	727105
Q6TH15	EIF3D_DANRE	eif3d		66616.5	69508.4	76975.6	77669.5	72613.3	74714.5	65915.7	70130.4	69132.1	67092.5	62317.1	57329.2	59407.7	59786.5	76024.9	80386.9
Q6TH20	Q6TH20_DANRE	drg2		29315.3	28256.6	28458.7	30828	30492.1	27644.1	31632.8	30107.2	27934.7	28014.2	30604.6	30340.7	23860	29489.9	27560.2	24133.9
Q6TH22	DDI2_DANRE	ddi2		42214.1	37332.5	33341.9	30147.2	34490.6	30842.3	36617.1	35583.8	30444.8	30428	37174.3	37798	45120.6	47508.2	30077.7	26815.7
Q6TH32	Q6TH32_DANRE	cfl1		2.57771e+06	2.64032e+06	2.79308e+06	2.8374e+06	2.50124e+06	2.60975e+06	2.49421e+06	2.46773e+06	2.55905e+06	2.81259e+06	2.79132e+06	2.69432e+06	2.59185e+06	2.47638e+06	2.95137e+06	3.22939e+06
Q6TH47	STBPA_DANRE	stambpa		5610.31	5418.67	6566.87	6269.48	7025.41	8710.92	7537.25	9300.55	8935.71	7761.65	7150.4	5525.43	8831.2	7934.78	9529.9	7645.76
Q6TLE4	EMC5_DANRE	mmgt1		37835.4	26611.9	41571.3	34615.5	35053.3	39003.7	32528.5	23207.9	29160.8	24627.6	40394.7	46332.1	40400.9	41829.7	15558.6	24376.6
Q6TLF1	Q6TLF1_DANRE	wdfy2		25146.4	47916.6	37131.4	40676.1	42898.2	36339.4	39410.2	35019.1	32838.7	29621	35424.9	42498.7	48931.4	42733.9	39483	26105.2
Q6TLF6	RGN_DANRE	rgn		215178	219822	244890	242009	215012	223319	235837	215885	236625	233095	273380	265011	278465	264645	251409	254031
Q6TLH9	Q6TLH9_DANRE	zmat2		28547.2	33224.7	29749.7	32338.2	31919.6	21796.4	27104.3	33198.8	20052.5	30581.7	39101.4	38515.9	34143.8	36895	30650.4	27202.8
Q6TNP8	VP26A_DANRE	vps26a		40188	44165.3	47210.3	44966.1	39242.1	38772.8	42752.9	41275.1	45640.6	44262.6	48943.8	46073.1	48372.1	41260.3	43895.1	48399.4
Q6TNR5	Q6TNR5_DANRE	ppiaa		724262	726872	742787	788294	664446	675785	639508	659134	554291	625472	714654	721417	829378	759829	831101	928479
Q6TNS7	RABL3_DANRE	rabl3				6414.79	127648	18056.6		9882.2								117443	8272.18
Q6TNT8	Q6TNT8_DANRE	gnai2a		586029	579457	560637	560170	560159	567172	551120	527227	691630	621461	565521	575612	523842	499795	606280	632630
Q6TNU4	FEN1A_DANRE	fen1		19000.5	13151.7	18525.3	16042.5	19493.8	18772.6	17631.6	17598.9		19159.3	20708.1	20063.4	15533.6	13334.8	18579.1	20733.1
Q6TNV0	Q6TNV0_DANRE	cox4i1		157100	144648	131544	128693	139808	146796	160963	155656	134787	170243	126819	127680	140833	148703	208719	195048
Q6TNW3	Q6TNW3_DANRE	abce1		69952	67156.1	74861.9	77043.6	77105.6	77469	74888	77181.9	81432.7	72612.3	74448.6	78428.7	93843.8	89050.9	65506.2	65395.8
Q6U1J5	Q6U1J5_DANRE	col1a1a		66478.2	59428.9	33762.6	37007.9	43232.7	44121.3	36904.7	34860.7	44109.6	51696.7	40128.6	53602.8	34317.5	32773.6	210442	207752
Q6U1J7	Q6U1J7_DANRE	fabp7b		22208.2	21631	13971.5	8654.63	19907.8	17637.7	20384.5	17662	28450.1	20865.6	16289.9	17486.9	15076.7	16724.9	15611.4	12940.4
Q6VN46	MYG_DANRE	mb		3.89226e+06	3.92153e+06	6.18763e+06	6.17781e+06	2.20872e+06	2.22701e+06	3.10193e+06	3.27113e+06	3.56347e+06	3.70279e+06	1.81027e+06	1.84478e+06	2.49994e+06	2.41477e+06	5.86843e+06	6.52314e+06
Q6W2N6	Q6W2N6_DANRE	dhrs12la		212075	211087	120364	119550	11778.7		7608.87		40941.6	37069.9	14048.9	16582.1		11972.5		10824.5
Q6W6P1	Q6W6P1_DANRE	rbp5		863750	870174	871466	881452	882727	871901	907160	865835	907501	888263	967182	1.00989e+06	1.18528e+06	1.17562e+06	697063	709547
Q6WFZ4	Q6WFZ4_DANRE	mtx2		273917	269089	255906	275128	270313	244555	257876	249941	260631	278194	249649	234086	293505	298312	342308	297621
Q6XG62	Q6XG62_DANRE	icn		720463	781129	682840	667169	535004	551235	700604	671993	578786	570761	356112	350014	374024	400404	645312	691349
Q6XLI5	Q6XLI5_DANRE	rbm12		126195	123010	121504	97467.3	127400	131149	134905	140106	144931	125944	128277	131080	136902	137956	120052	127536
Q6YBS2	Q6YBS2_DANRE	cap1		369145	404099	407010	426805	404545	434860	465714	449230	446591	461526	410851	424498	374835	407973	474871	619791
Q6YLH9	Q6YLH9_DANRE	cav1		139980	157883	108864	129806	112104	121101	100449	101678	80434.8	106249	117545	106794	104569	106061	156588	168613
Q6YMR2	Q6YMR2_DANRE	phf5a		43809.4	46221.9	45879.4	58820.7	44962.4	56127.6	51442.7	56339.7	45588.4	62024.7	42385.5	45688.3	26958.6	34365.7	63086.7	59202.9
Q6ZM12	Q6ZM12_DANRE	hbba2		646703	663375	389725	423973	371473	392506	320796	351707	596739	537372	687926	698655	562091	605174	1.01765e+06	1.23167e+06
Q6ZM13	Q6ZM13_DANRE	hbaa2		3.11697e+06	3.20858e+06	1.7617e+06	1.83099e+06	1.51477e+06	1.49766e+06	1.20907e+06	1.19718e+06	1.8323e+06	1.84264e+06	3.4945e+06	3.4814e+06	3.34748e+06	3.15923e+06	3.70801e+06	3.93128e+06
Q6ZM17	Q6ZM17_DANRE	si:ch211-5k11.8		6.60175e+06	6.46634e+06	7.0193e+06	7.37651e+06	6.25755e+06	6.0097e+06	5.59932e+06	5.63599e+06	4.59543e+06	4.52962e+06	8.6092e+06	8.29392e+06	7.80782e+06	7.68064e+06	9.06543e+06	1.23617e+07
Q6ZM19	IF6_DANRE	eif6		171451	167008	153185	151710	179490	157878	172900	168632	168038	167927	201831	215144	190003	203184	116884	131074
Q6ZM23	Q6ZM23_DANRE	cox6c		131504	157063	141515	175500	206663	271378	182926	208240	398331	482057	148324	176383	140156	165828	339020	440919
Q6ZM24	Q6ZM24_DANRE	tomm34		39964.4	34385.2	31020	34718.4	37602.2	32348.2	36783.5	38700.7	25444.7	31246.4	36180.5	38305.2	38031.6	39409.4	31021.5	32769.3
Q6ZM34	Q6ZM34_DANRE	vps35		76900.9	83134.7	74434	71880	76761.8	78877.6	82551.9	76116.2	83376.3	84812.6	77356.3	79546.7	87490.2	82721.3	74351.4	82572.5
Q6ZM41	Q6ZM41_DANRE	sdhaf4							10285.4				19641.5					23349.3	30645.3
Q6ZM50	Q6ZM50_DANRE	capza1b		309069	316564	311004	306754	317549	332277	307405	316577	343557	347094	329813	340365	312570	317516	349345	385832
Q6ZM62	Q6ZM62_DANRE	arpc3		236528	233642	241274	234618	234957	227707	232726	237703	237599	227198	241543	233073	225265	230261	241013	229652
Q6ZM67	Q6ZM67_DANRE	grin1b		10153	11307.3	5983.11	6184.43	9301.24	9720.87	9680.78	10872.2	6283.29	8553.49	8423.15	9010.67	12791	12299.7	7416.57	6305.79
Q6ZM78	Q6ZM78_DANRE	sf3b5		68986.2	74816.8	73221.4	75917.8	78693.6	82958.9	82407.9	84859.4	80197.7	77728.9	93732.1	83379	75482.4	79403.8	77745	83747.2
Q6ZM98	Q6ZM98_DANRE	guca1d		19693.1	16349	12713.1	8636.81	6874.76	9039.01	9904.16	9880.15	11649.8	12870.1	15936.5	14441	33326.5	39577.2	14681.2	14404.8
Q71PD7	H2AV_DANRE	h2az2a		1.54811e+06	1.54487e+06	1.77433e+06	1.63863e+06	1.54071e+06	1.39739e+06	1.62482e+06	1.49897e+06	1.04649e+06	899625	1.29532e+06	1.1691e+06	1.70691e+06	1.68637e+06	1.33624e+06	1.29432e+06
Q75ZI3	Q75ZI3_DANRE	vcanb		7981.92	8671.76	5661.55	5632.95	9667.99	6490.94	5857.4	5106.27	5989.74	5457.78	5229.85	4502.17	6546.8	4834.27	5586.99	6995.17
Q78AN2	Q78AN2_DANRE	gdap1		37277.5	30644	27158.7	29364.1	34419.7	28615	33686.8	23990.4	28508.7	29939.6	34819.4	36476.9	38754.5	37487.7	25623.3	27713.8
Q7SX58	Q7SX58_DANRE	coro1a		47426.3	46587.2	61887.6	65730.8	93284.3	98878.3	67555.6	63112.1	63095.8	57805.1	57993.8	60482.5	66950.5	63992.3	63210.5	60302.9
Q7SX92	Q7SX92_DANRE	sncb		324203	343249	365145	375944	347557	359241	372249	401046	402382	351433	364644	354691	323451	318611	400347	407659
Q7SX98	Q7SX98_DANRE	gtf2b		20020	16362.8	34263.8	32311.4	35716.5	35797.8	30281.4	29016.7		54957.1	21449.9		19205.8	12932.9	44574.4	55568.7
Q7SX99	FUMH_DANRE	fh		593142	562145	456658	434863	383121	398895	415559	376156	481828	477824	470836	452812	512718	502460	392637	428321
Q7SXA1	Q7SXA1_DANRE	rpl26		157190	146280	135245	132599	138542	141831	192135	180486	212009	182586	182068	177071	178281	179885	144630	158680
Q7SXA3	Q7SXA3_DANRE	rps27a		302795	298425	308006	290144	282349	283569	289632	289920	318936	320875	314881	319735	329772	303881	285285	306814
Q7SXB3	P3IP1_DANRE	pik3ip1		23427.9	23754.8	15851.8	23279.2	23434.7	23486.4	26885.7	21638.6		16112.8	22294.1	21739.9	15884.1	20550	17590.3	14315.3
Q7SXC9	Q7SXC9_DANRE	clec14a		34201.3	26524.7	48288.7	51800.6	28960.8	25858.8	13121.6	14985.9	19585	12354.5	26677.2	31606.8	22013.5	17325.7	49095.6	39830.3
Q7SXE4	GOGA5_DANRE	golga5		8230.71	8488.7	8775.47	9805.58	10738.5	8198.51	10046.6	8240.33		8979.33	8073.93	10718.3	11439.1	10112.8	9706.83	10828.1
Q7SXE8	CDK9_DANRE	cdk9		11631.3	13195.8	11201	7995.7	10850.1	10664.3	12931.4	11869		9916.3	9422.73	13712.8	9345.37	9905.46		
Q7SXE9	Q7SXE9_DANRE	ndufa11		276112	259479	278820	257701	308214	274158	320614	312665	371310	359021	368626	372292	371252	376430	215947	218762
Q7SXF2	UBL5_DANRE	ubl5		113497	92931.8	107925	104651	101738	95941.2	95312.7	98188.7	158555	122660	157006	138854	127482	116706	109923	103854
Q7SXF3	Q7SXF3_DANRE	kat8		14118.3	14094.4	16319.3	16827.2	12548.5	16554.6	14485.2	12915.9		11802.3	22322.4	14376.7	14456.3	19552.4	18996.4	10093
Q7SXG4	SAE2_DANRE	uba2		308613	302973	331978	300819	309931	297747	325117	313324	270238	297738	317696	340607	346588	331821	329551	313665
Q7SXG8	Q7SXG8_DANRE	sars2		55310.3	54017	44111.3	46604.2	44397.9	39335	47277.6	42530.7	53790.4	48486.3	54115.7	50628.6	55664.1	52973.3	40168.6	39608.1
Q7SXI1	Q7SXI1_DANRE	cox7a2l		202160	203809	176866	166945	175313	173966	181437	181545	148044	166812	172586	167790	169344	185153	138544	145304
Q7SXI7	Q7SXI7_DANRE	sdf2		30230.8	34885.4	39323.2	36781.9	24206.7	25557.6	20893.7	21331	18299.1	18196	17543.1	21170.7	18212.3	21739.7	26521.9	23395.7
Q7SXJ4	Q7SXJ4_DANRE	hibadhb		251593	276005	250742	244307	231439	251187	227022	234291	389338	350584	195635	206839	204551	212120	347233	435404
Q7SXJ5	Q7SXJ5_DANRE	blmh		62986.7	59007.5	54490.7	54720.9	53368.2	53607.2	55880.8	53835.6	49570	54335.2	66756.4	63399.1	67103	64613.7	50162.8	44905.7
Q7SXJ9	Q7SXJ9_DANRE	htatsf1		28144.4	32041	37855.8	40619.1	20992.1	30264.6	28569.9	40277.1	32888.9	35826.6	31795.3	31889.5	37235.1	35546.6	35145.7	33056.3
Q7SXK1	Q7SXK1_DANRE	metap2b		51823.1	53857.3	51564.7	48544.7	53437.6	56745.5	57535.1	64112.9	44739.3	57963.4	52655.3	53154.9	55803.6	56819.4	53483.3	51089.2
Q7SXK8	Q7SXK8_DANRE	dnaja3b		36076.1	30268.7	19911.6	19738.6	35434.5	27395.3	37802.1	37136.4	18046.1	16965.4	36982.8	40202.3	48863.7	56142.5	10184.6	15185.4
Q7SXK9	Q7SXK9_DANRE	alg1		14972.3	17221.1	19650.7	15076.7	17941.1	21217.8	11927.9	14398.7		14886.4	13764.9	20630.1		14434.8	22889.6	14672.7
Q7SXL4	Q7SXL4_DANRE	nme2b.2		721223	759508	645912	662211	656984	652146	535089	579675	785727	639307	729414	691091	700339	671775	1.44022e+06	1.48729e+06
Q7SXL7	FL2D_DANRE	wtap		26192.6	21903.5	25220.3	27041	26390	30314	28522.9	28725.6	28333.2	29073.8	30399.8	28835.2	26523.5	21409.4	32619.7	34993.7
Q7SXM1	Q7SXM1_DANRE	cox6b2		541115	597154	433848	423409	577565	599872	648618	664161	611281	656992	448951	461613	478072	458287	440152	407788
Q7SXM2	Q7SXM2_DANRE	plaa		40984.4	41586.7	46019.6	50365.8	39736.4	42249.1	42450.1	41641.1	45966.8	46146.1	40270	37955.1	33586.3	40351.8	52032.7	56818.5
Q7SXM7	PRP31_DANRE	prpf31		41290.6	53346.1	45636.2	56519.8	43288.6	47595	46958.5	56319.4	48339	60883.4	41444	44690.1	37966.2	34804.9	55755.5	59015.4
Q7SXN2	Q7SXN2_DANRE	hnrnpdl		411380	408856	571635	575077	602447	602825	646178	651695	601242	576251	599014	544331	678048	699900	686276	741322
Q7SXN3	Q7SXN3_DANRE	ahsa1b		77313.9	67963	75023.1	64976.7	72562	76269.9	74491	65808.7	77960.6	70532.2	84295.2	86690.8	85265.3	86496.1	72803.3	68098.1
Q7SXN4	CPEB4_DANRE	cpeb4		5537.85	7394.08	8472.4	7096.18	7691.79	7441.57	6229.19	4437.03	9243.93	7287.62	10166.2	8067.98	9161.22	8655.58	9185.11	7747.37
Q7SXN5	DNM1L_DANRE	dnm1l		248785	255409	247674	256860	244729	254084	247688	262023	269072	308594	271475	264580	253149	254172	270462	264005
Q7SXN6	Q7SXN6_DANRE	psma6a		132851	137427	141482	139116	150645	145011	139794	129759	147520	138716	151087	151742	169733	160636	137734	123219
Q7SXP0	S22BB_DANRE	sec22bb		62543.6	65700	53595.6	54854	49193.4	51939.8	54737.8	55212.9	64232.2	64134.6	82530.2	82916.7	68222.4	68162.7	53524.1	52586.6
Q7SXP2	ULA1_DANRE	nae1		100020	99110.9	107433	107588	89876.3	97062.2	103029	107461	99716.7	106341	102530	96428.3	99505.4	99452.8	102653	103232
Q7SXP4	SRS1A_DANRE	srsf1a		341336	334359	344481	332376	364985	385083	399340	388307	413462	411851	347602	347269	357765	356729	425724	476912
Q7SXP9	Q7SXP9_DANRE	cds2		48902.7	55481.1	47148.8	46109.6	44066.4	47536.3	44848.2	51222.9	25675.4	46676.3	49273.2	42679.4	49903.4	56368.4	39477.5	41424.3
Q7SXR3	MAEA_DANRE	maea		30909.8	23820.7	26397.8	27422.1	23727.6	22834.9	26326.6	27191.4	14065.4	23071.4	25653.8	24354.1	20646.3	24415.9	26299.1	25902.2
Q7SXS7	SETD3_DANRE	setd3		31440.2	33589.6	30998.5	37709.2	30181.5	33265.1	28091.3	32094.5	25372.9	31594.9	38125.6	32107.3	33333.5	33891.8	34469.7	35583.7
Q7SXS9	Q7SXS9_DANRE	ppp1r8b		21104.2	20674.8	27690.9	31224.5	27544.6	25854.4	26322.5	22493.7	23504.7	27764.5	20874.4	20375.6	24102.6	21808.7	24885.7	27067.1
Q7SXT5	Q7SXT5_DANRE	pepd		53380.1	60934.3	58964.3	61034.5	64524.4	70900.8	58367.4	67395.3	58007.5	76345.3	50623	50253.5	45097	48352.7	65945.4	64574.3
Q7SXT7	ZC21A_DANRE	zc2hc1a		12398.7	15330.2	10698.1	9897.44	14774.3	13958.3	13834.3	8947.95			12310.7	11609	16222.1	11702.4		
Q7SXU0	EI3JA_DANRE	eif3ja		67325.8	82497.4	85616.6	77060.3	94660.2	94405.9	72099.1	99890.6	62148.1	82822.1	76578.8	63609.1	77543	85176.1	123259	115323
Q7SXU3	Q7SXU3_DANRE	aldh2.1		527302	532282	570027	553113	556293	537868	598814	595544	509927	500339	532895	519997	549286	561724	535983	599928
Q7SXU7	Q7SXU7_DANRE	ddx39b		153449	149389	104978	111767	138856	135454	175286	177818	136696	123994	121095	110426	140256	139607	106949	121847
Q7SXV9	CALUB_DANRE	calub		77193	80809.6	95688.9	92678.3	79512	77878.5	77630.7	73902.7	72682.6	71552.1	86910.8	79316.2	89815.1	85248.1	86595.4	85292
Q7SXW3	LRC40_DANRE	lrrc40		17926.3	14741.4	12533.6	13347.2	9127.04	10269.5	17059.5	13024	12621.3	12722.8	13084.3	10596.8	14085.7	12318.3	11910.1	11520.2
Q7SXW4	EMC3_DANRE	emc3		66070.7	68088.3	70805.7	64174.1	63915.2	62593.9	54919	51635.5	53415.5	65337.6	71703.1	66192.5	66039.4	54385.2	57177	57364.5
Q7SXW6	ARP2A_DANRE	actr2a		60620.1	49830	46070.4	54909.2	61946.6	85948.6	64836.5	68184.7	80956.4	74036.2	46027.9	48501.4	46330.8	44468	100684	101200
Q7SXW7	Q7SXW7_DANRE	pgm1		260079	260006	263642	267017	261024	271222	271860	277226	296071	311564	244492	235451	245114	238691	320932	349246
Q7SXX4	Q7SXX4_DANRE	hpcal1		50624.9	46937.9	51300.2	53403.4	47989.9	49342.5	47965.5	40606.8	25407.4	47392.6	51729.5	45252.2	49112	48110.9	47559	48451.2
Q7SXX6	Q7SXX6_DANRE	slc33a1		16234.3	17994		16405.4	16234.4		19343.8	17181.6	22640.6		12508.1		10794.1		14521	
Q7SY06	HACD3_DANRE	hacd3		7445.65		13684.6	15342	9589.42	16600.2	8429.62	8913.31					11214	13257.9	12435	11100.8
Q7SY23	AL4A1_DANRE	aldh4a1		356616	396553	376528	373770	360731	375280	315526	336021	415364	455532	292110	282986	297358	306463	410739	423631
Q7SY37	Q7SY37_DANRE	ptpn11b		31438.2	32239.1	27070.6	25042.6	27626.9	31967.7	33893.6	32880.1	34564.7	31042.4	37778.9	35896.2	37443.4	32808	23432.4	25929.7
Q7SY45	Q7SY45_DANRE	vti1b		19640.6	21343	30307.9	32021.5	38089.2	31306.1	22060.8	31031.2	34252.4	33169	18384.7	34352.5	27418.8	18624.1	42635.7	45939.5
Q7SY46	Q7SY46_DANRE	atp6v1aa		600602	595364	543894	585057	608229	638135	620801	641028	723766	753346	546461	547909	578176	607318	658135	757682
Q7SY50	Q7SY50_DANRE	stoml2		41234.5	41008.3	40950.1	45979.6	48530.6	51472	46484.6	40664.3	50911.4	48681.8	40765.1	37044	45001.3	45725.1	48850.4	53999.7
Q7SY59	Q7SY59_DANRE	rap2b		31533.2	38763.9	35102	38723.2	37532.3	45000.5	43344.5	44102.3	62093.9	43085.8	49685.1	43974.8	47258.9	49928.2	47453.6	48864.3
Q7SYB2	THOC1_DANRE	thoc1		43942	47875	44388	45488.9	47180.8	39822.4	48186	51236.8	27719.8	41240.1	49655.4	55288.4	57915.6	60242.3	41487.5	47603.6
Q7SYB8	Q7SYB8_DANRE	gys1		65359.1	59644	46430.1	41131	37956	33507.6	41337.6	44128	46615.5	45347.4	63965.9	61212	56870.5	58761.7	45893.3	41534
Q7SYD0	Q7SYD0_DANRE	cbr1		114399	111699	127615	121730	97226.4	97364.6	110619	114105	104363	99307.9	120998	122171	97226.8	93650	125124	128303
Q7SYD5	SC31A_DANRE	sec31a		23562.1	19183.7	17864.9	18074.6	21190.7	16229.3	20949.2	15208.9	22469.9	22152.9	24791.1	26831.7	28123.8	26268.6	17690	13108
Q7SYD6	Q7SYD6_DANRE	tubgcp2		13621.5	9970.3	11526.6	10455.4	13744	11045.5	13636.2	10988	10873.2	10669.5	11542.7	9259.31	13921.9	13302.7	9293.29	9523.33
Q7SYI8	Q7SYI8_DANRE	ccdc82		7721.24		7035.05	6597.43	5688.14	5878.46	9379.74	6823.6			7330.4			8590.52	9106.93	7764.26
Q7SYJ9	SPAG7_DANRE	spag7		138312	148419	155004	153822	168288	152336	166448	152760	199514	165620	175610	174291	194448	166602	142788	146107
Q7SYK0	CHID1_DANRE	chid1		43829.7	41576.4	41152.4	42361.1	35432	34175.8	34638.2	37994.1	18616.2	31137.6	38755	39085.8	35136.1	40151.6	40486.1	22221.8
Q7SYK7	AATM_DANRE	got2a		2.88007e+06	3.10355e+06	2.93123e+06	3.00218e+06	2.77058e+06	2.82216e+06	2.7574e+06	2.74036e+06	2.90748e+06	3.06236e+06	2.51343e+06	2.6622e+06	2.77804e+06	2.85152e+06	2.89369e+06	3.23645e+06
Q7SYM1	Q7SYM1_DANRE	foxk1		16955.4	13180.3	12182.7	12186	11889.2	13421.4	18256.3	16355.8	13233.1	5113.72	8768.76	8216.59	10548.2	12743.3	7773.38	7996.28
Q7SYN4	5NT3_DANRE	nt5c3		55571.1	54016.7	50379.6	52063.3	35529.2	38252.6	43464.2	43667.9	39826.9	49389.1	69343.2	61280.7	66909.3	71116.5	44252	37919.4
Q7SYN5	RXRBA_DANRE	rxrba		18899	15139.7	21259	24171.2	20003.4	19731.6	22474.5	18943.3	20578	20862.3	23095.7	25304.2	18505.6	22755.8	17752.4	20051.4
Q7SZ49	Q7SZ49_DANRE	sdr16c5b		29961	25742.3	20786.5	20503.2	27568.5	27756.3	27302.9	30994.4	24608.9	31364	36906.1	34694.5	28814.9	25273.1	31639.4	33394
Q7SZ52	Q7SZ52_DANRE	fxyd6						47406.1	33432.1	47422.2	38679.7	54862.3	46788.8	42886.7	58186.3	40054.4	47800.4	39702.1	43052.5
Q7SZC2	XPO2_DANRE	cse1l		123857	115949	133297	128982	133722	142889	127458	130939	182637	166293	128111	136615	137516	128313	148990	169169
Q7SZC7	Q7SZC7_DANRE	pgrmc2		22453.3	26372.4	24151.9	21167.6	15576.5		20090.7	29104.9		10108.6				12518.5		19690.9
Q7SZC9	Q7SZC9_DANRE	hnrnpr		61239.1	65526.4	92570.3	99650.5	116692	131152	98333.3	98483	161772	140925	67116.4	74626.4	58883.2	57008.2	134864	164788
Q7SZD3	Q7SZD3_DANRE	hspa5		705088	737573	772935	803524	776062	864808	712359	861358	852836	1.04146e+06	565318	627129	602106	615627	1.2466e+06	1.5457e+06
Q7SZE3	L2GL2_DANRE	llgl2		46065.4	51073.8	53732.5	50656.5	52702.8	52130.6	52729.5	47128.3	53181.9	52069.7	54759.6	54128.5	43676.4	42776.1	47494.4	47952.1
Q7SZE4	Q7SZE4_DANRE	cxxc1b			11669.9	8923.19	10735.7	11587.5		11575.6	7727.57		11514.4	11543.8	11687.3	10711.8	11737.2	10444.9	9296.97
Q7SZE5	SC23A_DANRE	sec23a		159705	150692	143136	133428	135275	137050	147958	146020	140396	138440	182257	163207	174457	158447	131415	135448
Q7SZF1	CE022_DANRE	zgc:56556		18040.5	22729.7	20309.6	27709.8	22325.5	22557.6	24672.8	25981.6	25600.1	29632	23282.8	22745.4	31603.7	23696.7	23018.9	25373.5
Q7SZF4	Q7SZF4_DANRE	bag6		27299.2	27599.1	32675.9	32928.3	27423.1	29381.6	25747.9	28204		25539.5	31122.2	27687.2	34270.3	32740.2	40286.2	44355.7
Q7SZM6	Q7SZM6_DANRE	timp2a		59441	41846	3405.78	3171.07	39042.4	3573.73	39734.2				68295.6	74901	61239.6	30580.7	3162.38	
Q7SZN2	RN170_DANRE	rnf170		15431.1	16891.3	23508.2	26535.2	17216.2	18407.3	14184.8	18836	16331.1	17111.2	16825.5	18249	8561.44	9317.68	19213	19642.4
Q7SZP2	CA052_DANRE	zgc:65873		74777.9	77822.1	72800	72522.6	75683.8	70268.6	74823.2	68541.6	68722.1	62697.6	71428.3	76516.3	81255.7	72350.4	63714.7	69961.1
Q7SZP4	Q7SZP4_DANRE	neff1		131649	127858	101819	107602	89795.5	95850.5	78202.2	83622.4	106910	114586	72417.1	74153.3	91997.6	85952.1	98321.2	101508
Q7SZQ4	MFFB_DANRE	zgc:66022		25649.5	24796.6	23624.3	21330.5	20955	19211.8	18879	18786.4	21410.6	22047.6	31220.1	30197.1	24181.2	24846.8	26171.9	23029.9
Q7SZQ6	Q7SZQ6_DANRE	arhgdig		123760	129392	193424	193243	159370	153667	88813.9	98252.1	123801	96960.1	146881	150287	111172	121402	192661	229147
Q7SZQ8	Q7SZQ8_DANRE	ptges3a		86633	77704.1	84355.2	84782.2	80090.3	91323.3	84901.4	78135.8	135260	133082	82969.6	86013.8	78742	72619.5	102775	118168
Q7SZQ9	Q7SZQ9_DANRE	gnl2		14348.6	16001.8	13786.2	18263	16188.9	13696.2	14315.5	17170.2	20315.9	13642	13019.4	16439	18133.8	15067	18206.3	16101.3
Q7SZR0	Q7SZR0_DANRE	ddc		26775.1	28495.7	25246	23719.9	27803.7	23361.2	28628.2	23969.2	31014.1	30029.1	27284.2	29020.4	34879.9	30346.6	27160.9	25533.4
Q7SZR4	Q7SZR4_DANRE	pgam1a		186085	187520	213566	221005	242063	265459	205425	219165	318950	263619	184457	181462	203752	157555	232905	280800
Q7SZR5	SUMO1_DANRE	sumo1		53100.6	56129.4	62292.4	62110.2	64520.4	50476.6	56949.3	50516.3	19725.9	45939.7	62502.2	79933.6	68326.2	65841.4	55405.9	51722.1
Q7SZR9	Q7SZR9_DANRE	wdr77		30960.9	29710.3	35570.9	37458.4	45524	41760.7	31625.4	36364	34054.6	30729.7	44849.4	42814.1	38149.8	38194.4	36037.2	35485.6
Q7SZW5	Q7SZW5_DANRE	pnp4a		8139.13		10683.3	8212.94	11435.2	9935.81	13864	15037.5		6598.08	18345.4	16519.2	19912.5	17739.4	8239.13	8137.13
Q7SZZ5	Q7SZZ5_DANRE	vamp2		204349	202039	276431	273404	260910	339783	235585	275709	657362	651374	190236	163443	122256	127901	477547	644949
Q7T010	GATB_DANRE	gatb		34660.7	32367.3	27292.4	25030.9	25971.1	26048.4	27729.2	26177.1	34558.6	25415.3	31432.2	28292.2	34384.6	31367.6	28933.6	27984.8
Q7T012	HDHD3_DANRE	hdhd3		32396.1	27551.8	34333.3	36015.6	32638.6	25257.5	30992.8	26465.6	40670.1	26668.9	35152.7	37455.8	34477.6	36134.9	30099.5	15559.2
Q7T0F4	Q7T0F4_DANRE	crabp1a		497014	504201	622015	648949	620519	659869	585540	614275	562757	678964	559182	555567	480560	482897	761636	892135
Q7T133	Q7T133_DANRE	pcp4l1		60257	67910.1	83133.8	87322.9	63828.9	64442.9	58761.9	71568.3	39501	83051.6	28214.2	37567.8	24117.2	33883.5	108707	102600
Q7T1D7	Q7T1D7_DANRE	fmo5		37361.7	41020.2	67674.4	68650.2	61796	59813.1	51100.2	57642.4	78404.3	69218.9	53922	47511	54966.3	48261.8	77155.8	69902.9
Q7T1E0	Q7T1E0_DANRE	gpd1b		353375	349684	280689	275978	195927	192400	229446	226373	275229	280279	260983	255681	276185	285692	303581	304777
Q7T1J9	Q7T1J9_DANRE	rps10		77291.8	77651.1	68435.2	72029.3	77202.2	88700.3	91713.9	91246.5	82917	84516.9	64001.9	70379.6	74981.6	80727.7	70166.9	63303.6
Q7T1K0	Q7T1K0_DANRE	rpl17		276253	282672	302872	282023	254314	265499	238712	267452	212211	256454	330641	308321	324459	295508	337389	365640
Q7T1R2	Q7T1R2_DANRE	tgfbi		61698.5	64018.2	41948.5	39420.6	58477.3	53200.5	51589.5	49935.2	47244.8	49529.2	52655	51554.9	44709.2	42006	87746	87105.4
Q7T293	SDE2_DANRE	sde2		12930.8	9056.26	7624.4	7882.91	7375.97	5184.71	6854.47			11368.5	8202.66	6474.8		7659.55	8007.57	9708.22
Q7T297	ARB2A_DANRE	arb2a		167421	164377	176317	165455	165009	131799	150156	165516	140536	132473	176307	158214	154675	180038	163024	143539
Q7T2A0	Q7T2A0_DANRE	tra2a		74046.8	76661.3	62194.7	61355.6	61198.4	61472.8	67154.3	69909.5	65074.5	62944.1	68268.5	76831.6	75937.8	74576.3	67064.5	75337.9
Q7T2A3	DDA1_DANRE	dda1		7436.52	4583	6938.17	8616.46	8213.28	10111.7	8574.07	8692.77		6886.26	7930.53	7248.24	7919.77	5784.89	9206.5	9251.6
Q7T2A5	EIF3L_DANRE	eif3l		87620.9	83303.4	78685.4	74676.6	79413.3	78197.2	87312.9	81678.3	101795	80857.1	89947.9	78122.1	84670.6	86993.2	75522.4	81923.2
Q7T2A8	Q7T2A8_DANRE	sh3bgrl		146506	139431	139666	141364	144158	139757	140645	135981	129700	94484.6	96817	84148.8	169738	162136	160882	164881
Q7T2B5	Q7T2B5_DANRE	ahcyl1		32072.9	43083	35918.7	38531.6	33492.9	36349	29529.1	36377.3	54716.3	48037.3	38833.9	40788.4	29231.8	33510.8	59803.4	61330.9
Q7T2B7	Q7T2B7_DANRE	fibpa		31539.7	33290.2	35561.6	29432.5	33123.4	26996.9	32117.1	28735.2	23600.9	24359	39148.2	39610.8	39349.4	35312.9	27575.1	22324.5
Q7T2B9	MTPN_DANRE	mtpn		390086	394733	376510	374610	368059	351401	385567	372557	327240	344278	399174	395652	395843	389790	361126	347436
Q7T2C1	Q7T2C1_DANRE	cul4a		46329.6	43747.9	48457.4	44650.7	57696	50796	44775.5	49240.2	55758.8	47315.9	54933.6	58171.1	52173.1	55883.9	40262.4	39184.3
Q7T2C2	Q7T2C2_DANRE	acadvl		110966	115851	95731.7	90781.5	97126.2	90930.5	88468	92527.5	109315	96840.2	108460	104423	125422	117916	91109.8	93800.6
Q7T2C6	Q7T2C6_DANRE	rab7a		45091.8	42483.9	62888.9	50547.9	61942.1	63246.2	49661.3	52286	96190.4	76976.4	55443.2	44204.9	47426.7	43705.8	77320	74375.2
Q7T2D4	ERGI2_DANRE	ergic2		14533.2	26147.9	14688.2	13059.5	13607	17468.3	22910.6	20693.3		16689.5	21555.2	17037.7	26070.4	14870.3	16735.4	12149.6
Q7T2E1	Q7T2E1_DANRE	sec13		44561.9	38920.5	38790.2	43347.3	46895.9	45111.1	40943.4	44794.3	67314.8	56440.2	43480.1	39367.4	41551.9	43481.3	59937.8	52204.9
Q7T2F2	Q7T2F2_DANRE	mapkapk2a		41323.5	34964.8	35978.6	33386.1	32994.1	35174	30840.1	36189.9	23328.5	29726.5	45311.2	45794.5	40149.6	47343.3	25102.7	29179.1
Q7T2F5	Q7T2F5_DANRE	napab		50206	47299.2	55714.6	56367.1	54674.3	51070.7	52410.1	51668.4	55655.2	44214.6	67668	59646.5	59055.2	63283.3	51667	59216.5
Q7T2G1	I2B2B_DANRE	irf2bp2b		88362.7	85761.3	104468	97054.4	93494.1	94530.3	90209.8	89662.7	84680.1	98903.1	105490	101449	96856.4	99341.7	96494.5	97196.7
Q7T2J4	Q7T2J4_DANRE	adh8b		31284.7	33530.5	62131.8	62508.9	25016.3	26448.4	53543.4	53541.5	55303.6	46647.4	26009.3	27776.1	38323.5	44698.5	38768.1	38487.8
Q7T2P7	Q7T2P7_DANRE	glula		2.00537e+06	2.2034e+06	2.36738e+06	2.38237e+06	2.051e+06	2.33022e+06	2.25261e+06	2.55301e+06	2.01214e+06	2.5566e+06	1.90657e+06	1.88934e+06	1.67186e+06	1.72575e+06	3.1034e+06	3.42381e+06
Q7T2T7	Q7T2T7_DANRE	mecp2		76537.1	76015.6	93495.3	92654.3	87565.8	85867.4	81177.4	87142.2	77673.9	78538.6	77633.2	78684.1	83628.9	82388.1	96312.6	102422
Q7T2V2	ST1S3_DANRE	sult1st3		29742.2	38881	41034.5	35636	31653.1	31717.2	38544.8	37538.1	72908.8	31130.1	40306.3	39116.7	34482.9	35368.7	56123.2	69877.6
Q7T2V4	Q7T2V4_DANRE	ptk2aa		5142.7		5400.55	8176.87	3900.94	2778.63	7241.03	5096.87			6082.37	4225.75	4815.79	6319.54		7607.19
Q7T300	Q7T300_DANRE	sp4		17840.6	14250.1	15952.2	15631.7	17518.9	22741.4	23630.3	22016.3		24260.5	20392.8	27837.2	22481	16060.5	19360.2	21873.3
Q7T303	Q7T303_DANRE	cnn3a		113062	113229	133905	135073	113012	107239	97633.9	100483	78356.2	82125.8	101325	106783	106757	93072.2	129010	123378
Q7T312	CCD25_DANRE	ccdc25		30890.9	31177.4	28061.3	31152.3	29005.5	30513.6	30864	29452.3	22496.5	29250.1	33706.1	32902	39464.5	37640.8	25778.1	30263.3
Q7T318	Q7T318_DANRE	wasb		10534.6	5091.74	6017.36	6743.41	4761.65		4997.28					7449.42		6456.96		
Q7T319	Q7T319_DANRE	elof1		53513.1	52426.6	67180.9	69590.8	61024.6	57459	52431.8	55068.8	46243	41239.4	43799.5	50972.5	52128.8	47585	63476.2	63065.4
Q7T321	KCMF1_DANRE	kcmf1		23359.2	21453.9	29393.5	29974.5	27633.1	30844.6	30165.8	31744.2	39241.3	34976	34473.5	31563.2	32847.6	32510.3	24728.7	24964.1
Q7T322	NAA35_DANRE	naa35		7869.02	6464.86	8538.45	7624.81	5766.03	6443.56	8926.23	7022.36	5841.52	5582.04	13004.1	9812.28	12480.5	8256.54	4287.8	5686.62
Q7T326	CISD2_DANRE	cisd2		18821	19787.3	24247	23669.4	17598.1	22690.3	21927.5	13452			25254.4	19871.7	18168.1	15875.8	23105.8	24417.5
Q7T334	Q7T334_DANRE	mdh2		2.9809e+06	3.02231e+06	3.2443e+06	3.37404e+06	3.27934e+06	3.39524e+06	2.96555e+06	3.35065e+06	4.33152e+06	4.41515e+06	2.55248e+06	2.5385e+06	2.37276e+06	2.155e+06	4.38147e+06	5.25829e+06
Q7T339	CHMP5_DANRE	chmp5		40046.1	39368.9		29278.5		46476	31454.2				47223.7	40562.5	42657.1	43340.8		41500.6
Q7T340	Q7T340_DANRE	drg1		27385.4	28233.9	27366.6	29370.4	29608	28264.5	31701.7	32226.6	24549.8	30831.7	28088.8	29761.4	23408.9	24058.1	29997.6	29041.4
Q7T351	Q7T351_DANRE	atf1		6464.95	5436.07	5968.61	6895.78	6514.92	4941.32	9615.68	4218.65	3498.71	5854.45	4962.28	7699.89	5042.6	4201.41	6773.19	8124.8
Q7T355	Q7T355_DANRE	arih2		26513.3	27584.8	24751.1	26307	27845.9	25649.7	27585.1	28825.6	25533.4	32119.5	30229.3	32921.6	32338	27728.8	27798.8	27479.6
Q7T356	143BB_DANRE	ywhabb		1.65033e+06	1.66455e+06	1.77277e+06	1.72031e+06	1.72856e+06	1.71471e+06	1.778e+06	1.81663e+06	1.94302e+06	2.01708e+06	1.72513e+06	1.66619e+06	1.66131e+06	1.64339e+06	1.86225e+06	2.09133e+06
Q7T358	Q7T358_DANRE	gspt1l		149994	148897	143208	140934	142541	137021	146749	145697	122149	136847	147292	141780	156146	160005	145103	145572
Q7T361	Q7T361_DANRE	stx8		42229.5	35468.2	38716.3	39264.4	42168.7	33210	41298.6	35052.4	46309.8	40407.6	51893.6	50468.7	47140.3	50027.3	42777.5	31639.9
Q7T366	Q7T366_DANRE	gosr2		32241.4	31580.1	40883.6	32793.1	41826.9	37840.4	32194.3	40019.9	54517	52285.3	36329.3	45987.3	41666.4	43429.1	39470.2	44153.1
Q7T368	Q7T368_DANRE	pdhb		1.1796e+06	1.22473e+06	1.18256e+06	1.26826e+06	1.2257e+06	1.42012e+06	1.11095e+06	1.15606e+06	2.48801e+06	2.29814e+06	930311	960485	875859	958356	1.83868e+06	2.35105e+06
Q7T369	Q7T369_DANRE	wbp2nl		10756.2	9573.11	15609.9	13016.7	11363.4	14682.8	13161.1		13325.4	15738.6	11083			8120.58	17314	16470.7
Q7T370	CDV3_DANRE	cdv3		57301.9	51583.7	53065.2	58518.8	55489.4	56422.9	54235.3	55646.2	53047.5	41459.2	62846.5	59002.6	56405.8	64796.8	52189.2	51464.3
Q7T372	Q7T372_DANRE	arpc1b		41212.3	40351.1	46495.3	40983.7	66405.9	58551.2	43895.1	38419.3	33429.1	28921.9	66837.3	52536.3	63343.5	70096.7	44482.3	40141.2
Q7T379	Q7T379_DANRE	dhdh.1		40918	35172.7	52149.4	49560.6	32773.5	28632.2	30127.7	28187.2	32942.8	34986.8	53471.9	50277.6	50596.5	59777.2	33925.5	36082
Q7T383	Q7T383_DANRE	ralaa		29161.5	34166.8	38080.3	47880.4	37794.6	44428.8	37869.2	42572.3	64768.3	60925	36652.9	34922.6	52736.1	26106.2	59479.3	66071
Q7T385	VTC1A_DANRE	atp6v1c1a		191073	177524	223616	231777	216325	224188	214690	224569	258685	286468	194863	183740	195749	212567	208366	255589
Q7T387	Q7T387_DANRE	abhd14b		48801.8	44044.5	57257.7	48319.1	53498.8	50660.6	50906.5	52170.6	41586	42823.9	51866.9	48120.9	45624.9	46647.3	49896	53675.6
Q7T394	LIS1A_DANRE	pafah1b1a		84463.7	85389.4	78611.7	85369	79226.8	83316.5	86130.8	84025.6	94798.7	83000.1	86934.5	93466.5	85425.9	85415.2	94109.4	94462.5
Q7T399	Q7T399_DANRE	rhoca		223422	233785	261146	261946	234604	241202	226462	243329	230099	227619	214792	212479	203362	210950	283545	280646
Q7T3B0	EIF3M_DANRE	eif3m		36830.1	34035.3	39772.7	35051.4	32378.3	30771.9	37408.1	36852.2	32222.9	36917.5	30929.6	39089.1	33009.1	33281.2	29367	28898.8
Q7T3B1	Q7T3B1_DANRE	psmc2		124782	126363	134364	139861	131170	132587	129353	135571	135161	143360	127460	129692	121492	131460	151409	158011
Q7T3B6	Q7T3B6_DANRE	proca			7674.65	17067.4	19919.6	13383	17354.3	11635.9	12365.5			13578.3	13838.7	11275.1	10336.9	14340.6	18026
Q7T3B8	Q7T3B8_DANRE	naa10		101637	87362.3	98130.9	108385	106960	110009	102266	97840.9	65418.5	105500	108335	108624	109693	114703	106525	98873.7
Q7T3C0	Q7T3C0_DANRE	aimp2		22363.5	25658.6	27153.4	31267.9	26293	28224.4	29490	33900.9	32671.4	40498.1	19330.1	27271.8	14347.2	16268.5	32553.8	42821.5
Q7T3C1	Q7T3C1_DANRE	tcea1		45702.2	42708.8	49988.8	53701.3	49775.3	48948.8	55944.8	50827.1	42304.1	45079	58914.6	53782.9	66247.6	62683	55300.6	57320.1
Q7T3C6	CPSF5_DANRE	nudt21		106169	101680	101045	99976.9	109061	100062	115938	110720	78854.2	99472	98278.5	94126.7	102344	106183	96252.6	94649.9
Q7T3C7	RT4I1_DANRE	rtn4ip1		58124.9	54843.4	50875.5	47461.9	42655.3	41979.2	48172.1	47742.2	58928.9	57415.9	62908	58807.8	58483	55971.9	40948.1	42708.9
Q7T3C9	Q7T3C9_DANRE	srp19		85845.1	89694.8	97123	96814.7	81158.7	84386.1	92822.6	95028.3	81311.7	81272	90693.4	83576.3	87221.3	83615.3	81400.6	79368
Q7T3D3	Q7T3D3_DANRE	gnai1		52747.3	51075.4	44381.4	43747.8	46792.1	50375.9	42537.8	40420.6	60271.2	49734.4	38436.1	44470.4	49160.5	56247.3	54790.7	56309.2
Q7T3D5	Q7T3D5_DANRE	pdcd6		39923	43496.9	38236	35261.6	36428.3	38515.4	35467.6	36019.5	30106	41908.8	49192.2	37016.5	49763.3	41886.9	39147.5	37062.4
Q7T3D6	Q7T3D6_DANRE	gpc1b		29974.2	34861.8	34080.2	37170.6	32086	39712.6	28701.1	41079.5	29708.2	55070.4	17513.5	21741.8	18704.2	24475.8	67562.7	69557.2
Q7T3E1	Q7T3E1_DANRE	diabloa					7075.6	9152.7	7673.02		7395.4		9691.51	7460.88	9712		10126.7		9917.6
Q7T3E4	DBR1_DANRE	dbr1		33595.4	11827.5	45353.7	47563.8	43690.9	42346.9	45641.1	44087.3		31556.3	28687.5	27219.4	43675.2	38888.2	30999.1	47087.7
Q7T3E5	KAT3_DANRE	kyat3		25768.6	27129.4	7122.63	7991.8	14236.2	13452.1	27348.8	27033.9	14987.3	16531.2	15567.5	18285.5	19653	21754.4	10426.9	9191.21
Q7T3E6;Q8JIR0	BMI1A_DANRE;BMI1B_DANRE	bmi1a;bmi1b		21215.6	24894.9	19380.5	23423.2	24368.6	20527.1	22602.5	20050.6	15692.4	13930.2	23303.3	27948	24182.5	18203.5	22728.3	19672.6
Q7T3E8	MFR1L_DANRE	mtfr1l		20073.2	19511.9	16889.1	16363.1	18331.1	17709.4	14512	16693.5	22729.4	14794.6	15149.3	14753.2	22503.8	21550.6	16934.3	16449.3
Q7T3F3	Q7T3F3_DANRE	ube2nb		89575	102192	124039	137656	104122	137832	122395	139328	177568	158489	77811.6	76332.7	78232.1	95907.1	170816	225553
Q7T3F7	CHRD1_DANRE	chordc1		22210.6	22790.3	17103.4	19820.2	18425.7	14763.2	17966.9	17495.3	21573.1	19738.5	22474.9	18420.3	19551.9	18622.6	16445.1	15385.2
Q7T3F9	Q7T3F9_DANRE	mrpl39		22536.6	14950.2	14815	19973.2	14467.8					25285.6	25701.5		23614.2	18330.8	21891.5	
Q7T3G2	Q7T3G2_DANRE	ywhah		1.38683e+06	1.33258e+06	1.40022e+06	1.37591e+06	1.3322e+06	1.39988e+06	1.36711e+06	1.35519e+06	1.68341e+06	1.83998e+06	1.40509e+06	1.3604e+06	1.39505e+06	1.38423e+06	1.63481e+06	1.81771e+06
Q7T3G4	Q7T3G4_DANRE	pgam2		56842.2	52208.1	36622.7	34529.1	46306.4	39400	40817.3	37941.9	46165	44355.6	50215	48378.2	52160.4	51828.9	90983.9	98563.7
Q7T3H1	DCTN2_DANRE	dctn2		293423	284489	289733	290907	274463	262254	290206	277347	268978	256943	335300	305712	307778	303885	264856	279547
Q7T3H4	Q7T3H4_DANRE	gas6		4431.73	10608	11381.6	11812.1	14403.6	6351.64		4935.78					7992.89		5262.05	6002.04
Q7T3H5	Q7T3H5_DANRE	gpd1c		42867.2	41241.8	47158.8	50779.7	38013.5	33343.4	28307.8	27076.1	37234.8	35359.1	29896.1	31225.6	23180.4	26022.7	76051.7	79958
Q7T3H7	MED18_DANRE	med18		27344.6	30196	29615.6	29655.2	26055.1	26286.6	29520	33117.3	15918.6	17414.5	29926.2	25687.8	32507.4	35038.1	12000.7	20126.3
Q7T3H9	HYI_DANRE	hyi		59333.1	60079.9	73700.4	72279.3	68223.6	67020.5	57865.4	60181.4	54109.3	60392.2	53644.5	48879.6	59412.3	55050.9	49928.1	50988.3
Q7T3L3	Q7T3L3_DANRE	hsp90b1		173033	173060	175227	175085	177198	167728	171097	163552	148491	147855	174602	174229	189098	182722	173133	178066
Q7T3T6	Q7T3T6_DANRE	tnr		285683	300808	280301	294197	272791	272501	244330	237267	342057	341421	233130	224127	265029	246815	304409	320026
Q7ZSY2	Q7ZSY2_DANRE	mdh1ab		915369	893764	1.43413e+06	1.39206e+06	964504	996198	953684	979282	325447	594969	888651	908297	802201	837033	429531	317583
Q7ZSY3	Q7ZSY3_DANRE	smarca4a		31534.1	32709.5	31132.7	29091.2	29764.5	28540.3	33973.4	38375	25795.1	26114.6	36662.7	37142.6	41707.6	42374.1	24862.3	23034.7
Q7ZSZ0	Q7ZSZ0_DANRE	rab1ab		100603	110178	138254	144486	130989	134523	118347	123328	192183	157705	122689	116434	82092.7	94570	150050	168651
Q7ZSZ9	Q7ZSZ9_DANRE	rac1a		205304	201106	208787	215067	212352	237339	206211	225786	173154	206997	200587	186828	175376	181196	273456	286616
Q7ZT42	SND1_DANRE	snd1		126009	125730	116779	120124	129498	133851	127770	136512	104495	138884	112611	120661	128506	130063	146346	164034
Q7ZTH6	Q7ZTH6_DANRE	hadhb		125637	129389	96584.1	91948.9	98074.4	98051.8	107761	105020	142404	130798	124767	109629	125119	115114	124912	134028
Q7ZTH9	Q7ZTH9_DANRE	ivd		220307	225636	192398	179441	197562	201540	188529	195176	241956	247391	174550	170220	160268	176593	250011	261410
Q7ZTI0	Q7ZTI0_DANRE	ssb		203494	217142	234688	232830	233644	240200	238314	246273	213581	227261	236954	236551	229549	224901	247302	249206
Q7ZTI4	Q7ZTI4_DANRE	uchl1		322803	305880	279735	301803	308896	316954	297567	289357	330025	391540	306589	313054	286584	269936	373423	405835
Q7ZTI5	MED21_DANRE	med21				18547.7	26269.7	30695.7		22687.8	21601.8		28922	44088.8	39139.5	25581.4	24290.7	18129.3	24292.2
Q7ZTS4	K1C18_DANRE	krt18		1.01368e+06	1.02708e+06	808227	824979	935790	959651	713561	717523	926698	882335	803259	770386	779992	720904	1.44027e+06	1.4635e+06
Q7ZTT0	Q7ZTT0_DANRE	zgc:56685		2.46325e+06	2.52368e+06	1.84661e+06	1.99618e+06	2.21075e+06	2.08875e+06	3.6435e+06	3.62392e+06	442809	779190	869486	901214	1.48088e+06	1.62427e+06	1.71928e+06	1.55021e+06
Q7ZTT4	Q7ZTT4_DANRE	clic4		121954	127854	133515	131763	125415	132149	98372.9	113484	114123	112297	126034	125395	124561	116288	154917	154911
Q7ZTT5	Q7ZTT5_DANRE	adkb		14685.8	12526.9	9602.48	15201.8	13014	11504.4	11659.5	11667.3	14506.6	9763.45	19215.6	15937.1	14220.4	17129.8	11891.5	11121.3
Q7ZTT8	Q7ZTT8_DANRE	ndufa4a		265739	268548	280492	255197	286676	265466	254092	277392	206546	267483	269937	261688	262342	297090	220138	267716
Q7ZTU4	Q7ZTU4_DANRE	pafah1b3		157535	138093	125401	132444	118592	115237	122665	119596	144699	145123	125052	117429	122998	110449	139899	159756
Q7ZTV3	Q7ZTV3_DANRE	mbd2		22890.6	23090	24478.1	23560.3	26879.5	20869.6	23826.3	26188.1	28834	32154.8	29459.1	21909	33848.1	30029.4	25187.5	25635.5
Q7ZTV8	Q7ZTV8_DANRE	clns1a		27716.7	21159.6	26683	25070.2	27931.3	20781.1	29442.9	28527.6	25487.7	22573	28669.5	27105.8	35262.3	39339	28933.3	25743.9
Q7ZTW6	Q7ZTW6_DANRE	cyp3c1		67272	53922.5	68358.4	67087.8	65929.4	67837.7	67453.4	80250.7	70478.3	69782.4	52818.5	64215.8	94066.6	70328.7	52505.1	53417.4
Q7ZTX2	Q7ZTX2_DANRE	wdr5		67886.5	68291.4	57413.2	51858.8	64755.3	65258	84554.5	80232.3	46850.6	55762.2	65915.4	63478.9	76753.4	69927.9	53559.7	57986.8
Q7ZTX7	Q7ZTX7_DANRE	mfap1		41716.8	42059.8	42740.9	40050	40861.7	39599.5	44872	45312.3	39110.8	44452.6	47295.2	47738.5	48929.1	49230.4	36743.7	48611.5
Q7ZTY3	Q7ZTY3_DANRE	zpr1		21425.3	17851.9	18092.8	18638.4	18913.5	17771.8	20483.9	15137.8	24365.4	13572.9	20139	15144.9	22228.2	22103	13339.6	19067.6
Q7ZTY4	RBBP7_DANRE	rbbp7		209591	202771	235353	246540	213556	217934	201085	211813	229617	207277	261993	266604	224980	203290	216213	209745
Q7ZTY5	Q7ZTY5_DANRE	eif2b3		46063	46081.4	48333	48487.1	51503.2	52434.2	46423	40638	46014.1	47817.2	47982.1	45919.8	47442.9	51657.9	39680.9	44799.4
Q7ZTY7	USE1_DANRE	use1			3660.95						3298.5	6104.87	4046.93	1892.1	6217.93				5958.3
Q7ZTY9	Q7ZTY9_DANRE	snrnp40		108702	103987	105817	100782	109426	99098.9	113359	110523	98995.8	93148	116210	118261	118126	119784	93052.1	98850.7
Q7ZTZ1	Q7ZTZ1_DANRE	rbm28		16869.6	9626.1	14461.3	16482.6	16478.8	15175.1	16825.9	14902.3	18958.5	11476	19676	18589.6	20804.5	22957.8	12903.2	10084.5
Q7ZTZ3	Q7ZTZ3_DANRE	pmm2		79834.8	84830.5	75628.3	70897.6	79194.8	79943.8	89837.8	90051.6	78094.2	73700.5	89712.1	79645.5	95674.7	91956.9	71519.2	74173.5
Q7ZTZ4	Q7ZTZ4_DANRE	fbl		103779	102425	113841	114800	126384	128857	112484	106682	128142	131509	115229	110460	115513	111930	107779	116393
Q7ZU12	Q7ZU12_DANRE	cp		210676	218051	363627	365830	174079	172038	216341	215192	144405	154164	265040	266907	210016	217195	345503	375681
Q7ZU18	Q7ZU18_DANRE	acat2		292944	285497	273260	263265	245004	251503	288453	304785	248501	243880	342010	307263	329165	317376	201535	213927
Q7ZU20	Q7ZU20_DANRE	psme3		68097.6	76667	63501.5	67448.2	70867.9	65467.7	77156	68544	81193.2	66375.4	75318.9	65869.1	85580.8	74440.9	61709.9	53899.6
Q7ZU29	NUP93_DANRE	dye		45131.1	53658	54495.6	54279.4	52997.5	54926.6	53065.9	51532.6	66716.9	56347	46787.3	45229.8	52163	49549.1	71741.2	80227.7
Q7ZU42	OLA1_DANRE	ola1		116534	109185	113767	111740	110233	116827	110276	113709	102813	104652	112026	109451	120838	112724	97476.9	104768
Q7ZU43	Q7ZU43_DANRE	cpvl		33753.7	34269.7	42233.3	43684.1	44411.7	42711.9	45252.4	43667.4	63542.6	46871.5	41807.3	39288.2	45966.2	44656.7	42840.8	45765.7
Q7ZU46	Q7ZU46_DANRE	hspa4a		148856	142157	123682	127562	144895	139496	141179	146648	169603	156158	147187	151295	146744	139171	148183	155513
Q7ZU48	Q7ZU48_DANRE	hnrnpa0l		327736	309112	310594	327714	363248	358448	345639	340646	481915	399079	332220	342308	334235	337854	393852	393360
Q7ZU67	Q7ZU67_DANRE	eif4a1b		216347	198099	221900	227359	223763	213561	208612	218806	227685	212237	251957	234754	215871	217761	228481	230484
Q7ZU69	Q7ZU69_DANRE	psmd13		101855	112901	106949	116864	98293.7	104523	99704.6	106762	118472	124876	104198	101396	123458	118775	148660	179580
Q7ZU80	LNPA_DANRE	lnpka								8960.7			21046.9					29902.2	49471.9
Q7ZU85	Q7ZU85_DANRE	lpp		47896.5	43231.7	52288.6	59372.7	55114.2	54787.2	53587.3	55727.4	27301.8	30572	56838.1	52034.6	56395.7	50409.3	60189.3	59023.6
Q7ZU89	Q7ZU89_DANRE	arcn1b		101059	95090.7	92710.8	95195.8	98190.3	94728.7	98899	102413	102328	107046	101856	98080.8	109020	102321	106583	114211
Q7ZU90	CHD1L_DANRE	chd1l		8511.11	12951.2	11547.5	10645.1	6978.78	9542.44	8652.24	11710.1		9548.18	6823.2	6756.94	8231.2	9574.28	11779.5	13650.1
Q7ZU92	PARN_DANRE	parn		37179	39654.7	39128.6	34094.5	38884.2	39094.1	37067.7	36154.9	84871.6	44422.5	41648.8	34145.1	44067	42159.6	44776.9	49145.4
Q7ZU93	Q7ZU93_DANRE	snu13a		72089.3	68094.7	74487.7	80939.2	90105.9	92562.5	83963.1	90779.4	111229	88191.2	82584.6	79637.8	77725.4	69596.8	97432.4	114130
Q7ZU99	TERA_DANRE	vcp		315889	308012	319596	322271	320860	327720	319846	323467	391888	367451	324293	318955	308908	317161	379589	410977
Q7ZUC1	Q7ZUC1_DANRE	vamp8		27481.6	25740.4	28704.3	25098.4	24349.2	23572.5	26108.8	24305.6	29600.7	24066.8	25688.2	24943.3	31019.8	26755.5	39890.8	33736.2
Q7ZUC2	CAB45_DANRE	sdf4		40004.1	38415.5	29785.3	29761.3	41808.7	46393.6	40558.1	43069.6	51439.5	34694.6	38024.3	32561.6	37528.8	37829	43691	37523.5
Q7ZUC4	Q7ZUC4_DANRE	ccdc6a		19135.9	19665.2	23418	19428.8	26448.1	25487.5	20063.6	20815.4	29417.9	18141.5	21200.4	20208.8	25981.4	21293.3	27584	22012.3
Q7ZUC7	PGES2_DANRE	ptges2		108440	106722	98584.6	93578.6	100235	101422	96545.9	98547.1	145521	135366	129140	129180	127034	130207	85122.2	86091.5
Q7ZUD3	Q7ZUD3_DANRE	gmfb		424855	403400	362650	348302	335906	315825	350564	348109	295373	310745	474755	493993	437356	449671	323595	324825
Q7ZUD5	Q7ZUD5_DANRE	galcb		8633.48	10528	7876.07	8924.25	4852.53	6619.78	10588.9	8639.53	8891.94	10732.2	11284	10570.7	8234.9	9871.76	6256.1	5198.24
Q7ZUD7	Q7ZUD7_DANRE	cog2		12088.4	22483.5	13462.4	16491.5	16587.9	11031.3	17625.4	19282.4	24305.9	23574.4	17753.4	21323.8	19971.2	14516.6	17916.6	20005.2
Q7ZUD9	Q7ZUD9_DANRE	naalad2		24285.9	22952.9	20809.7	20434.8	55275.4	48348.2	24065.7	21828.7		16812.6	50575.3	45386.5	54864.6	45347.6	31560.2	32660.3
Q7ZUE4	Q7ZUE4_DANRE	prpf40a		23518.3	19294.3	17958.8	22099.9	26149.4	29058.9	25599.6	26326.8	28423.9	26398.2	21144.8	22618.4	19766.8	23392.9	27957.4	26421.4
Q7ZUF3	Q7ZUF3_DANRE	ube2h		28195	26795.5	20649.3	20701.5	26116.3	29902	32098.1	32440.9	26985.7	27370	41020.5	34666.3	28986.9	35168.4	29104.1	29442.7
Q7ZUF5	Q7ZUF5_DANRE	tm9sf2		29447	27671.9	30996.2	36165.8	39716.8	40295.1	33791.6	34396.1	58477.4	54880.2	27155.4	46371.1	27962.1	24637.1	47850.1	52508.3
Q7ZUG0	RUXE_DANRE	snrpe		11294.9	13850.3	9952.86	10365.9	9810.37	11693.5	9900	7696.54	10547.4		13513.4	15019.3	14371.2	15687.8	13839.2	13169.5
Q7ZUG1	Q7ZUG1_DANRE	rpl12		166668	173814	220650	230520	210705	257063	200687	203287	371095	371932	169645	191181	144432	160235	387177	456938
Q7ZUG4	Q7ZUG4_DANRE	rab5ab		81902	87248.5	91541.6	103349	87727.6	101090	87001.2	86705.8	91446.9	95404.8	81140	85916.1	68109.6	82511.3	93317.7	93662.1
Q7ZUG5	RS21_DANRE	rps21		91799.8	118202	127072	160112	149745	206473	109058	125510	87581.6	209441	90449.4	88788.5	92694.7	94389.6	313256	356208
Q7ZUG6	Q7ZUG6_DANRE	rpl30		229556	237214	261849	276452	236221	243525	199164	235162	193847	208704	162138	170772	173584	177468	268149	279079
Q7ZUG9	Q7ZUG9_DANRE	tra2b		24504.9	30839.6	29078.6	25115.2	32883.4	38165.7	39088.8	27867.8	42636.7	39718.9	33412	23335.1	25702.7	23828.4	32902.9	39483.6
Q7ZUH1	RTRAF_DANRE	rtraf		38896.5	41476.7	38565	41411.6	37411.1	44424.4	42174.2	44743	39298.2	43685.7	35880.9	36164.8	43488.1	36509	52203.2	52209.6
Q7ZUH5	RM14_DANRE	mrpl14		7959.88	8085.64	8694.52	8297.04	6496.49	5151.32	3784.92		4926.73	3373.15		3453.21	4769.45	5934.42	3726.13	4509.24
Q7ZUH8	Q7ZUH8_DANRE	mgst3a		40131.7	37505.1	61370.4	64398.2	56750.1	50725.6	52795.6	54359.9	76249.2	82033.9	12036.2	15422.3	12245.3	13484.7	33506.9	34818.1
Q7ZUI0	Q7ZUI0_DANRE	rpl5a		56316.6	47692.9	54946.5	45975.9	64787.1	56740.3	54133.5	54368.9	39686.9	39784.1	46907.2	58550.1	70110.3	77956.4	37398.9	39486.7
Q7ZUI4	Q7ZUI4_DANRE	txna		756425	887005	979643	1.04554e+06	1.02283e+06	1.20911e+06	924938	1.10267e+06	1.36893e+06	1.64069e+06	859261	899080	564212	586851	1.65798e+06	1.93235e+06
Q7ZUI8	Q7ZUI8_DANRE	eif1		103824	112149	101315	108627	120412	120993	123134	123455	118979	129199	113687	113977	105228	108570	98982.6	124442
Q7ZUJ3	Q7ZUJ3_DANRE	mpc2b		82266.2	85795.7	66895.2	65447.6	70260.5	73945.1	86075	83746	69443.3	68702.1	45000.1	49807	62628.7	62341.6	47105.6	49138.7
Q7ZUJ4	Q7ZUJ4_DANRE	bcap31		123495	121766	127575	125994	127743	122221	112096	121011	108290	120901	132355	123867	120581	132999	125642	120624
Q7ZUJ8	Q7ZUJ8_DANRE	psmb3		80211.9	82441.5	122419	124280	116027	111520	99881.5	103443	136924	121782	71369.3	81576.5	80188.6	77408.2	125970	135564
Q7ZUK1	Q7ZUK1_DANRE	ube2d2		19626.1	20311.2	18033.5	19485.6	24378.8	26490.6	20769.7	26023	22082.4	29516.4	16912.7	14566.7	12857.6	16353.3	18046.4	22110
Q7ZUK7	WAC_DANRE	waca				20075		20087.1		22270.2			21147.6			25275.3			25800.4
Q7ZUL1	Q7ZUL1_DANRE	slc16a1b		134855	144409	111680	109413	101339	102457	101015	97891.1	100681	104140	123804	120274	94351.6	105237	95835.8	111121
Q7ZUL4	Q7ZUL4_DANRE	prpf4bb		23072.3	20739.8	23700.8	19613	18677.6	18239.3	26412.1	23138.1	22561.6	17376.8	21851.2	20703.8	27189	20954.3	19317.9	21851.5
Q7ZUL7	Q7ZUL7_DANRE	rbpms2b		13102.1	31108	50747.2	60590.7	38769.9	41427.8	19391.4	22645		23390.8	23384.6	22759.9	22742.5	33296.4	27426.8	26214.6
Q7ZUL8	Q7ZUL8_DANRE	zgc:55558		56103.6	57796.5	44944.5	45905.2	48693.2	49596.2	57205.6	59642.5	62668.6	57302.6	60258.3	54850.6	54759.9	53111.1	51847.6	51090.6
Q7ZUL9	MGRN1_DANRE	mgrn1		8750.69	10362.4	7642.82	7561.98	5341.82	6626.35	8183.64	8956.6		6890.51	8711.44	8322.88	7742.85	10734.8	11270.6	8196.72
Q7ZUM0	Q7ZUM0_DANRE	ywhaqa		1.04052e+06	1.05796e+06	1.14467e+06	1.12068e+06	1.07167e+06	1.07269e+06	1.07857e+06	1.14754e+06	1.11905e+06	1.19362e+06	950555	978290	1.01843e+06	1.04936e+06	1.13241e+06	1.25216e+06
Q7ZUM3	Q7ZUM3_DANRE	hk1		368862	369724	292946	282203	306177	311886	298582	308184	381037	378322	323892	312032	317323	326793	328420	353529
Q7ZUM4	Q7ZUM4_DANRE	nudt3a		21147.9	22738.2	15330.4	19733.5	20120.3	18168.4	18381.6	20031.3	24589.7	15521.5	18894.6	25525.1	24399	23928.2	13692.7	17049.2
Q7ZUM5	Q7ZUM5_DANRE	hspa4b		101603	102038	114057	123576	114082	117253	112849	117385	130089	131130	113305	108305	94167.1	94602	141333	153522
Q7ZUN3	Q7ZUN3_DANRE	dmap1		20218.5	20491.1	18545	16548.2	20619.1	19841.1	21854	18986.3			22512.1	15234.7	20386.5	21389.5	14528	12541.5
Q7ZUN6	Q7ZUN6_DANRE	paics		50490.1	47346.2	45417.2	43481	42510.2	40698.7	49804.7	49368.8	29988.7	43569.8	65720.4	65304.3	65693.2	59561.2	46474.6	48302.6
Q7ZUN7	Q7ZUN7_DANRE	ckmt1		465484	441971	420789	426528	309264	313564	302171	287750	296128	289642	284265	279221	347599	344755	285672	285824
Q7ZUN8	YKT6_DANRE	ykt6		89665.5	90179.4	85350.4	88813.1	74536.9	69553.6	85266.2	85064.3	60076.6	60149.8	98597.8	85776.6	93722.8	95618.7	81501.4	76095.7
Q7ZUP0	AN32A_DANRE	anp32a		357814	356382	395250	418419	418084	415794	428931	445444	364610	361360	331923	335046	355596	403897	456480	461913
Q7ZUP4	Q7ZUP4_DANRE	eif5a2		225761	245316	250447	238746	214822	214127	236685	224565	192418	220750	258535	238049	246459	251133	262307	252777
Q7ZUP5	Q7ZUP5_DANRE	dnaja2a		226020	218511	224284	207642	215766	209331	218464	213295	213502	210278	230952	221908	254686	240893	247866	249951
Q7ZUP6	Q7ZUP6_DANRE	idh2		7.65861e+06	8.02159e+06	6.82494e+06	7.1919e+06	6.25363e+06	6.50684e+06	5.56572e+06	6.21928e+06	8.45046e+06	8.35884e+06	6.06576e+06	5.73561e+06	6.06567e+06	6.07194e+06	7.5603e+06	8.09188e+06
Q7ZUQ0	Q7ZUQ0_DANRE	arpc1a		134171	133408	116392	117325	119838	116505	123247	124057	98426.2	106072	138404	136739	129870	146069	124295	124946
Q7ZUQ1	Q7ZUQ1_DANRE	cdc42l		170632	181895	203018	185408	166015	166311	157304	137231	219861	146417	199490	191021	176340	178922	200449	208598
Q7ZUQ2	Q7ZUQ2_DANRE	ppp2r5eb		98873.8	93491.8	89826.2	84604.4	83593.1	81823.2	81845.1	79564.9	94834.6	80411.7	97523.1	96114.5	106837	96599.3	85565.8	87944.9
Q7ZUQ3	STK3_DANRE	stk3		29848.5	32765.4	33332.4	31950.8	32275	32977	33038.6	38476.9	46372.4	29127.6	36592.1	32265.9	37361.5	33073.3	26588.6	26374.7
Q7ZUR1	Q7ZUR1_DANRE	capn1		19717.3	18643.2	23439	17778.1	18648	17685.3	17136.6	15492.2	16389.2	18084.1	14976.1	20746.1	23362.7	22420.6	25846.1	21380.7
Q7ZUR4	Q7ZUR4_DANRE	capza1a		172045	167579	178401	180068	168423	168351	173637	170432	143866	171863	191899	185968	172424	163694	194929	194810
Q7ZUR7	Q7ZUR7_DANRE	tnni2a.2		11723.2	12829.3			19851.6	21121.5									61320.6	65532.7
Q7ZUR9	Q7ZUR9_DANRE	rpl13a		188573	211304	195368	207145	199584	211618	207036	231746	158690	257930	156193	158836	141923	160425	266534	301491
Q7ZUS2	Q7ZUS2_DANRE	nucb2b		15478.3	16806.1	15934.9	11400.1	9729.01	17862.4	12688.4	14897.7		7993.44		19256.1	12659.5	23886.3	12174.1	17365.9
Q7ZUS3	Q7ZUS3_DANRE	gad1b		248308	234943	204165	219364	260912	254992	232712	235956	255149	281646	195462	202421	183261	178575	230770	234043
Q7ZUS7	Q7ZUS7_DANRE	ppp6c		134732	128001	131161	124648	124552	115435	133523	140987	156618	145513	136293	123099	120719	122682	136911	128469
Q7ZUS9	Q7ZUS9_DANRE	etfa		567730	562603	658469	703468	610488	663005	559161	586681	725511	741800	517214	511942	501889	504486	656441	717757
Q7ZUT5	Q7ZUT5_DANRE	arpp19b				10251.2	12231	14798.2	14260.9		10976.5								9650.11
Q7ZUT6	Q7ZUT6_DANRE	chn1		25240.7	26184.5	29406.8	26941.5	29817	25801.3	27317	27576.5	26608.5	20420.2	36756.7	29006	32457.9	31128.2	24637.9	23922.7
Q7ZUU1	UNC50_DANRE	unc50		40807.6	34686.6	35733.5	35857.9	35731.3	32238.4	29702.5	34578.9	61725.8	37562.9	41377.8	39157.5	24597.9	30755.3	41377.8	41584.6
Q7ZUV1	PKHF2_DANRE	plekhf2		11360.6	13024.9			8260.61	8191.14	15782.1	14688.2		4825.45	6869.08		13880.7	11185.6		3864.67
Q7ZUV2	KTNB1_DANRE	katnb1		20499.9	13919.8	15270.9	20077	27131		25957.5	26434.1	19937.8		30657.7	35167.2	37360.3	41291.1	23642.8	
Q7ZUV3	Q7ZUV3_DANRE	gde1		57732.6		35601.7		37999.1		40587.7		69324.9		58952.3		63340.7		33078.5	38804.9
Q7ZUV5	Q7ZUV5_DANRE	rab1ba		162385	175929	209212	201099	199457	199152	167284	177965	247003	203495	165772	162794	165074	187028	192122	210332
Q7ZUV7	EMSY_DANRE	emsy		12890.2	12733.7	13038.5	10740	13372.6	11543.6	12633.9	12445.9	10591.4	12222.9	14399.7	15282.5	15668.9	16513.1	11311.4	10193
Q7ZUW2	HYOU1_DANRE	hyou1		82137.6	81311.5	64574.2	69604.7	80064.4	86583.3	89319.7	92122	66658.6	78870.8	65449.3	67472.4	71200.6	70337.8	80025.6	84141.5
Q7ZUW5	Q7ZUW5_DANRE	rab5aa		76848.4	72483.1	90707.6	94298.4	88458.2	89679.7	71529.6	70450.9	128410	112181	66782.9	68256.5	61355.5	60795.8	110081	131835
Q7ZUW6	WIPI3_DANRE	wdr45b		22630	21908.4	19377.2	11308.8	23530.9	30158.5	30290.1	28646.3		21123.4	26818.5	23235.9	23898.7	28222.5	15312.2	18962.4
Q7ZUW8	Q7ZUW8_DANRE	got1		2.15834e+06	2.24914e+06	1.94347e+06	1.95626e+06	2.34591e+06	2.49136e+06	2.0429e+06	2.13053e+06	2.48959e+06	2.74083e+06	2.09498e+06	2.19427e+06	2.14191e+06	2.00741e+06	1.83207e+06	2.08588e+06
Q7ZUX3	WIPI4_DANRE	wdr45		9767.72	13507.2	10018.4	9946.89	13947.8	11012.8	13437	11148.1	11630.3	8731.27	12522	8306.97	12640.5	12667.7	12744.4	10038
Q7ZUX5	Q7ZUX5_DANRE	rtca			12642.5	18849.9	24361.2	19663	20907.4	8752.37	17372.7		25045.9	10852.7		13036.7		26111.9	26503.3
Q7ZUX8	Q7ZUX8_DANRE	dynlrb1		473981	473742	515897	496618	500065	487540	486505	454515	537098	507889	612758	594198	560346	561326	515490	530581
Q7ZUY0	Q7ZUY0_DANRE	seta		326657	321621	351387	355880	355708	357509	354461	335706	351653	377867	357938	349105	315441	321620	355292	378982
Q7ZUY2	Q7ZUY2_DANRE	emc8		16322.1	15063.3	20132.3	14840	13571	11080.2	14985.9	13016.6	11900.6	11764.7	20497	18224.2	22127.5	18758.1	14607	11387.7
Q7ZUY3	H2AX_DANRE	h2ax		1.20012e+06	1.14449e+06	1.93671e+06	2.03362e+06	1.92001e+06	2.06756e+06	1.84715e+06	1.84991e+06	2.22703e+06	2.09211e+06	1.51168e+06	1.21526e+06	857034	979611	2.00637e+06	2.47442e+06
Q7ZUY4	Q7ZUY4_DANRE	nucb2a		130375	126199	118569	124869	120151	116333	125840	121997	138132	132311	143789	141541	144833	134458	106873	107456
Q7ZUY9	Q7ZUY9_DANRE	stt3a		85526.8	73323.8	74218.6	81148.4	88898.5	86025.4	84326.3	94024.5	56550.7	91903	70440	71296	72406.5	72921.2	77513.7	80858.5
Q7ZUZ0	CSN8_DANRE	cops8		55849.1	51539.3	44961.8	46458.8	55499.7	51217.3	42782.7	45052.2	104571	59528.6	62889.7	45894.2	55515.6	53789.4	67049.8	67302.6
Q7ZUZ2	Q7ZUZ2_DANRE	actr1b		228860	242137	235407	233505	204859	205269	228541	227823	188866	184223	166960	173713	207925	216911	214376	217769
Q7ZUZ4	Q7ZUZ4_DANRE	pdcd5		57188.8	66710.4	42763.3	51591.9	58924.7	67204	66495.8	72802.8	66769.5	70775.5	43301.7	44699.4	53423.5	53316.8	70655.7	79849.6
Q7ZUZ7	Q7ZUZ7_DANRE	arf2b		242533	256962	254835	274659	232953	260285	209649	228549	496808	428683	254044	243178	306103	310611	457002	531071
Q7ZUZ8	Q7ZUZ8_DANRE	znf330		8700.57	7100.53	4894.07	5464.68	7389.62	5659.41	7513.81	7231.75	6454.86	9803.96	9561.8	10443.1	7560.99	6848.83	8933.32	6490.05
Q7ZV03	VP26B_DANRE	vps26b		25722	22199.9	21872.3	22159.8	25134	27252.9	27435.2	23146.4	25028.8	22095.1	26196.3	25225.9	29015.2	26781	28250.8	34148.8
Q7ZV05	Q7ZV05_DANRE	rps11		559119	576720	545964	521152	554042	534192	541041	543204	493286	597008	557838	546060	525641	540742	497385	493838
Q7ZV07	Q7ZV07_DANRE	rpn2		99664.9	100124	98827.3	100195	87244.5	92445.5	85842.7	89888.7	108548	103093	79873.7	82708.1	103895	95875	117503	133581
Q7ZV08	Q7ZV08_DANRE	scamp2		28672.3	26469	35467.8	38157.9	31223.4	41134.8	26699.8	24241.2	20665.8	38812	35507.9	20716.6	27197.7	24301.3	42898.3	48330.4
Q7ZV11	Q7ZV11_DANRE	polr2c		24035.8	30445.7	27697.9	22887.7	38390.9	28301.8	25598.4	30546.1	32883.1	29375.6	24496.9	29990.1	27462.6		30096.4	29108
Q7ZV13	Q7ZV13_DANRE	srsf2a		221767	167561	173101	167231	205840	172104	147241	120098	254235	184312	172695	231311	252949	184331	188029	227521
Q7ZV15	S22BA_DANRE	sec22ba		14003.9	17718.5	18102.4	14644.7	15587.8	13344.5	16175.3	17429.3	19345	12210.4	19252.5	18955.1	18508	17652.6	9624.07	10131.5
Q7ZV18	Q7ZV18_DANRE	stx4		30981.6	29159.9	36285.4	32776.9	32858.1	29347.3	26260.4	28290.6	22040.6	23030.1	35387.1	33447	31970.9	36366	33261.5	33551.1
Q7ZV21	Q7ZV21_DANRE	lztfl1		30519.8	31256.8	37206.4	37315.4	31633.3	37650.7	32426.3	40932.7	70089.7	54773.6	30479.5	35858.5	24176.6	26186.4	55326.4	64606.6
Q7ZV22	MTAP_DANRE	mtap		86112.9	90725.4	111863	119416	106377	102235	98252.4	101109	117053	135899	101559	109966	61228.3	88055	142333	150451
Q7ZV23	Q7ZV23_DANRE	snu13b		25762.1	20637.2	29731.8	36411.9	28662.5	30985.8	25306.3	25840.4	38419.5	26584.1	23873.7	24575	16696.8	23620.3	39042.9	40855
Q7ZV25	Q7ZV25_DANRE	tbca		60456.6	62246.1	57220.2	58231.9	60254.7	65263	64312.3	62105.9	71026.4	62893.9	66140.4	64555	59676.9	60425.4	68395	62937.8
Q7ZV26	SOSSC_DANRE	inip		10098.2	10657.3	11262	10685.8	8895.98	10391.4	11088.4	10249.4	12926.4	12933.6	10755.2	7646.21	11910.5	10063.2	7991.55	13180
Q7ZV27	Q7ZV27_DANRE	dmac2l		121600	122012	109219	108092	112706	114778	102963	107043	91036.9	103261	113441	101998	106357	114349	104520	106985
Q7ZV29	Q7ZV29_DANRE	pgk1		3.58132e+06	3.60439e+06	3.54684e+06	3.47476e+06	3.42166e+06	3.52048e+06	3.64588e+06	3.77529e+06	3.83071e+06	3.57529e+06	3.47522e+06	3.34802e+06	3.59649e+06	3.71553e+06	3.8001e+06	3.80916e+06
Q7ZV32	Q7ZV32_DANRE	hmgcl		23212.5	31949.9	39274.7	47055.8	51829.5	52803	35230.9	33369.2	78546.1	53786.9	29595.9	25698.1	23362.5	24484.5	45429.2	66470.1
Q7ZV33	Q7ZV33_DANRE	tm9sf3		48155.3	41665.5	48764.4	45752.6	45860.4	39921.4	45086.6	43769.7	44496.5	45534.9	51256.9	50021.7	47037.2	50852.7	42022.5	40504.1
Q7ZV34	MCTS1_DANRE	mcts1		25393.9	35767.4	36447.1	37800.7	32906.7	41723.1	34443	34605.3	71972.9	64281.4	45552.7	28230.3	43925.6	43543.6	39361.5	54493.6
Q7ZV37	Q7ZV37_DANRE	ppme1		56837.6	58079.9	62312.2	66283.9	54557.4	55786.3	58627.2	53820.4	62397.8	65812.7	59597.5	69913.1	57339.1	62631.9	62309.8	63613.5
Q7ZV39	Q7ZV39_DANRE	zgc:56235		938423	949661	875064	874268	1.02963e+06	1.02012e+06	1.05571e+06	1.01679e+06	1.08183e+06	1.17408e+06	1.05766e+06	1.02097e+06	932879	890517	753064	789779
Q7ZV43	TOLIP_DANRE	tollip		99215.7	101706	108174	102399	108403	102734	107127	100375	110438	99139.7	119561	114784	128743	128397	92507.5	94268.3
Q7ZV45	Q7ZV45_DANRE	slc25a3b		60452.9	65503.5	38713.6	35502.5	42472.2	41500.7	81866.2	75429.9	64024.6	51999	27870.9	34488.8	43760.7	40774.2	42911	31019.6
Q7ZV49	Q7ZV49_DANRE	hprt1		122094	122753	125664	129954	132142	127142	130318	127482	122432	115659	131721	128527	124257	124372	139509	158343
Q7ZV53	Q7ZV53_DANRE	pdap1b		36586	31239.5	42281.7	44012.4	41570.1	48310.7	39365.6	40567.1	60978.9	57872.8	48946.4	45341.7	41330.9	34708.6	61213.7	67587.8
Q7ZV55	EIF3I_DANRE	eif3i		220114	218930	196709	212635	201768	219557	218763	245068	151852	212377	164622	176180	180053	189166	234207	251885
Q7ZV56	Q7ZV56_DANRE	cdc37		119566	117963	117908	116936	118265	115774	116716	117044	143064	139823	122481	121313	119049	121721	135182	127551
Q7ZV59	Q7ZV59_DANRE	synj2bp		24902.9	24141.5	14871.4	12471.1	25082.8	25356.4	23422.6	19558.9	15968.1	28286.2			18633.8	17257.7	20064	19044.2
Q7ZV60	BCS1_DANRE	bcs1l		33319.4	30372.1	29110.9	28867.4	23802.3	22414.9	25399.5	21143.8	32683.6	22701.2	29332	25308.1	31777	32020.4	23169.7	23068.1
Q7ZV68	VPS29_DANRE	vps29		145301	143995	110298	111803	126469	114392	138899	139583	67859.5	122080	120874	128323	136454	147705	133747	153034
Q7ZV76	Q7ZV76_DANRE	etfb		286484	303880	304600	321411	281141	298422	286868	296119	319229	333381	288753	270661	305177	275166	323402	354063
Q7ZV77	Q7ZV77_DANRE	psma4		60393.3	53743.2	83425	87121.7	108589	108426	85837.9	84215.7	130521	127473	60828.7	55951.7	66596.1	64339.5	134366	156649
Q7ZV80	SPF30_DANRE	smndc1		94354.7	90697.5	101392	91160.7	102980	93612.9	97677	94754.9	91785	91358.9	101700	102524	101670	98147.2	84522.7	92426.4
Q7ZV82	RL27_DANRE	rpl27		221432	229574	272044	280810	215278	236894	209001	209628	203694	218491	207715	202453	167213	192941	282316	279177
Q7ZV92	Q7ZV92_DANRE	prpf19		95681.9	90483.9	83813.7	79012.8	87580.1	86199.5	89361	86797.5	107264	99188.9	102157	99404.2	111682	108907	91655.4	86570.3
Q7ZV93	Q7ZV93_DANRE	gipc2		43029.9	44189	48085.9	48744.5	42110.8	40926.1	48209.7	45738.7	40960.2	42436.7	51176.9	45517.1	53654.6	49735.7	52081.6	46675.2
Q7ZV95	Q7ZV95_DANRE	gtf2f1		42126.9	41636	49931.1	47503.1	44441.7	42127.4	37624.2	49116.1	32098.5	69267.3	36706	44182	36414	39928.8	65070.7	68988.4
Q7ZV96	RL10_DANRE	rpl10		133645	143461	108918	115303	133514	132371	148803	143945	145551	126977	134957	117715	140013	133991	142929	136065
Q7ZV98	Q7ZV98_DANRE	syap1		21682.9	19676	19983.8	18484.9	22222	19083.2	15951.6	19064.9	23481.2	13648.2	25433.8	21912.9	23464.2	23453.3	19875.8	18363.4
Q7ZVA0	SMU1_DANRE	smu1		52270.1	52777.7	44139.1	38342	53321	54164	63014.3	68017.9	55312.3	54398.8	49040.1	50979.6	53521.3	51923.7	41226.5	44511.6
Q7ZVA4	Q7ZVA4_DANRE	s100a10b		1.05975e+06	1.1063e+06	800121	757679	886977	864525	1.03258e+06	1.03505e+06	707992	804144	1.00023e+06	974664	889025	863924	1.01013e+06	1.0638e+06
Q7ZVA5	Q7ZVA5_DANRE	ggctb		34068.5	33822.7	20300.3	19949.7	23618.1	27466.3	34159.2	28988.4	32418.7	33526.1	30880.1	30463	24428.2	23069.8	26982.4	29387.3
Q7ZVA6	IF4A3_DANRE	eif4a3		236350	226732	248185	239198	249523	240215	265807	256079	246415	228597	243536	246497	235669	245507	239603	230633
Q7ZVA9	Q7ZVA9_DANRE	hebp2		33973.7	31634.2	48164	47055.5	32184.1	34026.8	30612.7	30000.6	34131.7	30143.5	30349.9	31949.7	25607.5	29218.1	57100.2	58488.9
Q7ZVB0	Q7ZVB0_DANRE	parp3		106169	100085	107466	110107	119082	120467	109079	115522	115004	120547	127928	127371	160325	150563	111846	122137
Q7ZVB2	A9A1A_DANRE	aldh9a1a		789251	843294	937374	985025	952194	1.09538e+06	998228	1.05977e+06	1.10405e+06	1.20313e+06	796812	783881	924239	875205	1.60899e+06	2.29617e+06
Q7ZVB4	Q7ZVB4_DANRE	ephx1		250074	251305	301340	300528	342957	336467	362782	362880	276792	289022	346462	337982	380624	385027	307715	306771
Q7ZVC1	Q7ZVC1_DANRE	pdlim5b		27689.2	25259.8	24325.6	21686.5	26495.1	30284.3	26426.5	25245.2	21796.6	17768.1	26243.3	26668	24031.8	21499.7	32590.3	32775.3
Q7ZVC4	CHM4B_DANRE	chmp4b		123664	114247	117079	119365	110634	112334	114100	112256	150100	118494	123384	116210	117171	106982	114168	120177
Q7ZVC9	SMAP_DANRE	smap		51017.6	58606.2	67958	67317.7	43425	51553.2	44735.6	46775.3		73668.9	40610.6	61563.9	54707.8	43385.4	60929.8	75359.5
Q7ZVD2	Q7ZVD2_DANRE	nudc		82837.3	84475.2	82607.7	82174.3	81603.8	79949.8	86635	81189.7	81310.6	80589	82660	81349.7	81386.8	85701.5	94184	90316.2
Q7ZVD4	Q7ZVD4_DANRE	sf3a2		49272.1	47290.8	51874.7	51645	49944.5	50362.7	50855.4	53581.1	48577.3	53181.5	52644	48265.2	53853.4	52901.9	41817.7	43841.2
Q7ZVD9	Q7ZVD9_DANRE	rps3		286050	295697	322107	332200	326862	339734	313624	349224	303965	300505	230284	258186	261789	263991	360677	376954
Q7ZVE3	TIGRB_DANRE	tigarb		31785	32951.1	31603.3	35863.7	20499.1	25552.7	26433.6	26489.2	21659.7	20770.9	20148.9	18209.9	14950.9	17107.1	32710.2	23333.8
Q7ZVE6	PLGT2_DANRE	poglut2		13397.7	7426.84		4268.51	15921.2	12288.2	6510.63			13508.5	5008.77	5470.15	5679.55	6787.64	8099.23	8571.48
Q7ZVF2	Q7ZVF2_DANRE	glulb		91097.2	86914.2	144686	147893	140211	152195	88911.4	93014.9	100532	109787	124264	121840	106401	105135	93341.6	93467.8
Q7ZVF3	SDHA_DANRE	sdha		508648	500728	456901	452582	471077	478780	488613	480011	540838	537706	461753	480658	497948	488035	505370	536648
Q7ZVF4	Q7ZVF4_DANRE	rars1		115719	113076	117203	116830	106049	104765	107799	104173	104472	110875	120267	112162	116872	116884	116132	117486
Q7ZVF8	Q7ZVF8_DANRE	cyb5r1		143823	145138	151152	152229	146053	146139	150502	137890	143247	123587	148755	146750	151003	152741	152405	141551
Q7ZVF9;Q7ZVI7	ACTB1_DANRE;ACTB2_DANRE	actba;actbb		4.02003e+06	4.03154e+06	4.22452e+06	4.20226e+06	4.2484e+06	4.39335e+06	3.84835e+06	3.95559e+06	5.69377e+06	4.99341e+06	4.20118e+06	4.19965e+06	3.89818e+06	3.71604e+06	5.08922e+06	5.53413e+06
Q7ZVG1	Q7ZVG1_DANRE	acaa2		288002	282051	295174	303131	261988	255671	259552	253900	303814	285858	237321	234588	247251	244408	272629	289554
Q7ZVG7	Q7ZVG7_DANRE	fgg		236485	231662	380363	372992	314440	301249	311493	300676	154387	138986	313362	312648	309091	314651	418634	429369
Q7ZVI5	Q7ZVI5_DANRE	pde6gb		1.8097e+06	1.97573e+06	2.12266e+06	2.13366e+06	2.26894e+06	2.29382e+06	2.23351e+06	2.27022e+06	2.09853e+06	2.20499e+06	1.85776e+06	1.94604e+06	2.19721e+06	2.28094e+06	1.89571e+06	1.98573e+06
Q7ZVI6	Q7ZVI6_DANRE	tuba8l4			55208.9	78612.9	73794.7	84779.1	79084	66704.3	51075.9	325001	153214	43715.9	43766.2	46636.2	38768.5	128434	176725
Q7ZVI8	Q7ZVI8_DANRE	nploc4		114123	117849	107880	112494	116320	109096	122035	120152	108717	114071	115032	118694	110950	117916	108115	108130
Q7ZVJ9	Q7ZVJ9_DANRE	agps		22891.6	19028.4	18777.4	20988.4	24294.8	20055.6	26253.4	17019.3	21556.4	22563.3	20853.5	24326.7	23900.4	24312.8	12968.5	14635.3
Q7ZVK2	Q7ZVK2_DANRE	ube2g1a		28869.3	27495	29306.4	24305	27896.6	23020.2	24652.5	24934.8	21760.2	21189.8	27289.9	26956.1	26691.5	26783.7	27256.9	28834
Q7ZVK3	SIR2_DANRE	sirt2		58102.1	60972.9	65133	56722.2	61796.5	65373.1	55542.8	62092.1	67050.3	68023	59235.7	59905.1	49675.6	40605.2	73824.1	77109.3
Q7ZVK4	VPS36_DANRE	vps36		33919.8	37433.1	33648.5	31452.8	32970.3	37234.8	37073.7	42046	27731.9	27248.8	32471.1	30385.8	32587.7	32761.5	36343.3	32863.8
Q7ZVK5	Q7ZVK5_DANRE	pcbp2		318088	342201	385487	425310	342523	395760	335884	418430	323640	485259	276853	297539	223163	249994	481818	560919
Q7ZVK8	Q7ZVK8_DANRE	mapk3		177024	177523	157807	166576	164171	169317	160326	166664	154191	170133	157842	156511	145701	156421	172369	179759
Q7ZVL3	Q7ZVL3_DANRE	dlst		338700	372568	375696	406397	329877	365700	329409	342368	472167	505900	265315	249103	260072	253004	418448	478819
Q7ZVL9	Q7ZVL9_DANRE	gdi2		241974	262324	311578	324653	345748	384409	323851	333351	399473	405007	260087	242848	213737	227792	411190	516435
Q7ZVM1	WASC5_DANRE	washc5		20264.7	19697.6	17145.8	14241.6	11483.7	12452.6	15512	16866.2		13469.1	15940.6	23138	29573.2	21888.7	12074.6	8124.3
Q7ZVM5	Q7ZVM5_DANRE	tubg1		23768.3	21137.7	21915.5	19706.6	16416.8	16005.2	19271.1	18532.6	14608.7	11929.2	24660.3	24167.3	19856.5	23262.2	18303.5	17872.4
Q7ZVM6	Q7ZVM6_DANRE	tia1l		49401.7	49280.3	52914.8	56061.1	57526.1	56411.1	59989.8	54551.6	65172	63154	61144.4	67759.6	48086.9	47793.1	61814.6	58872.9
Q7ZVN5	SRP54_DANRE	srp54		20513.5	20825.5	22675.1	21716.4	22411.4	20365.5	21834.6	21874.1	16435.5	23840.1	22885	23437.1	24780.2	23500.9	23489.1	19885.9
Q7ZVP2	Q7ZVP2_DANRE	rab5c		112833	121173	142178	148908	128016	146731	109431	128626	159807	188429	83731.4	98065.5	84352	83913.4	178074	200669
Q7ZVP8	TM38B_DANRE	tmem38b		85612.3	82594.5	77577.8	74783.3	83388.9	79611.4	89095.8	77379.8	81777.7	82560.6	92057	91149.1	100418	97044.7	67667.6	77812.1
Q7ZVQ3	Q7ZVQ3_DANRE	wdr1		258687	254194	252676	262204	250758	259768	247945	249294	302921	307656	229619	232538	225194	235057	329952	367661
Q7ZVQ7	Q7ZVQ7_DANRE	trim25		80324	79336.4	86517.8	73971.5	78639.1	86137.8	69139.2	58646.6	85155.8	78655.9	53012	60305.4	58724.9	67028.7	98563	94260.9
Q7ZVQ9	Q7ZVQ9_DANRE	ppih		12274.4	12699.5	12343.6	13567.5	14915.5	14629.7	16713.2	14149.5	14446	13555.4	11384.8	9756.94	10010	11752.5	10144.4	9542.52
Q7ZVR3	Q7ZVR3_DANRE	ppp1cab		71922.7	80950.7	87425.1	87984.6	79035.8	82036.7	85712.3	78948.1	68067.3	81960.5	82326.7	83738.3	78434.5	78228	96644.6	99774.3
Q7ZVR6	MYNN_DANRE	mynn		21412.5	16326.4	17173.4	19719.7	18099	18853.4	29166.4	23472.4	19361	17180.5	17660.2	27817.4	24574.4	25202	13981.4	19441.5
Q7ZVS0	Q7ZVS0_DANRE	dnaja2b		132663	134924	151522	148458	132103	128963	129645	130075	139003	128627	142714	139408	129234	146484	152191	161490
Q7ZVS2	Q7ZVS2_DANRE	exoc3		20592.3	19317.4	17425.9	17103.4	17428.7	17315.1	19127.7	15778.8	17149.3	15938	22317.9	23863.7	20334.4	20011.6	16343.7	15773.5
Q7ZVS6	Q7ZVS6_DANRE	castor2		6034.64	8517.81	11473.8	11250.1	12831	14412.9	9513.72	7822.83	11795.5	12170.9	6183.23	7891.56	7096.37	7122.14	13775.1	14248.4
Q7ZVT1	Q7ZVT1_DANRE	ist1		83834.2	86706.1	89141.9	91185.8	79501.1	80324.1	86273.6	91366.7	80317.2	78399.8	74105.5	73158.7	59756.5	65594.9	95592.3	87028.1
Q7ZVT4	Q7ZVT4_DANRE	klc1b		57029.4	55017.5	34657.2	37432.2	43342.6	40226.6	45873.7	42986.5	35552.8	37112.5	42341.3	45324.4	61534.2	55216.3	47640.7	42882.5
Q7ZVT5	ROGDI_DANRE	rogdi		99062.1	99538.6	85520.3	81351.5	93368.1	95511.7	104476	99705.9	118336	111990	104221	90936.1	97796.7	102140	77840.1	81642.5
Q7ZVU0	Q7ZVU0_DANRE	actr10		66449.3	68051.4	69041.7	71431.5	59558.6	56274.4	61748.8	69152.4	64839.6	66998.7	45729.8	57353.7	53556.8	57001.5	77698.8	76738.1
Q7ZVU3	Q7ZVU3_DANRE	nelfb		32360.5	31291.4	33650.7	24472.5	39261.6	28983.4	37276.8	34231.1	30021.5	30802.8	30217.1	34255.9	41021.6	40858	28768.6	22031.8
Q7ZVV5	Q7ZVV5_DANRE	mthfd1b		54631.1	54072.8	58226.8	60632.9	55342.1	52448.8	66612	67260.8	59184.8	44028.8	66214.4	57854.4	58764.2	52296.3	51522.9	54514.3
Q7ZVW0	Q7ZVW0_DANRE	rab28		70347.3	61972.8	51008.5	54579.5	74969	61451.7	72209.1	65482.6	45383.2	46263.5	75587.7	62100.7	98966.6	102224	37184	38476.2
Q7ZVW5	Q7ZVW5_DANRE	homer3b		41231.7	38047.3	40140.6	38865.3	43401.3	38587.2	42536.1	25600.4	32307.2	34304.5	45637.3	42926.6	44211.2	37784.8	32767.6	44755.5
Q7ZVW8	Q7ZVW8_DANRE	cwc25		34549.3	27485.3	30545	38297.3	22473.5	28694.2	37091	29524.3		35538.1	39072.1	34407.8	35630.6	32341	24117.9	19006.3
Q7ZVX4	Q7ZVX4_DANRE	rab14		195633	185701	194909	188091	179983	171218	195866	182701	174812	195451	214334	201207	213371	206506	177113	190510
Q7ZVX6	UBA3_DANRE	uba3		19181.6	17890.1	17002.4	18912.8	21939.9	23342.3	24118.9	22197.7	24092.7	22498.2	20576.9	20418.3	23345.1	20213.6	23670.4	25439.7
Q7ZVX8	Q7ZVX8_DANRE	atp6v1d		362257	346482	370583	350752	346806	328612	354907	333489	317599	308195	361202	366130	396390	414453	303997	305174
Q7ZVX9	Q7ZVX9_DANRE	txndc9		15802.9	14832.4	14475.9	17241.3	14851.4	19179.7	12962.4	16093.3	9173.18	10583.8	23060.2	21345.4	22176.9	20680	11356.5	15296.5
Q7ZVY0	Q7ZVY0_DANRE	tia1		20130.4	16053	14788.6	14662.5	18104.7	19611.3	16996.9	18667.5	12455.4	17820	26798.7	25443.4	23979.9	18407	14218.3	14398.4
Q7ZVY3	Q7ZVY3_DANRE	nfyc		55576.4	46992.3	47297.8	47344.9	56640.7	55376.8	56522.3	59787.9	56046.6	50473.6	41869.8	50107.3	50868.2	48685.2	56935.7	59452.2
Q7ZVY5	CISY_DANRE	cs		833464	915085	741539	773458	685084	820332	735252	925886	1.1601e+06	1.02425e+06	543896	499291	562310	557575	1.05052e+06	1.30099e+06
Q7ZVY8	Q7ZVY8_DANRE	dnajb1b		24088.1	25636.9	30775.9	20884.8	24567.4	18245.9	24175.2	20496.9	28844.8	13950	27065.3	28972.9	30004.1	25250.2	24942.5	23367.7
Q7ZVY9	Q7ZVY9_DANRE	kpna4		45633.5	49046.3	47244.8	56717	49632.9	53413.3	49311.3	45585.2	42485.9	54604.7	47839	50544.9	56931.8	46719.6	63706.1	79430
Q7ZVZ0	Q7ZVZ0_DANRE	nelfcd		14681.9	12238.6		12804.6	12400.2		15987.5	12403.1		7771.23	14205.1	18180.9	18932.3	21859.6		
Q7ZVZ6	PREP_DANRE	pitrm1		43842.2	41084.4	36267.7	38378	38680.7	34776.6	40178.2	34623.6	43864.4	42576.3	37441.1	38122.5	45514.9	41497.9	35079.6	37169.2
Q7ZW00	AGK_DANRE	agk		15102.2	17189	9481.55	10728.4	12126	9834.62	10631.9	11615.8	12056.2	9739.36	11567.8	17525.6	14779.6	13694.1	8591.19	6872.04
Q7ZW01	Q7ZW01_DANRE	wu:fd02b12		29250.6			9340.42		10666.9		13539.5		16407.7	21721.1	25178.8	22936.3	23808.7		13312.1
Q7ZW05	Q7ZW05_DANRE	ythdf3		36372.7	39518.4	38708.8	40172.2	38900.4	42248.8	41055.2	43833.1	38008.4	36068.4	45280.4	42107.5	45274.5	40900.7	32647.9	31036.4
Q7ZW07	Q7ZW07_DANRE	nup155		37556.1	39934.8	31446.4	34410.6	38110.4	41136.4	47283	49701.6	42714.9	37557.4	45048.9	42451.2	41874.9	36303.6	37287.1	33970.8
Q7ZW09	Q7ZW09_DANRE	hnrnpl		1.02741e+06	1.01927e+06	1.03397e+06	1.04344e+06	1.096e+06	1.05485e+06	1.12151e+06	1.09508e+06	890198	1.0291e+06	1.08714e+06	1.05508e+06	1.14427e+06	1.08253e+06	1.03391e+06	1.05757e+06
Q7ZW13	Q7ZW13_DANRE	tnpo3		23353.9	21691.5	25652.1	22171.6	24228.8	23136.2	25345.9	26317.2	20727.8	24028.3	26211.2	26924.9	27315.2	25157.7	23744	20139.7
Q7ZW17	Q7ZW17_DANRE	ptpn11a		55266.2	59441	50483.6	55916.3	51649.8	54563.6	52949.6	56165.7	51340.7	60881	56351.8	50187.9	59604.2	61042.9	61926.3	65265.3
Q7ZW20	Q7ZW20_DANRE	ywhae1		2.7052e+06	2.58656e+06	2.56493e+06	2.59032e+06	2.5718e+06	2.52792e+06	2.54486e+06	2.48843e+06	3.0486e+06	2.67146e+06	2.91691e+06	2.78736e+06	2.9522e+06	2.95607e+06	2.48302e+06	2.66661e+06
Q7ZW24	ALG11_DANRE	alg11		21930.5	18840.7	18762.8	16170.7	17513.7	18434.2	20970	24288.1	23420.9	15115.1	25676.8	20068.9	21639.5	21462.4	13762.7	25092
Q7ZW27	Q7ZW27_DANRE	arcn1a		44275.2	47340.5	48867.5	55305.6	50567.5	45934.8	50316	50795.7	61592.9	53043.5	53654.7	50257.9	58914.4	54166.7	55121.8	49548.6
Q7ZW32	Q7ZW32_DANRE	ube2g1b		14167.1	14050.7	10660.1	7029.68	15568.5	8739.54	17263.2	21817		11086	9521.83	13601.4	15567.6	12261.6	8722.23	10035.6
Q7ZW38	SPS1_DANRE	sephs1		42316.6	42155.4	43344.1	47267	48219.8	42305.2	45318	41923.7	49506.9	37123.9	35812.7	43949.7	58832.1	56933.9	46774.2	47941.6
Q7ZW40	Q7ZW40_DANRE	uso1		78921.5	76176.9	79967	74697.2	78576.9	74094.5	83339.8	79485.8	75981.7	81067.1	83406.9	85517.6	77603	76404.1	74887.8	72228.3
Q7ZW41	RPB7_DANRE	polr2g		8479.18	7191.62	5271.24	6483.33	7473.42	7005.59				7890.9	6275.61		9270.39	6758.41	5832.5	5147.38
Q7ZW47	STAU2_DANRE	stau2		61246.8	65021.9	67704.1	74645.9	68994.9	68533.3	72385	72257.5	79249.3	79693.7	72641.3	74308.6	71803.7	66806.4	78955.3	90926.4
Q7ZW68	Q7ZW68_DANRE	nfkbiab		19840.3	19457.5	15784	15749.2	18289.4	18442.2	18572.9	19031.1	15714	18734	18534.1	18535.9	18588.1	17384.1	21035	18603.9
Q7ZW72	Q7ZW72_DANRE	mapk1		74835	80193.3	57425.2	56977.8	76454.9	70076.5	65147.3	72256.3	83509.2	92703.5	88664.3	72059.6	69703	83864.8	74921.8	98139.3
Q7ZW85	Q7ZW85_DANRE	dnajc5ga		82750.1	82610.7	90417.8	94078.3	76509.5	80454	83508	78846.3	95626.8	80598.7	96312.1	95551.7	114779	107347	96062.7	110238
Q7ZW86	CWC27_DANRE	cwc27		31075.5	34964.4	40602.3	37442.7	35001.9	38306.8	37049.2	34261.2	23110.1	31604.5	41486.5	39644.9	32967.5	37555	32566.5	30959.6
Q7ZW88	Q7ZW88_DANRE	rab32a		34372.9	31808.8	41776	39241.4	41632.3	40537.5	41238.2	41696.2	45362.1	41697.2	28734.6	28277.9	30914.5	31497.6	47854.8	49690.1
Q7ZW92	Q7ZW92_DANRE	strap		59676.8	56764	52587.3	55616.8	50127.8	50518.7	56785.3	55104.7	45645.6	46463.2	64904.6	60587	63749.9	65976.1	52182.6	46102.8
Q7ZW94	Q7ZW94_DANRE	srp9		24075.8	18797.3	14621.2	18172	25269.9	22069.3	29385.9	23781.8	21012.7	24168.7	20579.8	20086.3	23660.2	22359.5	15879.4	21517.6
Q7ZW95	Q7ZW95_DANRE	rpl4		459715	481655	464601	467508	506482	524089	512418	544943	554081	556905	480233	472738	496550	478627	562848	635445
Q7ZW96	Q7ZW96_DANRE	lrpap1		88559	89417.9	101603	100054	99156.1	91455.8	91645.6	87488.6	86247.9	86124	95936.5	93918.2	89636.9	91273.3	96906.5	91336.6
Q7ZWA3	RBMX_DANRE	rbmx		105502	109200	121128	115248	110602	122272	108584	116437	153774	148073	109988	119414	114689	107561	142438	195154
Q7ZWA7	Q7ZWA7_DANRE	slc25a10b		37074.3	34775.4	27229.7	29787.4	29337.3	31488	34931.3	32776.3	55081	38505.9	31164.7	28927.2	27601.5	23636.4	20518.8	24349.9
Q7ZWA9	Q7ZWA9_DANRE	eif5		32707	31999.7	33352.2	35566.7	32533.9	34481.9	33496.6	33254.3	33075.9	30200.8	30847.5	32692.9	31551.6	32205.4	33977.8	34797
Q7ZWB2	UBL4A_DANRE	ubl4a		55301.2	52793.3	61545	59544.6	58854.7	57768.4	58023.9	60138.1	57930.7	60346.7	62968	57996.3	60508.9	62057.8	63140.7	66459.5
Q7ZWB4	Q7ZWB4_DANRE	arl6ip1		157937	169077	138142	134366	152482	160019	186272	203694	117234	148441	117973	116568	112059	130909	155899	138152
Q7ZWB7	BBS5_DANRE	bbs5		107160	90607.9	91764.3	100310	108184	101763	110440	107761	69182.5	92780.9	125870	134817	155582	146920	75764.4	75717.2
Q7ZWC2	Q7ZWC2_DANRE	mgll		51138.7	52245.7	57364.8	54495.8	48145.3	46938	51695	49918.6	45738.1	51435.2	56444.5	46494	48806.9	42405.4	65153.3	72874.5
Q7ZWC3	8ODP_DANRE	nudt1		7499.53	8909.68	11109	10801.7	9595.53	8821.69	8477.59	10230.8	10466.9	10237.2	11606	8090.47	11697	10736.7	10883.8	7534.46
Q7ZWC4	PELO_DANRE	pelo		7664.94	5852.74	12448.7	7188.55	8010.32	8944.53	7450.96	9017.97	8591.94	7909.6	9032.85		6496.55	6330.03	6652.68	7164.95
Q7ZWC5	Q7ZWC5_DANRE	rom1b		1.55656e+06	1.49446e+06	1.56063e+06	1.57298e+06	1.51802e+06	1.49509e+06	1.80905e+06	1.79385e+06	1.40282e+06	1.48698e+06	1.46826e+06	1.47005e+06	1.90954e+06	1.90522e+06	1.54846e+06	1.60952e+06
Q7ZWC9	Q7ZWC9_DANRE	agpat3		110995	107915	122858	114708	117098	122577	126608	129335	114598	121513	109929	115883	112408	119722	111174	121426
Q7ZWD1	Q7ZWD1_DANRE	psmc1a		200110	206642	220857	229799	207556	208640	214608	215219	191370	211525	225711	220243	220357	228160	234569	251051
Q7ZWD3	Q7ZWD3_DANRE	eif2s1a		27554.3	17886.9	17056	22335.5	22432.4	25736	23582.6	29416.4		40257.6	29282.6	19018.2	29112.2	23097.7	34050.7	55240.6
Q7ZWD4	UAP1L_DANRE	uap1l1			13777.6	15181	12693.5	14942.7	15950.7		15770.3	28319.1	19642.2			17547.6	15688.6	24830.4	27049.4
Q7ZWD8	Q7ZWD8_DANRE	cfl1l		64057.3	73180.5	20736	20771.5	22469	22075.5	19644.6	18503.7	13041.8	12827.4	13121.1	14775.5	11410.3	13575.2	120212	117126
Q7ZWE3	LARP7_DANRE	larp7					8885.24		11046.5		12323.8		16114					31656.6	40265.4
Q7ZWE5	Q7ZWE5_DANRE	psmd6		163284	155155	147962	149641	142685	136729	150475	142353	168673	155109	171949	161336	163694	180225	140148	149551
Q7ZWE6	DTB1A_DANRE	dtnbp1a		42139.9	43631.4	45754.1	43509.7	41738.6	48325.5	45308	42849.7	37492.2	41311.8	49584.2	45370.2	58710.4	57146.5	43218.8	41685.1
Q7ZWE9	KCY_DANRE	cmpk		87826.1	88028.9	98745.6	107277	95225.7	99519.6	88236.3	90785	94165.9	98002.6	79012.3	86621.4	87927.8	88716.3	105961	120183
Q7ZWF0	RAE1L_DANRE	rae1		56325.6	56336.5	63673.2	70360.2	66755.7	67109.7	55485.5	60700.6	72845.8	67138.1	55549.3	55430.3	56735	59137.5	72833.7	76185.3
Q7ZWF5	Q7ZWF5_DANRE	got2b		776362	761446	726158	736670	718710	772498	626667	640323	891045	923865	707006	660492	686500	651124	813233	828352
Q7ZWF8	Q7ZWF8_DANRE	brms1		8984.42	14930	17103.6	12556.7	8773.77	9349.38	9334.57	13972.1		15403.3	18041.5	16293.1	14989	15744.7	11263.6	12395.1
Q7ZWG7	Q7ZWG7_DANRE	qars1		118392	106930	99242.1	93747.6	88792.4	88859	84871.1	79999.3	86554.4	84888.6	98937.4	97697.1	109342	108227	73539.3	64705.6
Q7ZWH4	Q7ZWH4_DANRE	arpc5b		116159	107072	104975	117662	110536	115003	115572	100136	85330.9	82019.3	103951	108339	131446	119145	98552.3	96441.7
Q7ZWI4	GSKIP_DANRE	gskip		13795.4	17059.6	19110.4	17832.2	13884.8	16050.3	18481.6	17536.6	15353.8	13952	23923	21008.9	19460.7	23390.5	19127.1	15782.6
Q7ZWI5	Q7ZWI5_DANRE	gnai2b		311673	296029	255744	257349	269346	258109	231135	251213	309765	299563	305441	294703	273572	261602	248771	220323
Q7ZWJ4	RL18A_DANRE	rpl18a		64661.3	72062.9	42849.7	42139.6	55962.1	63429.1	78172.8	91305.4	42488.6	72110	35016.9	31082.3	27698.3	35511.9	60194.3	66936.4
Q7ZWJ7	RL34_DANRE	rpl34		41667.9	41131.6	40517	39304.1	40056	36717	47423	49369.4		47313.5	42058.4	47718.2	31789.6	39352.9	40655.5	43422.8
Q7ZYX1	AKTIP_DANRE	aktip		19176.4	19382	18189.3	20694.6	15876.9	18110.8	17663.9	21448	23921.9	19589.3	24188.8	21834.7	23887.1	24500.9	18838.7	10557
Q7ZYX3	Q7ZYX3_DANRE	acadl		70519.2	69354.9	59918.8	56617.2	69414.1	66092.6	70838.5	71197.9	67722.8	65871.9	63125	67031.9	71573.4	68694.4	64721.5	64443.7
Q7ZYX4	Q7ZYX4_DANRE	cct6a		313047	321844	316272	326413	325635	331726	310841	328235	344340	330027	307445	313229	276696	288406	333552	339603
Q7ZYX7	Q7ZYX7_DANRE	psmd7		219759	220320	169224	170869	166889	157139	190823	196120	135838	170208	226222	209519	232941	243705	161843	157927
Q7ZYX9	Q7ZYX9_DANRE	tnfsf10l								177519									
Q7ZYY0	Q7ZYY0_DANRE	acad8		83588.3	81935.1	71193.4	68815.3	70148.1	76108.3	78510.9	73649.4	72256.6	65506.7	74704.6	71611.3	75079.2	70774.6	91975.8	87895.6
Q7ZZ03	FUCM_DANRE	fuom			3950.88			8360.98	8020.79	17106.9	17372.2	9705.57	10591.1	10135.6	12795.5	20600.1	18185.2	2546.01	3535.22
Q7ZZ04	Q7ZZ04_DANRE	echs1		153198	155950	135878	138415	147394	153729	181797	179253	195893	165257	125906	125313	165038	171935	136124	148794
Q7ZZ25	ATD1A_DANRE	atad1a		8502.88	12319.4	11892.1	15427.1	13190.7	14462.8	13190.7	16222.8		30156.4		13303.9		10581.4	15634.9	
Q7ZZ26	Q7ZZ26_DANRE	lgalslb		36350.1	47807.8	40865.8	34632.2	39965	46198.7	48579.5	47914.4	47908.8	32131	38801.4	34183.4	37105.6	40064.1	34577.5	32648.8
Q7ZZ76	Q7ZZ76_DANRE	flot1a		117517	114377	112739	110712	102983	100505	125498	119777	96713.7	102519	114095	115119	124052	125761	111382	119618
Q7ZZB1	Q7ZZB1_DANRE	snx9a		5220.59	4869.02	6344.58	5309.25	4129.52		3664.51	4764.82		2749.45	3994.31	5869.91	4918.18	5770.01	7311.97	4859.32
Q7ZZJ7	Q7ZZJ7_DANRE	slc4a1a		248722	230215	270134	263082	183254	188736	166345	155978	118781	110527	308042	305891	299725	289285	384370	370025
Q800A1	Q800A1_DANRE	pvalb9		48780.3	48723.9	47805	53297.9	57742.3	67585.5	58515.5	52282.8	38116.4	49295.3	35214.5	28700.1	33955.6	33479.3	21911.6	25203.4
Q800E7	Q800E7_DANRE	pde6a		2.04855e+06	2.04134e+06	1.8967e+06	1.86298e+06	2.19257e+06	2.21089e+06	2.49508e+06	2.43773e+06	2.10813e+06	2.15403e+06	2.08419e+06	2.08416e+06	2.55611e+06	2.56695e+06	1.78009e+06	1.79236e+06
Q800S8	Q800S8_DANRE	ahsg1		246114	248990	270879	272267	203501	195141	210973	218723	164134	184307	218576	213002	176079	182953	349917	343788
Q801U3	Q801U3_DANRE	srsf3a		104551	102504	108642	102890	123879	116699	113464	103914	170674	126767	119441	111215	103589	101843	134854	165666
Q801W1	Q801W1_DANRE	psmb13a			18997.9	35616.7	26462.9	59889.2	75192.6		48940.1		67043.8	62496.2	38103	59122.3	61681.4		57221.3
Q801Y4	Q801Y4_DANRE	crabp2a		72425.1	78337.6	82867.3	81669.5	75903.5	74356.1	91310.3	104176	101454	87530.8	70371.8	80859.7	92443.2	83138.7	118385	122423
Q802C7	Q802C7_DANRE	tardbpb		161301	165539	160680	157046	168623	171764	175519	174665	227115	205438	176128	170768	173059	189068	192214	194002
Q802C8	Q802C8_DANRE	smarcd1		26055.4	27316.9	26573.7	27680.5	25551.9	30040.8	30411.4	30630	37811.9	31142.8	28346.8	32593.2	33669.7	28610.3	31228.1	30613.1
Q802C9	Q802C9_DANRE	eif4a1a		167335	169172	167638	163599	168182	173541	171617	166818	191620	178511	187336	175903	177085	162026	178458	187828
Q802D4	Q802D4_DANRE	cul1b		10830.2	14341.1	15050.3	16060	16502.1	15694.6	17221.6	21060.8	17176.4	17766.2	13667.1	14961.7	12836.2	9413.56	18945.9	17047.7
Q802F2	SELTA_DANRE	selenot1a		15762.9	14555.4	15509.1	12559.7	10850.1	11573.6	12560.5	16007.5	8560.1	13066.7	16661.9	14551	20639	20563.5	17052.1	9668.42
Q802F3	SEP15_DANRE	selenof		42703.5	35539.2	52421	42608.8	51230	49062.3	45838.9	39454.9	49430.4	55318.5	55501.2	46972.9	58229.7	53047.3	45710	47847
Q802U2	MIOS_DANRE	mios		7742.47				4184.8	4193.69				5888.49	7850.08	7450.09				4988.69
Q802U4	Q802U4_DANRE	caprin1b		21285.2	32936.1	20289.4	25427.1	21697.6		14125.6	23076.5			25370	28856.2	35423.8	34745.9	21455.5	11872.5
Q802U8	Q802U8_DANRE	h1-10		234224	228834	269294	283613	247691	246313	250722	233517	202706	196757	270378	271729	211484	217551	296654	297425
Q802V1	Q802V1_DANRE	ss18		23840.1	20014.7	19863.6	18240.1	21493.2	24214	26940.3	20987.3	14882.2	15764.2	17352.9	17818.3	20110.7	20579.1	15005	21204.2
Q802V5	Q802V5_DANRE	cand1		175153	167602	166380	163367	175162	162153	178727	167368	173694	169683	198883	181158	196573	198681	154325	158937
Q802W2	A9A1B_DANRE	aldh9a1b		259476	248869	357817	352057	284748	302590	326949	328015	334097	342633	288613	285695	266840	282764	424606	486831
Q802W6	Q802W6_DANRE	arhgdia		271316	308343	381068	393835	391212	412993	360553	371919	350333	388580	253797	266020	243445	233827	505721	504342
Q802X5	Q802X5_DANRE	syncripl		79395.4	79943.3	92614.7	95076.4	90589.1	93201.6	92103.9	94460.9	87785.2	93097.3	86692.7	80484.1	82254.5	92648.6	88933.1	98322.4
Q802X9	Q802X9_DANRE	dnajc11a		27433.5	32075	20433.4	21297.7	23613.5	24044.8	27180.6	28832.8	48243.7	29088.8	40576.3	37261.5	32494.6	37888.3	23655.5	19502.2
Q802Y1	Q802Y1_DANRE	srsf4		170135	166006	162877	161251	173465	175629	183149	171131	201887	175421	172320	161086	183639	194170	181142	179233
Q802Y2	Q802Y2_DANRE	idh1		329080	321674	269365	271366	317057	313561	337078	322778	341257	322596	328626	293156	339435	306934	259423	269313
Q802Y7	Q802Y7_DANRE	rps6kb1b		16107.7	17380.4	16630.9	18359.9	15476.6	16203.3	16356.8	21342.3		20186.3	15478.1	18678.3	16155.6			18567.5
Q802Z0	Q802Z0_DANRE	ythdf1		29912.4	27176.1	24655.9	27869.9	26756.2	24737	24362.7	29220.9	23330.1	24943.4	23983.6	20785.4	20737.1	19661.4	24192.1	28747
Q802Z1	Q802Z1_DANRE	zmpste24		86426.6	85222	68662.4	71339.6	86410	83114.9	88357.4	84489.4	98073.1	81253.7	68196.8	64595.8	90256	86371	71692.6	74419
Q802Z3	Q802Z3_DANRE	pitpnbl		70851.7	75222.2	73096.1	69600.7	70903.9	65514.1	70396	67899.6	44651.3	57617.7	69185.9	71583.7	71754.3	77762.8	70252.2	64805.4
Q802Z5	Q802Z5_DANRE	nono		283540	278403	276967	280645	300424	308748	325354	319352	350911	324612	302545	308380	324370	323551	323116	318825
Q803A1	Q803A1_DANRE	anxa5b		161956	163321	219069	217443	181347	189221	154772	164555	145272	146526	186839	188407	139538	137305	253893	284806
Q803A8	WWOX_DANRE	wwox		12195.7	12743.8	15577.2	13124	16579.5	14373.1	15931.5	15048.8	15821	10914.3	16030.8	14757.7	17887.8	14532	12487.1	12422.8
Q803B0	Q803B0_DANRE	hspd1		513708	508194	452705	439072	421724	409876	406421	404177	428826	433382	453044	453120	519952	527222	450589	467550
Q803B3	Q803B3_DANRE	usp14		70811.5	72927.6	57349.9	55646.8	58757.1	56766.6	75026	72765.6	62522.4	58043.8	73622.4	76494	71914.3	72099.5	56610.1	58289.7
Q803C3	HDAC3_DANRE	hdac3		10203.8	10436	9648.49	6552.77	9882.83	8837.17	12785.3	12960.8		10504.9	8836.84	9454.79	14157.4	12267.3	8066.01	7130.03
Q803C9	PTSS1_DANRE	ptdss1		37646.6	33023.2	32688.9	30584	28772.4	35352.4	33819	25727.8		32735	34895.2	28436.2	39451.8	36851.7	23954.5	19888.8
Q803D1	Q803D1_DANRE	arf1		104423	94243.9	87262.8	84606.2	101570	99935.3	100788	110270	121137	114146	120225	110602	114436	126939	80946	85803.4
Q803D2	LIS1B_DANRE	pafah1b1b		140188	144349	139928	138244	126368	118624	133788	132049	117397	111653	154253	139995	154968	147146	116957	128227
Q803E0	PALD_DANRE	pald1		16849	12570.1	15544.5	16174.3	14167.8	11761.5	10083.8	10060.3		12484.4	19102	19308.2	15501.3	15961.3	16518.4	11542.7
Q803E5	Q803E5_DANRE	etf1b		59630.7	69422.2	69844.1	66409.4	62683.6	68343.4	65644.9	66028.4	80170.7	66232.1	63066.1	60725.1	58945.5	64897.7	62006.2	59870.7
Q803F2	Q803F2_DANRE	rhogb		10181.4	9256.97	14016.6	14639.9	15459	15149.1	12607.5	12944.4	11784.1	15004.1	13151.8	13472.3	7158.1	10468.7	20829.9	20038.7
Q803F3	Q803F3_DANRE	pdia6		84251.3	78179.1	76920.9	78167.8	88028.5	90682.2	81634	84164.3	91765.9	92998	82169	81481.4	85120.6	84446.6	108150	112274
Q803F5	APMAP_DANRE	apmap		53904.5	53578.3	58512	56545.5	42878.4	46673	50406.4	49804.9	47140.2	52521.9	60666.2	58541.5	64788.5	64214.3	52881.1	48101
Q803F6	RSSA_DANRE	rpsa		726371	746732	698310	671461	654978	639231	725200	702506	543308	590922	611390	535198	793599	772316	627028	685503
Q803F7	Q803F7_DANRE	rbm4.2		231238	230071	227180	238455	266676	292338	273718	285331	278847	332810	222886	234986	228958	236467	317739	355262
Q803G0	Q803G0_DANRE	erlec1		48371.1	35022.1	33930.9	33519	32424.8	35177.1	36783	35492.5	39409.2	35874.6	47537.4	37382.6	49274.9	47002.5	32928.6	25073
Q803G3	Q803G3_DANRE	ppp2cb		175671	178385	156838	156700	148713	150373	164520	154176	130599	133409	189749	183661	169207	168401	147984	145468
Q803G5	SAM5A_DANRE	samm50a		92163.7	93731.2	58022.5	60179.7	69892.6	70783.5	71491.6	71317.8	92096	85680.5	87718	91383.7	97021.9	95410.9	69519.6	67195.6
Q803H1	Q803H1_DANRE	rbm39a		48253.9	49822.5	48790.3	46926.6	43546.1	42380.1	49453.6	46856	35989.1	40805.9	58931.8	53673.2	64459.6	61105.5	41146.1	39833.9
Q803H2	Q803H2_DANRE	hccsb		43866.4	49565.3	39777.8	37165.7	41781	49949.2	48525.7	46757.2	31622.1	41463.7	44914.1	36136.7	46712.5	45420.9	32292.7	28816.1
Q803H4	CENPA_DANRE	cenpa		13515.6	14812.2	12839.2	9861.44	14852.6	10080.8	17287.9	15757.6		10011.3	11507.9	12592.7	11387.9	13374.1	11276.5	12558.9
Q803H7	Q803H7_DANRE	itm2ba		32195.9	32322.9	28340.8	31772.8	32568	34655.6	25588	28890.8	25744.6	21143.3	28299.6	29052.2	26109.8	30644.9	24601.2	15384.4
Q803H8	Q803H8_DANRE	snx5		78322.1	73860.5	77190.5	71284.9	80719.4	82164.9	81362.7	86869	91535.8	86780	89399.4	89762.6	83782.5	82770	92771	90771.3
Q803I0	Q803I0_DANRE	dcp1a		8490.53	6341	6746.21	7371.17	9321.67	8294.27	6053.48	5923.32	6330.68	7606.42	9734.73	11548.3	13451.1	14021.9	6789.4	5336.81
Q803I4	RING2_DANRE	rnf2		37195	36528.2	40400.3	40728.9	36389.6	37362	41665.5	39383.9	51841.3	38406.9	36713.1	43137.2	40673	41719.3	38777.8	41359.7
Q803I7	Q803I7_DANRE	psat1		26508.9	28022	27728.8	31536.6	27650	29562.5	23150.2	24055.6	41722.4	38473.1	21515.1	20741.5	17895.4	15300.1	38765.8	51315.5
Q803J1	Q803J1_DANRE	snx12		55867.5	51153.6	51420.3	47091.6	54622.2	51427.9	54267.2	52830.4	54214.8	53168.7	54124.8	62738.3	72922.4	66671.1	68174.5	59168.5
Q803J2	Q803J2_DANRE	ube2na		205903	260085	300337	287350	222789	323508	211740	361751	112486	424030	175879	197941	105213	115602	485867	530812
Q803J3	Q803J3_DANRE	rab2a		218699	200184	203992	206567	188013	203414	196547	203866	266414	251264	177426	194391	197693	175258	252810	287242
Q803J5	Q803J5_DANRE	thap12a		25889.8	20040.5	26201.4	25619.1	22378.1	23669.6	20535.8	20864.1	19839.8	18258.6	23501.1	26236.4	27871.9	28188.3	20795.6	21482.7
Q803J6	Q803J6_DANRE	sdcbp2		69359.8	61784.1	94499.6	90085	80335.1	82354.2	80026.8	90721.5	73224.6	64017	69544.8	85639.3	89843.8	98067	74378.8	73540.6
Q803J8	ZC3HF_DANRE	zc3h15		12922.1	10948.8	11412	11312.3	9125.08		11398.2	10599.5	7227.89	6568.8	16940.8	14721.8	9659.28	14784.2	7892.44	9604.22
Q803K3	Q803K3_DANRE	hnrnpa1b		594021	586826	573336	572906	541163	537283	591042	575812	494343	516295	677054	656013	640985	603231	563493	564390
Q803K6	Q803K6_DANRE	tbcb		26461.6	28006.1	26771.3	24523.6	35233.9	32079.2	27907.1	31279	25764.2	38442.8	31534.2	26142.4	23693.3	26500.6	34943	31359.5
Q803K8	Q803K8_DANRE	creb1a		14891.9	10789.2	15381.8	21060.4	14849	21893.3	10700.7	17553	28898.7	25635.7		15978.4	12553.7		38100	45823.9
Q803L1	Q803L1_DANRE	dldh		978833	999498	832618	892402	940839	956484	946035	1.05041e+06	1.18877e+06	1.21643e+06	878348	883756	910794	937161	930300	1.04494e+06
Q803L4	Q803L4_DANRE	eloa		31135.3	30175.6	38843.8	40098.9	32590.4	41093.9	32879.2	39349.1	26247.1	48585	31070.6	26286.3	28854.1	39531.7	39330.2	38326.8
Q803L5	Q803L5_DANRE	stk38a		34867.2	36794.8	37345.2	38322.9	41163.6	37282.8	37606.6	35475.8	39108.9	38625.4	42180.2	41399.7	41708.9	42462.8	37248.7	37069.8
Q803L7	Q803L7_DANRE	rhogc		13293.4	10606.5	14660.8	15551.5	13988.8	17403.6	8639.89	14146.6	13604.3	18918.4	9822.07	8607.37	3184.01	8625.66	22305.9	22157.2
Q803M7	Q803M7_DANRE	arpc5a		97557.6	96133.5	94404.2	90001	105173	93503.5	90395.3	90679	64226.4	71708.3	102819	108025	118413	114643	84534.6	83928.7
Q803M8	Q803M8_DANRE	ywhaqb		2.26201e+06	2.38644e+06	2.50225e+06	2.45655e+06	2.36528e+06	2.46144e+06	2.21407e+06	2.47575e+06	2.59801e+06	2.79903e+06	1.88959e+06	1.99987e+06	1.89252e+06	1.87694e+06	2.87881e+06	3.12375e+06
Q803N0	Q803N0_DANRE	ankmy2a		11512.7	11177.1	15742.5	16176.9	20149.6	16471.4	13425.3	11815.1	11734.9	14145.7	10724.7	9463.79	10435.9	14707.6	16689.7	20753.1
Q803N1	Q803N1_DANRE	tfdp1a		12722.4	10813.9	11980.2	8631.39	12761	6329.79	11267.4	10530.1	7891.4	7130.3	16704.1	14064.5	15842.8	17374.7	9548.39	5617.48
Q803N2	Q803N2_DANRE	smc3		98527.4	97443.6	105183	105198	99419.6	103764	107440	107534	100412	99011.8	109682	105846	109013	109176	108900	104170
Q803N7	Q803N7_DANRE	csnk2a1		290372	291866	227472	223892	224902	200904	245544	233445	225024	224816	292472	299349	359358	370189	209337	207549
Q803P1	EI3JB_DANRE	eif3jb			2799.06	3307.82	4560.93	5548.56	4468.7	3827.17	4408.43		4022.64					4135.79	4989.45
Q803P3	Q803P3_DANRE	hacd2		181924	177988	186699	185281	188265	183859	210252	188873	227703	206727	181218	178834	155853	166577	170484	166270
Q803P8	Q803P8_DANRE	ubr7		17448.1	22341.6	24384.3	22266.2	21239.1	21676.5	22113.7	24536.2		27900	23750	26113.4	28042.9	23868.3	26392.8	23457.8
Q803Q1	Q803Q1_DANRE	gyg1a		132594	134732	117907	119076	134224	136309	136457	138857	125070	131774	135371	131820	136645	134540	132257	135306
Q803Q5	Q803Q5_DANRE	dvl2		20493.8	13309.7	13999.7	12138	11218.5	10584.1	12112.7	14604.4	9952.21	10225	15807.5	12986.1	15121.6	16631.4	11514	11832.8
Q803Q7	Q803Q7_DANRE	aldoaa		684548	697366	775408	809077	805231	793532	772837	793380	815862	809533	720625	703921	793978	792415	890250	944757
Q803R2	CCZ1_DANRE	ccz1		32069	37724.5	35388.4	29423.9	29389.6	28081.3	26575.5	25607.8	28833.6	28000.8	33656.3	30581.6	33104.9	40340.2	24027.4	29126.3
Q803R3	Q803R3_DANRE	ptpn2b		41576.9	40975.7	38403	31936.3	41720.5	46847.8	46999	31809.8	18105.9	34826.9	42188.3	34568.7	39864.3	45630.1	37987.9	46599.9
Q803R7	Q803R7_DANRE	crnkl1		22459.8	22719.9	24401.8	20224.4	25737.8	22696.2	25351.7	23995.5	22485.7	21892.9	31024.4	22782.7	24848.2	27366.1	23146.7	23566.5
Q803R9	Q803R9_DANRE	aldh7a1		765296	768156	711874	705943	717254	713128	720119	688674	749634	770072	716580	693117	757186	771936	664389	693816
Q803S3	MEMO1_DANRE	memo1		70797.5	67913.6	53821.1	50582.2	65490.3	66670.1	68473.9	74223.7	50768.4	60213.4	67886	73385.2	70367.6	69147.4	46835.8	43935.3
Q803S4	Q803S4_DANRE	mtmr6		16892.4	18372.7	16544.8	18978.3	18118.8	28880.9	51068.6	8979.05		17919.3	30069.6	16728.6	14882.9	10879.8	11778.4	8288.88
Q803T1	Q803T1_DANRE	dcn		135413	141706	63365.3	62408.4	39106.1	35668.1	30702.3	31296.7	33927.1	28160.8	39852.3	35480.5	15717.3	18730.2	204616	214723
Q803T5	Q803T5_DANRE	ahcy		1.04705e+06	1.03282e+06	1.05207e+06	1.04894e+06	1.16518e+06	1.14913e+06	1.17401e+06	1.14998e+06	1.07836e+06	1.10308e+06	1.22917e+06	1.16754e+06	1.17286e+06	1.15922e+06	1.14845e+06	1.20447e+06
Q803T6	Q803T6_DANRE	sh3gl2a		194031	185948	178223	188553	191317	196546	175045	183065	257750	312647	196832	199265	189296	177058	261928	318947
Q803U3	Q803U3_DANRE	pitpnaa		187260	189502	222028	218027	164538	150676	155378	171764	112905	132417	182323	193787	221263	226440	163674	175435
Q803U6	Q803U6_DANRE	aqp3a																32637	40377.4
Q803U8	Q803U8_DANRE	srsf11		67614.5	66352.1	68797.9	63403.4	65777.5	65686.9	66309.7	65741.4	74246.5	61816.2	63038.1	63604.5	72491.2	71005.5	71671.5	73470
Q803V2	Q803V2_DANRE	prpsap2		53069.5	49227.8	37310.7	41861.2	40034.5	41079.2	32729.3	45025.8		37188		53029.6	62801.6	59283.7	39910.6	40098.2
Q803V5	LST8_DANRE	mlst8		31896.6	33924.2	36114.8	26424.6	34893.1	26561.1	36101.1	35584.7	45093.4	29440.4	37087.8	33555.4	29163.8	33699.1	35527.2	35810.5
Q803V8	Q803V8_DANRE	cab39l1		12052.7		19238.1	8446.09	14009.7							13011.9	13154.5		13625.8	16851.3
Q803W0	Q803W0_DANRE	ddx39ab		222308	217516	212937	209394	214050	204610	227692	230324	233062	233817	253106	249683	235536	252216	234015	254298
Q803W1	SCRN3_DANRE	scrn3		60024.8	59359.9	60838.9	56361.3	44053	46986.9	56898.8	52402.7	54798.7	49039.3	59809.6	51039.1	53391.2	52930.2	52471.6	49292
Q803X6	Q803X6_DANRE	safb		57569.3	63448.7	69048.3	72505.4	65338.1	72733	66197.1	73702.1	59396.6	76133.2	59568.9	66320.7	53089.1	58419.3	69247.4	79309.3
Q803Y2	Q803Y2_DANRE	diras1a		63703.5	64794.6	66816.1	68176.9	62320.3	67125.6	69944.1	65925.5	82545.4	81789.3	54803.4	58774.8	60679.3	73104.1	78406.3	90761.9
Q803Y4	UFM1_DANRE	ufm1		12046.3	13859.8	13532.7	15195.7	15265.1	16235.2	15534.8	20095.4	19376.5	19570.3	8695.32	12231.3	6894.88	11642.7	14790	23502.3
Q804C3	Q804C3_DANRE	dlat		257824	260724	256185	248069	221308	235380	230578	229066	405818	360000	216734	202787	233394	225288	295204	341911
Q804G3	Q804G3_DANRE	anxa11b		268363	264517	273443	271207	267323	265164	239747	236521	226633	244093	257825	276532	265629	262847	305512	310141
Q804G7	Q804G7_DANRE	anxa4		516821	493028	523887	516618	448549	429087	438487	400508	381652	382845	692445	676494	613875	604817	443383	441874
Q804G9	Q804G9_DANRE	anxa2a		470475	471055	423796	447850	454800	442950	478727	475161	360935	352035	390090	372419	444448	447916	546391	564379
Q804H1	Q804H1_DANRE	anxa1b		46140	45919			17013.1		16239.5	10849.8	16750.2		34876.6			11798.6	145839	135121
Q804H2	Q804H2_DANRE	anxa1a		392708	391034	288297	288045	280632	267850	328151	327643	291652	269917	298196	287369	279467	284812	571320	554801
Q804J6	Q804J6_DANRE	plcg1		31934.2	29141.8	31124.6	33634.7	32153.4	31569.4	30877.2	22937.8	20204.5	22393.7	38245	37316.7	32645.7	28831.4	34536.5	29637.7
Q804W1	Q804W1_DANRE	pvalb6		302189	294757	341068	300126	336015	325751	319620	291313	215903	225301	283682	273125	314072	288975	197724	190242
Q805F0	Q805F0_DANRE	pcdh10b			12902.2	18916.7	16053.6	12450.1	12187.1		17376.5	21623.3	17500.8					22821.8	22002.1
Q860B9	Q860B9_DANRE	ik		29256	31595.1	30737.1	31464.2	33269	29054.6	30935.7	28584.9	22230	25479.4	36000.5	31246.2	34298.8	27872.5	28896.1	29526.2
Q8AUT3	Q8AUT3_DANRE	scfd1		39089.6	37707.4	33864.8	33482.5	35069.9	34281.3	38283.2	34844.9	24337.4	29248.2	36155.3	38649	45560.2	41070.2	26635.5	28784.8
Q8AW03	Q8AW03_DANRE	ndufa6		115737	121748	191626	196196	170632	197018	134317	139086	193075	332251	146745	118826	118167	114286	237948	312206
Q8AW06	Q8AW06_DANRE	rfc3		7861.83	7734.11	12826.9	9722.22	13415.1	11972.7	10159.9	11764.8	13808.9	10145.8	11257.9	9983.21	6675.73	9188.21	11003.6	8299.85
Q8AW07	Q8AW07_DANRE	psmd12		54578.1	48832.7	56830.3	56359.3	54391.7	52416.4	54935.1	51138.6	51154.3	52081.3	45369.9	47067.9	46888.4	53114.5	54122.3	53276.7
Q8AW56	Q8AW56_DANRE	coch		354654	363216	90946.2	92277.9	120829	118801	100272	98454.9	135767	147842	135661	139859	113128	119302	200423	230278
Q8AW82	Q8AW82_DANRE	pa2g4a		153202	152321	162988	167133	155712	162491	158860	163143	136637	156054	170282	164030	174897	156756	180594	179840
Q8AWD0	Q8AWD0_DANRE	vdac2		1.85987e+06	1.91861e+06	1.91e+06	2.0112e+06	1.94142e+06	1.98137e+06	1.83729e+06	1.86161e+06	1.82334e+06	1.98391e+06	1.79846e+06	1.89049e+06	1.86158e+06	1.85029e+06	2.10313e+06	2.44668e+06
Q8AWD2	MOCS3_DANRE	mocs3		8448.74	6121.92	8597.22	9399.19	6104.25	6030.48	7770.96	6772.7		3834.97	11382.9	8557.95	8246.33	5246.61		5535.38
Q8AWD4	Q8AWD4_DANRE	tax1bp3				17562.3	18917.4	9408.93	15375.4		10575.6		15699.6			8070.02		41494.8	52323.6
Q8AWD9	Q8AWD9_DANRE	ctsd		573217	635826	702348	731361	927568	1.03335e+06	925124	962146	1.41383e+06	1.26183e+06	653432	689552	650807	696556	1.18231e+06	1.3426e+06
Q8AWF1	Q8AWF1_DANRE	yrk					8120.06	4874.73							5849.52	3920.03		11403	11428.4
Q8AWW7	RUVB1_DANRE	ruvbl1		66009.3	78349.3	85303.2	90161.4	76505.3	88813.3	86306.5	98442.3	74403.1	86633.7	68882	74115.4	81782.5	80156.3	104907	119718
Q8AX67	Q8AX67_DANRE	cherp		22025.5	23831.3	23531.8	23215	27910.9	21860.4	24854.4	24166.3	36097.7	23315.8	38757.7	35610	31478.7	29157.2	23084.5	24785.8
Q8AX99	Q8AX99_DANRE	actn3b																49527.3	53937.4
Q8AXX6	Q8AXX6_DANRE	ppp2r5ea		141208	147106	157581	148634	159915	151517	139031	154684	169521	175611	157455	154911	151465	168961	177447	186502
Q8AXZ4	CNT1A_DANRE	cntn1a		45488.7	52746.1	54788.2	56209.4	52400.7	56729.1	56734.7	58582	57420.6	62335.1	43735.2	50505.4	46358.9	46579.5	74209	72933.5
Q8AY15	Q8AY15_DANRE	smad3a		24126.6	25549.7	19564.8	24254.5	27998.3	29877.5	26109.5	28510.2	31127.1	34330.7	24528.1	24083.2	23783.4	26123.8	28303.4	26208.4
Q8AY63	Q8AY63_DANRE	ckbb		4.95632e+06	5.22218e+06	5.07704e+06	5.09446e+06	5.26322e+06	5.7444e+06	5.31807e+06	5.55914e+06	7.00005e+06	6.45693e+06	4.79564e+06	4.63169e+06	4.88753e+06	4.66215e+06	6.21189e+06	7.05203e+06
Q8AYB9	Q8AYB9_DANRE	rpn1		159387	159476	143923	147603	149561	143932	151094	154846	147297	154872	171343	170070	176167	175871	139582	137440
Q8AYE3	Q8AYE3_DANRE	serpinc1		82530.5	88182.1	111345	110979	70343.2	60468.8	75321.1	76319.2	64818.7	79266.6	84734	95120.4	64153.1	61307.4	109033	112309
Q8AYM7	OPSG3_DANRE	opn1mw3		343522	335668	213176	232037	264998	230362	285496	278919	458213	497441	329453	342795	312049	336114	455985	428014
Q8AYM8	OPSG2_DANRE	opn1mw2		2.26246e+06	2.26417e+06	2.28724e+06	2.32164e+06	3.21254e+06	3.1489e+06	2.77214e+06	2.77666e+06	3.78277e+06	3.77284e+06	3.24655e+06	3.3941e+06	3.30364e+06	3.29221e+06	3.1004e+06	3.07115e+06
Q8AYN0	OPSR2_DANRE	opn1lw2		292044	250004	339211	334389	409347	408064	412552	420499	602617	514166	284489	276182	208553	230937	251718	255909
Q8JFB7	ORML1_DANRE	ormdl1		64700.6	66293.5	61504.8	57210.7	69068.7	59044.3	76850.4	64330.4	46665.6	67683.2	104239	85574.1	80436	69055	52619.9	32339.7
Q8JFT7	Q8JFT7_DANRE	kpna3		100469	99293.3	100264	113776	100579	102395	97444.9	96012.8	120193	111941	109086	100959	105198	88668.6	116211	121666
Q8JFV8	VAT1_DANRE	vat1		3.63587e+06	3.67471e+06	3.42373e+06	3.39047e+06	3.49875e+06	3.49121e+06	3.41164e+06	3.39225e+06	3.70681e+06	3.80502e+06	4.24027e+06	4.17051e+06	3.82672e+06	3.88327e+06	3.76032e+06	3.94116e+06
Q8JG61	Q8JG61_DANRE	epb41b		14005.2	13886.8	22183.6	22433.8	19322.1	19236.8	14425.9	11963.2	11417.7	15690.1	33423.5	29840.1	24155.4	25497.5	40340.6	44525
Q8JGR1	Q8JGR1_DANRE	ddx19b		35963.7	42290.4	48544.2	50304.2	50159.5	58267.1	40765.2	46324.7	58635.3	75354	41555	39973.9	43867.5	37009.1	68947.5	77268.7
Q8JGR3	Q8JGR3_DANRE	adssl		15062.9	21922.4	27856.7	27282.4	27274	28877.6	23905.4	30479.4	60034.3	36995.1	17572.1	24720.2	12567.9	20547.8	36750.8	34880.8
Q8JGR4	RL24_DANRE	rpl24		17137.2	17698.2	21702.3	20642.6	17535.5	28223.2	18853.7	20479.2	33006.4	22761.5	20515.3	17597.3	20348	18846	29266.5	35296.7
Q8JGR6	NCBP2_DANRE	ncbp2						9838.87	7596.38	8107.92	7850.06	28362.2	16089.9						21111.8
Q8JGR7	INT7_DANRE	ints7		25391.6	20170.4	4092.13	18485.6	18210.6	13155.6		8599.63				33240.8	18265.8	21501.9	13214.6	
Q8JGR8	Q8JGR8_DANRE	scarb2a		21581.7	22856.8	17962.7	18168.1	15690.5	18046.9	20090	20584.4	14843.9	16214.5	23514.2	25298.8	30774.2	25407.1	18334	15107
Q8JGS0	RU1C_DANRE	snrpc		51943.9	55241.1	57503.6	58925.6	63953.1	66651.4	59334.6	62739.4	84847.5	69434.8	53498.9	57231.9	48709	47905.5	69412.2	72732.7
Q8JGS9	RS18_DANRE	rps18		167784	180262	176016	171391	162774	183329	177415	217913	168543	281742	121607	155890	95874.8	128902	277412	335861
Q8JH29	Q8JH29_DANRE	agt		51509.5	44593.5	101011	97129.2	68430.2	63759.7	52535	48020.9	18529.9	25896.1	70384.4	64728.8	53704.3	50753.4	88650.9	99337.2
Q8JH44	Q8JH44_DANRE	ptgs1		48319.6	49848.5	54792.4	56086.2	50491.4	49983.1	45599.5	49623.2	50902.6	49298.3	56247.8	59455.8	44241	46624.2	49420.9	49239.3
Q8JH70	ALDCB_DANRE	aldocb		3.38677e+06	3.42752e+06	3.45441e+06	3.50452e+06	3.23785e+06	3.37153e+06	3.18259e+06	3.32792e+06	3.83962e+06	3.9325e+06	3.08396e+06	2.87084e+06	3.0172e+06	3.12431e+06	4.18464e+06	4.45115e+06
Q8JH71	ALDOB_DANRE	aldob		162567	161670	152127	150281	158712	153401	163933	155046	143254	121517	151633	147892	174076	164148	175523	173676
Q8JHC9	Q8JHC9_DANRE	f7i		19544.7	20550.3	20659.2	25540.7	18769.9	25742.1	16038.2	24003.6		17247.6	21012.1	23089.9	13381.2	18223.4		
Q8JHE0	Q8JHE0_DANRE	csnk1a1		44287.7	43414.6	33525.1	29766.3	45553.2	40109.8	45637.7	46786.5	42346.9	47584.8	38752.3	40210.1	41522.7	40875.3	33596.7	43937.6
Q8JHF4	PAL1A_DANRE	pals1a		78142.4	81366.5	70399.7	74626	86683.6	88010.7	87167.3	87710.4	70001.1	70700.4	78419.5	79218.9	91791.6	94898.6	74035.6	74262.1
Q8JHG6	Q8JHG6_DANRE	wdr43		10897.2	9168.71	8451.94	8881.96	8307.55	7012.69	8633.89	10188.7	9775.88	10031.9			11357.6	7070.48	9462.17	9670.68
Q8JHG7	Q8JHG7_DANRE	cct7		119622	113204	125324	135897	122382	143486	100628	109455	161454	195766	125699	124315	89395.2	94419.2	175214	193036
Q8JHH1	Q8JHH1_DANRE	snrpd1		142766	152826	163793	170940	159946	155461	149202	145137	222980	200632	180760	171627	169938	157539	182568	193695
Q8JHH4	Q8JHH4_DANRE	atp6v1e1b		428472	422610	411016	428982	400792	368529	390581	414391	324767	384102	453749	466614	458933	448338	414693	379252
Q8JHI0	Q8JHI0_DANRE	slc25a5		7.07479e+06	7.12906e+06	5.77119e+06	5.97348e+06	6.42352e+06	6.60481e+06	6.67408e+06	6.60743e+06	7.14268e+06	7.13045e+06	5.83136e+06	5.29099e+06	6.34121e+06	6.4305e+06	6.89109e+06	8.28322e+06
Q8JHI6	MED29_DANRE	med29		12758.3	10809.3	8690.26	7041.4	5036	4032.81	7885.03	8233.66	11946.4	7638.85	12042.2	11760.5	13929.5	10662.9		5859.09
Q8JHI7	Q8JHI7_DANRE	cct3		161185	169619	180651	177378	170045	176471	155843	168381	195210	179208	173132	164664	151062	160888	190441	195692
Q8JHJ1	RL35_DANRE	rpl35		179833	186994	158490	148285	160028	151668	176254	167757	205660	226149	246875	222464	209451	208094	171986	171255
Q8JHJ3	Q8JHJ3_DANRE	u2af1		79944.4	80642.5	81981.6	80759.5	87081.5	85164.8	100582	101530	97809.9	110561	94546.5	98493	107820	102471	104056	108442
Q8JHV7	Q8JHV7_DANRE	lamb1a				68329.8	47840.4		29295.8					44734.3	33730.9				52946.7
Q8JID2	Q8JID2_DANRE	ctnnb2											5319.43					15384.7	22980.8
Q8JIU7	NACA_DANRE	naca		264495	267710	260763	285081	248787	275562	249833	266910	315812	339899	287710	270984	263996	286798	324307	341251
Q8JIZ3	Q8JIZ3_DANRE	crx		111739	107894	125203	115025	117730	122227	130063	127835	133350	99932.4	118605	118523	106793	116911	110670	114873
Q8JJ62	Q8JJ62_DANRE	tmem165					9417.82	11154					16251.1		12435			10698.2	12596.4
Q8MGW8	Q8MGW8_DANRE	mhc2dab						24825.7	19306.3			15171.6	9425.83	33983.1	25410.2	28369.4	21990.6		
Q8QFU2	Q8QFU2_DANRE	gpia		715206	750279	679020	681937	759657	759215	734733	737399	748244	758475	641687	643350	608555	603437	668564	724129
Q8QGV5	Q8QGV5_DANRE	ptgdsb.1		11690.9	11041.4	10119.7	8711	7550.37	9316.88	7136.56	9155.23		4075.58	4850.67	3157.05	5338.75	5822.53	7583.07	8059.22
Q8QHA6	Q8QHA6_DANRE	atp6v1b2		1.90564e+06	1.78363e+06	2.02032e+06	1.99924e+06	1.99606e+06	1.98096e+06	2.03212e+06	2.04952e+06	1.9824e+06	2.0641e+06	2.03744e+06	2.01275e+06	1.97241e+06	2.01894e+06	1.96838e+06	2.0217e+06
Q8QHA7	Q8QHA7_DANRE	atp6v1ba		1.04959e+06	1.01349e+06	1.27305e+06	1.32345e+06	1.33505e+06	1.37512e+06	1.23687e+06	1.32256e+06	1.8503e+06	1.75016e+06	1.10245e+06	974487	844688	779170	1.43954e+06	1.56577e+06
Q8QHI1	Q8QHI1_DANRE	atp1b3a		733388	728838	682921	637934	668712	657015	690816	674476	704623	731965	752790	743812	699263	661942	652545	679636
Q8UUR3	CYGB1_DANRE	cygb1		40820.6	37147.9	39367.7	36824.4	41284.9	39823.3	46732.2	44410.8	46207.3	44673.3	45255.2	35620.9	47938	42351.8	41599.7	45917
Q8UUT0	Q8UUT0_DANRE	gpm6ba		233244	291869	288561	355265	297062	301487	258533	300640	350626	274900	256116	244331	247507	251662	468662	555715
Q8UUT4	Q8UUT4_DANRE	gpm6aa		89878.6	93588.2	97153.9	99345.2	130399	135402	114401	123917	202313	186189	83598.8	94703.1	92724.6	91429.8	192262	286056
Q8UUX0	Q8UUX0_DANRE	akt2		58590.3	54803.5	58534.6	52059.7	59244.4	51349.5	51144.2	56871.7	52754.8	49439.1	67146.1	68122	63982.3	65266.5	49001.7	50193
Q8UUX9	Q8UUX9_DANRE	guca1c		124986	115966	103991	98626.9	123149	122743	128608	128595	165909	182397	131153	140447	136227	136575	142263	138684
Q8UUZ6	Q8UUZ6_DANRE	cryaa												151369	145963	18202	19324		
Q8UVG7	Q8UVG7_DANRE	fabp3		511338	525576	677799	671645	704802	778992	574867	597588	976104	1.03148e+06	531777	576007	424201	418668	752142	872870
Q8UVK2	SPT6H_DANRE	supt6h		39048.4	35913.1	34041.2	36537.1	36511	34538.9	40109.5	40420.3	33256.2	35190.5	47467.3	43198.8	45567.3	46188.3	31004.5	33323
Q90257	ES1_DANRE	es1		1.26023e+07	1.2662e+07	1.16538e+07	1.17038e+07	1.00883e+07	9.9386e+06	1.08911e+07	1.11316e+07	9.56223e+06	1.03466e+07	9.88138e+06	9.91148e+06	1.03424e+07	1.07045e+07	1.17239e+07	1.20688e+07
Q90275	CADH2_DANRE	cdh2		50232.9	57298.3	59884	61673.7	58232.8	61229.3	57387.8	56604	63106.1	68054.6	58431.2	55818.9	54070.7	54970.8	68632.7	76102.3
Q90457	Q90457_DANRE	csnk2a2a		49323.4	48267.6	49804	52132.7	55886.3	55470	46741.4	48076.9	57828.2	57933.4	50448.3	43120.4	50570.4	52088.9	52965.2	57625.9
Q90460	C166A_DANRE	alcama		79530	88330.4	97168.2	100712	101269	106776	101922	98529.1	103046	98520.4	116883	103437	103515	97958.6	160742	188233
Q90473	HSP7C_DANRE	hspa8		2.66328e+06	2.74006e+06	2.64792e+06	2.61775e+06	2.65557e+06	2.74435e+06	2.71678e+06	2.78842e+06	2.62963e+06	2.81954e+06	2.35818e+06	2.4046e+06	2.58152e+06	2.55146e+06	3.03704e+06	3.17512e+06
Q90486	HBB1_DANRE	ba1l		6.30339e+06	6.47774e+06	5.59227e+06	6.12124e+06	6.25423e+06	6.2947e+06	6.80842e+06	6.26363e+06	4.72683e+06	4.23015e+06	7.46008e+06	7.07766e+06	8.27868e+06	8.36224e+06	8.52771e+06	9.68349e+06
Q90487	HBA_DANRE	hbaa1		8.07859e+06	8.46926e+06	9.64056e+06	9.56307e+06	8.1768e+06	8.0478e+06	6.46e+06	6.6403e+06	6.81437e+06	6.08923e+06	1.07581e+07	1.03186e+07	1.07284e+07	1.03863e+07	1.47053e+07	1.65774e+07
Q90WX3	Q90WX3_DANRE	guca1b		4689.83		9248.38	10829.9	9338.34	12283.2	9469.25	9004.25	7505.81		6963.36	4638.79		6374.1	13943.7	17108.3
Q90WX4	Q90WX4_DANRE	guca1aa		22597.5	16801.5	13586.8	18646.8	26096.4	25077.6	24893.6	25045.7	8854.51	14730.2	23815.9	22016.6	26612.8	29908.7	10813.3	11265.1
Q90WX5	Q90WX5_DANRE	gnat2		3.05278e+06	3.09237e+06	3.15318e+06	3.15926e+06	3.68393e+06	3.79074e+06	3.76778e+06	3.73519e+06	4.29443e+06	3.86491e+06	3.05577e+06	3.02682e+06	3.38719e+06	3.30965e+06	3.55905e+06	3.94533e+06
Q90WX6	Q90WX6_DANRE	gnat1		3.15067e+06	3.21664e+06	3.68859e+06	3.8638e+06	3.55973e+06	3.79241e+06	3.96607e+06	4.00609e+06	4.1299e+06	3.80121e+06	3.05401e+06	2.97968e+06	3.81197e+06	3.7377e+06	4.11895e+06	4.73714e+06
Q90X33	Q90X33_DANRE	atp1a1a.4		15094.6	14919.3	12317.2	9948.13	14444.7	12523	13611.4	15637.2	12069.2	11757.1	18668.7	17157.6	14201.4	12999.7	11700.9	7823.76
Q90X38	GPKOW_DANRE	gpkow		22189	21020	26754.9	26312.9	26640.9	27232.8	23146.8	30857.3	16102.3	18729	21391.3	22392.6	24830.8	29186.8	30353.4	40935.4
Q90X41	Q90X41_DANRE	sf3a1		91368.3	89273	90994.4	91073.7	89234.1	94979.4	93231.1	89998.4	109713	91291.2	103106	103018	110840	103215	86162.5	91078.5
Q90X44	NRF1_DANRE	nrf1		2904.9	2280.03	4653.37	3053.59	3402.46	3416.01	3974.12						5424.75	5763.46	3094.7	
Q90X63	Q90X63_DANRE	cdh17			18667				20221.7							24523.7			
Q90XF2	KPCI_DANRE	prkci		20737	26770.4	19221.8	24630.4	23818.4	18293	23551.3	22026.5	19249	17084.2	14643.4	15379.4	30260	26477.4	21080.2	22205.4
Q90XG0	TPISB_DANRE	tpi1b		1.66169e+06	1.754e+06	1.76513e+06	1.81464e+06	1.91747e+06	2.02715e+06	2.11275e+06	2.19494e+06	2.10184e+06	2.03281e+06	1.76973e+06	1.77653e+06	1.76595e+06	1.78011e+06	2.31662e+06	2.69445e+06
Q90XH2;A0A8M3AK57	A0A8M3AK57_DANRE;Q90XH2_DANRE	meis1b;meis2a		47431.6	39596.7	38276.9	38580.6	45370.1	39920.4	52549.4	48079.6	41450.7	37994.9	51996	48546.9	45313.9	47561.9	45041.2	45180.5
Q90XS8	Q90XS8_DANRE	aldh1a2		134375	133746	191703	190980	174924	173196	185787	180086	148793	148718	169385	176260	164866	159703	164570	169096
Q90Y50	CXAR_DANRE	cxadr		29516.2				27381.1			34148.6	20537.8	19731.8	22044.3	21984.9	30415.3	31415.1		17113.8
Q90YL4;Q90ZM2	S61A1_DANRE;S61A2_DANRE	sec61al1;sec61al2		141375	131906	142918	134299	135417	130709	145387	127097	153273	123737	132008	136082	148420	152085	133829	134648
Q90YM0	Q90YM0_DANRE	ncam2		33307.2	34679.1	30154.9	33255.3	36032.1	34965.8	40172.6	40046.3	46849.1	36804.6	50041.7	52263.5	35212.4	33556.2	36681.9	28866.8
Q90YM8	CYFP1_DANRE	cyfip1		60994	62324.7	55952	57529.3	49404.4	55680.9	48094.9	49226.5	50356.1	55429	59686.6	57036.7	51370.5	58164.9	66401.6	68548.9
Q90Z10	RL13_DANRE	rpl13		407769	411133	437540	443275	403300	426180	420595	456988	450552	437901	413251	428619	425297	413032	468139	481925
Q90Z31	Q90Z31_DANRE	efnb3b		31569.3	32400.3	23074.7	25749.5	33224.2	29139.1	35265.2	34002.6	27260.6	29723.4	30677.3	32842	31832.9	30254.8	31791.7	24842.3
Q90Z32	Q90Z32_DANRE	efnb2b					16604.7		16952	16627.3	14506.7			26183.4	21263	20406.6	21618.4		18270.7
Q90Z33	Q90Z33_DANRE	efnb1		31550.8	31311.4	29219.1	28083.9	30865.9	26340.1	31959.5	37460.4	32087	25261.2	34090.5	32099.8	34505.9	36261.3	26836.7	32826.4
Q90Z34	Q90Z34_DANRE	atp1b2b		1.5741e+06	1.69681e+06	1.68786e+06	1.72765e+06	1.70334e+06	1.86213e+06	1.74928e+06	1.90719e+06	1.7469e+06	2.05075e+06	1.38693e+06	1.51281e+06	1.51994e+06	1.54294e+06	1.76025e+06	1.96442e+06
Q90Z40	Q90Z40_DANRE	gng3		23965.5	32393.9	33918.1	36469.2	30586.3	38623.4	30919.1	28302.9	58676.6	51951.2	31170.4	28607.3		28154.1	43275.2	41928.4
Q90ZC5	Q90ZC5_DANRE	aip		26708.6	26748.1	24787.6	27172.5	22364	25001	25546.7	28530.6	20616.5	28100.2	23844.5	25900.5	24692.5	27428.8	29627.6	30180.6
Q90ZL2	LANC1_DANRE	lancl1		23055.7	23204.8	28946.6	28154.9	23045	20590.3	33217.7	31891.6	17146.5	23232	22232.6	20030.2	41429.8	37918.5	22376.5	24635
Q90ZN6	Q90ZN6_DANRE	mst1				26774.8	25584.4	21808.2		26747.8				26549.8	21104.5	18150.6		33662.2	31989.3
Q90ZZ8	Q90ZZ8_DANRE	aldh3a2a		50398.1	50592.9	51220.3	51249.2	51325.6	52800.2	62372.2	61292.9	64157.3	65961.1	48981.7	45341.4	48323.2	47661.9	52776.8	60342.3
Q91398	CSK2B_DANRE	csnk2b		155954	150894	148220	132410	164689	180053	162882	173641	152611	185758	120411	114655	129223	123088	188258	213879
Q91981	OTX2_DANRE	otx2		12879.3		10958.7	10783.7	14325	13756.8	10762.3	14622.8	7925.2	14769	11172.1	14833.9	14033.2	15991	12076.6	11114.9
Q92005	EF1A_DANRE	eef1a		1.04102e+06	1.09572e+06	958054	994601	965662	1.0438e+06	879518	930079	718103	989997	860316	883410	787232	836178	1.1222e+06	1.43401e+06
Q92047	PIMT_DANRE	pcmt		105393	96662.2	89592.4	92034.5	90123.9	89118.9	97537.4	86775.6	125068	92662	106752	106231	115106	109235	94022.7	90523.8
Q92051	CAHZ_DANRE	cahz		1.5668e+06	1.55293e+06	1.50118e+06	1.57816e+06	1.41869e+06	1.49654e+06	1.73664e+06	1.80169e+06	1.49181e+06	1.42979e+06	1.48654e+06	1.50261e+06	1.37252e+06	1.56458e+06	1.68655e+06	1.92828e+06
Q98870	Q98870_DANRE	mef2d		30089.7	26573.4	28937.4	33879.9	39024.2	34305	33677.4	33114.9	22253.7	24252.8	32651.5	35547	37008.3	35823.8	35532.1	33169.4
Q98874	ERH_DANRE	erh		146218	137215	146722	148848	162623	174179	153563	154446	164472	178081	138393	144455	128508	139523	194185	215694
Q98881	Q98881_DANRE	cpsf4		19894.5	17662.8	16144.3	14647	16381.1	15182.4	18927.6	17271.3	15125.1	15507.7	19446.8	18267.9	20269.8	21753.5	16853	16772.4
Q98SP7	BBS2_DANRE	bbs2		89074.2	86177.3	96082.9	94462.4	104013	110209	108019	107294	101815	95868.5	97265.2	99810.2	107964	105428	92855.3	103256
Q98SV1	SELPA_DANRE	sepp1a		9235.15	15633.8	14890.2	15196.7	15009.6	12174.1	14537.9	15846.9		14513.9	10301.8	14824.2	13497.9	12688.9	18309.5	17184.2
Q98T96	Q98T96_DANRE	cyp2ad2		16299.5	30934.4	34658.9	33584.6	27168.2	17198	10878.8	14088.7		21089	24655.7	17708.7	34009.7	19428	16381.7	25589.2
Q98TS3	Q98TS3_DANRE	hspbp1		38158.1	31023.7	30935.8	27050.4	29666	30048.4	35947	31320.1	25891.7	26504.4	36181.7	35217.7	34147.7	32156.2	32128.1	31325.1
Q98TT6	4EB3L_DANRE	eif4ebp3l		16816.2	25178.8	18274.8	22780.6	29578.8	26397.7	26584.5	25775.4	13984.2	17584.3	19045.7	24167.8	22977	21071.6	31989.6	30756.6
Q98TZ8	FLOT2_DANRE	flot2a		344301	337068	364944	392962	324888	325590	353928	368836	259454	273846	310995	305225	333783	350347	434737	450364
Q98UI8	Q98UI8_DANRE	casp3a		37865	39675.2	51646	44346.5	36349.1	32340.6	34190.4	32691.9	28611.7	27863.6	34141.2	34975.9	35128.2	35623.7	53132.1	50773
Q9DDE3	ACES_DANRE	ache		66024.5	62875.4	62048.5	54249.5	65271.3	59376.2	66996	67372	55007.1	62537.3	67004.1	62596.3	71722.6	58712.6	50624.9	70332.6
Q9DDG2	Q9DDG2_DANRE	mdkb		31140.6	32480.5	29081	27187.9	28293.2	31952.4	35800.1	38316	45797.1	53197.7	46061.2	39368.4	34918	31045.7	47871	54664.8
Q9DDJ0;cRAP-P63279	UBC9B_DANRE;cRAP-UBC9_HUMAN	cRAP-UBE2I;ube2ib		98632.5	99845.4	113614	111942	107158	106039	105091	108010	87665	77914.8	103890	95586.1	103214	104521	99387.2	89823.7
Q9DDT5	SPT5H_DANRE	supt5h		40272.3	37681.2	43829.2	41881.9	41941.7	41924.8	43567.5	40521.2	38660.9	32400.3	49173.3	46704.1	47316.9	46395.4	42210.1	43362.1
Q9DDU5	Q9DDU5_DANRE	gstp1.2		2.31066e+06	2.24557e+06	1.88945e+06	1.87982e+06	1.89094e+06	1.8626e+06	1.86773e+06	1.84537e+06	2.85892e+06	2.44425e+06	1.8836e+06	1.87561e+06	1.86319e+06	1.96332e+06	2.40198e+06	2.88793e+06
Q9DE44	Q9DE44_DANRE	cdk5		47711.6	42414.1	52426.9	52111.6	52900.3	49103.6	55162.1	52649.7	52584.2	51416.4	44607.7	47210.1	42697.3	39582.7	51797.4	54171.8
Q9DEU1	Q9DEU1_DANRE	atp1a1b		589378	611924	411757	408041	427839	442303	470317	469219	686424	746311	495213	486756	400214	410205	508884	545290
Q9DEY3	Q9DEY3_DANRE	atp1a1a.3		170387	184594	166185	126748	161419	179412	213479	210474	160718	151190	158454	139955	267980	254518	145535	148948
Q9DEY4	Q9DEY4_DANRE	atp1b1b		50964.9	43237.4	38140.1	35724.2	34856.4	35499.3	35701.5	36386.7	39837.4	44723	34975.8	36037.5	45707.8	38640	31685.1	32430.1
Q9DEY8	Q9DEY8_DANRE	lima1a		52997.6	49500.4	59306.7	67990.1	64713.5	69019	47942	61633.8	63671.7	70875.1	59273.6	55303.7	55889.4	54646	71806.9	64926.3
Q9DF20	Q9DF20_DANRE	fmr1		343582	294584		307307	401926	370527	303282	254798			343267	322726	378623	350619	369157	285418
Q9DF44	Q9DF44_DANRE	cbr1l		102489	108380	119886	126349	111204	119791	105277	118261	120583	109241	118634	128147	132844	138684	183242	211547
Q9DFG8	MKRN2_DANRE	mkrn2				12320.3	10987.7	11075.7	9012.76					12367.6	11686.6	12176.9	6642.3	16235.9	18005.6
Q9DFS6	IF4EA_DANRE	eif4ea		14080.3	9500.83	14817.8	22602.4	23503.5	15316.1	16476.5	9726.35	23755.7	16481.3	16377	17804.1	23419.5	17938.1	16921.8	13924.7
Q9DGE0	MP2K6_DANRE	map2k6		55264.3	53241	62197	62169	57675.9	60494.8	62540.8	59816.2	60707.1	78682.7	57173.7	57236.7	58663	59918.4	81507.5	107007
Q9DGE1	MK14B_DANRE	mapk14b		42439.2	42683	44240.8	40896	45573.1	51198.6	49855	47992.6	50574.3	38417.7	44170	43171.1	44559.7	44044.1	34144.8	36728.5
Q9DGI4	Q9DGI4_DANRE	atp1b3b		313735	309974	261217	264502	303719	298076	298812	293634	290548	331518	296376	286059	274143	284701	295056	313888
Q9DGJ3	NPC2_DANRE	npc2		26991.2	26493.3	39474.9	38400.5	42086.9	38678.6	40293.8	36387.4	36121.6	33549	31662.7	34894.9	33880.8	34594.2	36887.8	38237.2
Q9DGK4	TCTP_DANRE	tpt1		267053	283535	313179	314277	278781	304051	229490	243002	317834	293171	239638	225851	234923	240932	346487	371686
Q9DGL6	Q9DGL6_DANRE	atp1a1a.1		468427	479501	504349	491099	488228	494797	488727	522420	464268	528730	466355	453729	446661	488766	557267	632116
Q9I8N9	Q9I8N9_DANRE	fabp7a		445947	436038	555531	557156	527422	539823	418373	406951	633948	534298	541890	579369	490817	504532	659128	736472
Q9I8P3	NPY_DANRE	npy		21841.6	27998.5	12498.4	15335.2	29660.5	30876.5	25190.1	24620.2	41512.1	49153.1	28023.6	30964.9	27691.4	27359.8	34304.5	36112.7
Q9I8U7	Q9I8U7_DANRE	mylz3		198209	167381	148093	125855	164150	154421	154276	158538	154553	117326	185635	171758	173078	167733	312650	290562
Q9I8V1	Q9I8V1_DANRE	actc1b							5175.04									17512.3	
Q9I9E5	Q9I9E5_DANRE	snrpb		388898	359732	321310	312667	361159	335188	405782	391479	224859	283885	358040	329549	395000	404150	241137	228819
Q9I9E6	Q9I9E6_DANRE	gart		8318.26	9017.73	11470.9	8122.32	9663.84	12889.9	11871.8	12509.5	7313.44	11112.4	9499.59	5768.69	11286.9	8355.75	13923.4	15174.1
Q9I9E8	Q9I9E8_DANRE	gabpa		21747.7	24233	31332.4	34400	24803.3	34357.3	16049	35012.1	36915.2	44974.4	10309.1	16341.6	10516	13731.7	57001.6	59741.3
Q9I9E9	Q9I9E9_DANRE	eif2s1b		55932.7	60679.7	58195.1	65669	57324	69458.9	53886	65487.9	78469	77878	61901.1	53264.3	53539.6	48013.3	88050.3	91247.1
Q9I9N0	DAP1B_DANRE	dap1b		44279.4	44307.1	53107.2	54082.3	33034.6	40075.9	32062.3	28976.6	36086.7	30644.1	30298.6	31049.1	35584.2	34995.2	32188.6	40077.7
Q9I9N1	DAP1A_DANRE	dap		19009.5	18229.2	17244.4	16121.4	16428.2	22032.9	20880.7	15711.9	24707.1	16787.1	21390.4	23068.3	26790.5	27471.1	14134.9	14499
Q9I9N6	ASC_DANRE	pycard		14466.3	15909.2	12780.9	10900.4	17462.6	17644	10521.9	11906.9	11952.3	15234.5	10683.1	11189.7	10899.4	15191.4	30750.2	30465.9
Q9I9P6	Q9I9P6_DANRE	stx1b		890329	939311	973091	1.00261e+06	905288	974183	818855	944877	1.30779e+06	1.21464e+06	978274	885234	921266	850813	1.35221e+06	1.452e+06
Q9IAA9	Q9IAA9_DANRE	men1		10875.2	9705.86	11457.8	12677.8	11601.2	13448.2	11643.6	11987.3	11630.5	7918.36	7294.31	6845.22	5404.92	7685.5	15136.7	14567.4
Q9IB48	Q9IB48_DANRE	copz1		8954.48	13437	15866.3	18829.9	11986.1	18671.5	11190.2	15475.3		33712.3			11582.9		53165.3	89550
Q9IBD0	CELF1_DANRE	celf1		32055.6	33247	31117.6	32471.8	31189	32603.8	32168.9	30848.6	42857.6	34369.5	27058.7	26130.4	34173.8	34285.4	41268.9	41995.6
Q9IBD1	CELF3_DANRE	celf3		91656.6	93203.2	100573	105899	103668	103308	95562.1	99231	91462.1	107016	103186	106143	89009.3	86357	103619	108378
Q9MIX8	CYB_DANRE	mt-cyb		92694.4	84159.8	29278.7	33717.6	42527.6	53411.8	85648.8	84194.9	42023.1	58022.6	50984.5	42623.1	76972.8	67212.8	28369.6	20368.3
Q9MIY0	NU5M_DANRE	mt-nd5		90103.8	85702.2	113615	125005	118729	132598	110778	112060	111858	165791	106956	98937	79861.1	94202.8	102064	126969
Q9MIY1	NU4M_DANRE	mt-nd4		225435	233177	230466	230728	232692	237132	272688	261512	330525	353579	222825	204550	218526	216917	127940	131252
Q9MIY3	NU3M_DANRE	mt-nd3		19830.3	16768	35360.6	38678.6	33031.3	32889.6	35854.1	36069.3	82053.7	76228.7	22500.8	19553.5	16549.9	18069.1	43507.4	54555.3
Q9MIY4	COX3_DANRE	mt-co3		11637.4	13428.6	14143.5	11566.6	19636.3	18384.6	17994.8	13780.5	41555.3	17566.6	17942.1	16162.3	14938	11820.1	10854.9	9035.63
Q9MIY5	ATP6_DANRE	mt-atp6		55240	56526.1	11937.2	12859.3	42075.4	48056.8	111958	114662	53884.3	60090.5	25901.7	30186.9	55944.7	60060.4	18286.7	19240.9
Q9MIY6	ATP8_DANRE	mt-atp8		373120	396824	260304	279110	384081	373717	391908	334670	597305	560977	408914	396730	401149	400539	417772	551140
Q9MIY7	COX2_DANRE	mt-co2		505927	545275	566568	496460	520582	532442	483972	450185	580676	479248	442713	488951	559698	632898	464586	474679
Q9MIY8	COX1_DANRE	mt-co1		19585	16803	12082.7		17927.5	21492.3	28908.5	27963.9		21002.6	15435	14953.4	14514.7	17857.7		
Q9MIY9	NU2M_DANRE	mt-nd2		48058.4	49298	34802.4	31452.9	46259.9	38059.7	71407.8	73526.9	44195.1	50179.3	45213.7	41171	55613.7	58080.6	27324.3	24526.5
Q9MIZ0	NU1M_DANRE	mt-nd1		6916.39	9505.94	12582.9	11781.8	11662.3	13905	10525.7	12334.1	3460.06	5742.24	4817.96	7809.1	10551.6	8236.56	4077.93	4334.64
Q9PT92	CATA_DANRE	cat		280512	284326	229262	228306	245464	265032	315311	318875	243074	273695	288829	268129	318356	341421	217131	202498
Q9PTF3	NDK3_DANRE	nme3		683136	636057	606908	615350	504820	492918	552842	536892	971808	805967	445385	469768	459282	448990	547943	578370
Q9PTH5	Q9PTH5_DANRE	psme1		49388.4	47777	57968.1	57750	98047.1	105928	50884.5	55905.2	121330	104472	59443.5	62976.6	71164.3	76861.7	72758	74259.2
Q9PTP1	PCNA_DANRE	pcna		15398.7	15700.9	15331.3	20968.2	19953.8	17612.6	20494.3	19725.9	15830.1	19028.4	18097.1	18257.6	14752.5	14630.8	24216.5	26022.7
Q9PTS2	DCUP_DANRE	urod		120019	112401	108770	107205	120180	118235	121043	116645	131538	118082	126788	133064	141356	150405	115314	117730
Q9PTS6	Q9PTS6_DANRE	chico		9192.89	11971.3	11881.9	12361	9379.13	9816.75	12225.9	13392.8		14636.7	10649.6	12014.6	3151.6	8480.45	14561.1	15337.9
Q9PU58	NIPS2_DANRE	nipsnap2		684064	690820	591786	591953	657281	624064	611375	604980	689993	658522	593837	588606	593285	596559	531109	564185
Q9PUC4	Q9PUC4_DANRE	psme2		67638.4	69368.2	76218.6	73154.8	132694	120986	72469.3	78915.1	81093.3	83064.5	72324.4	75537.7	125547	115131	73401.9	70442
Q9PUE4	COPG2_DANRE	copg2		82566	82351.1	78836.7	80231.6	87729.4	91736.9	82667.1	81745.9	100369	105779	90360.4	87666.5	98617.8	94519.3	89652.5	87158.5
Q9PUL9	Q9PUL9_DANRE	mtch2		157826	159063	121099	131528	153209	148844	166284	172924	198934	180729	180528	175214	161030	158133	132304	132805
Q9PUQ6	Q9PUQ6_DANRE	tmod4		1795.72		3702.18		5095.32	4327.25		3700.95			4711.69				5525.91	7389.96
Q9PUR2	Q9PUR2_DANRE	cryaba				19745.4	18192.8		8329.31					92213.3	99613.8	9888.88		16842.6	
Q9PUS6	Q9PUS6_DANRE	psmb12		7656.02	6535.39	6155.6	5527.73	14989.9	18454.2	10232	8642.07	21433.2	11287.9	15259.8		16405.6	16208.5	7132.69	6089.38
Q9PV90	RLA0_DANRE	rplp0		496753	480152	466706	477469	478751	481354	500313	484788	505120	560016	533431	502721	512599	544322	537528	521669
Q9PVF7	PLAKA_DANRE	jupa		43718.2	44452.1	27723.3	23354.3	24620	23346.5	17275.1	19701.3	15793.3	20153.6	18485.5	24755.1	20420.2	19598.4	46958.7	48459.7
Q9PVF8	CTNA1_DANRE	ctnna1		51368.2	52737.3	55340.3	56522.4	48654.6	53696.6	49847.3	48605.1	50822.4	50811.7	51740.1	54961.3	52810.4	50714.6	67844.5	72744.7
Q9PVK4	LDHBA_DANRE	ldhba		3.27866e+06	3.32347e+06	3.123e+06	3.16989e+06	3.07269e+06	3.1135e+06	2.9602e+06	2.99816e+06	3.18254e+06	3.55058e+06	2.86858e+06	2.85343e+06	2.77239e+06	2.80403e+06	3.59472e+06	3.83624e+06
Q9PVK5	LDHA_DANRE	ldha		1.11102e+06	1.0406e+06	984194	1.00763e+06	1.3117e+06	1.32353e+06	1.25463e+06	1.22987e+06	1.67512e+06	1.70038e+06	1.28425e+06	1.28179e+06	1.09389e+06	1.02247e+06	1.28797e+06	1.39916e+06
Q9PW80	IF2B3_DANRE	igf2bp3		31548.3		33334.7	36088		46499.9		43664.6	27063.4		19474.2		28969.6	27472.1	39360.3	
Q9PWD8	Q9PWD8_DANRE	cyt1		34041															
Q9W6A5	OPSG1_DANRE	opn1mw1		4021.34		57783.2	57737.4	105434	107285	105432	108152	36146	37583.1	71047.6	76292.1	87275	70982.9	54251.7	64921.5
Q9W6A6	OPSG4_DANRE	opn1mw4		92440.1	108133	155831	185821	193901	186721	235755	244003	198274	225065	152562	163078	97443.4	84405.5	191155	194439
Q9W6A7	OPSR1_DANRE	opn1lw1		1.59923e+06	1.73143e+06	1.68602e+06	1.75933e+06	1.84472e+06	1.9346e+06	2.13186e+06	2.16015e+06	1.83966e+06	2.16067e+06	1.51265e+06	1.36884e+06	1.57694e+06	1.58245e+06	1.66591e+06	1.74325e+06
Q9W6A8	OP1S2_DANRE	opn1sw2		859383	926043	1.11627e+06	1.08792e+06	1.70677e+06	1.71218e+06	1.43165e+06	1.43856e+06	2.08732e+06	1.9142e+06	1.84776e+06	1.65711e+06	1.24032e+06	1.51651e+06	1.51664e+06	1.4874e+06
Q9W6A9	OP1S1_DANRE	opn1sw1		2.08714e+06	2.08503e+06	2.95291e+06	2.9579e+06	3.72939e+06	3.87931e+06	3.65898e+06	3.73101e+06	3.71404e+06	3.27407e+06	3.07882e+06	2.92948e+06	2.88753e+06	2.95931e+06	3.37204e+06	3.61231e+06
Q9W735	PRM1A_DANRE	prom1a		25627.2	28606	33901.5	30034.7	34753	38234.5	34607.6	35046	30127.4	31315.7	37369.7	34955.3	31604.7	29046.6	35488.3	39966.9
Q9W762	TIM9_DANRE	timm9		38864.6	45731.4	35033.7	39398.5	36265.2	38134.6	39277.3	40947.6	42063	40704.5	31312.2	32987.4	36271.9	45492.7	59022.5	53189.9
Q9W767	Q9W767_DANRE	mdka		41713.7	46238.7	53834.3	61129	53674.1	68976.6	44309.2	62115.2	72998.2	86723.7	47422	51473.1	29611.2	36815.7	101850	121713
Q9W792	Q9W792_DANRE	tcp1		192588	197756	217556	236772	204420	232380	190077	209138	188386	250948	180178	184912	164542	164597	268242	290169
Q9W7R3	TEN4_DANRE	tenm4		15436.3	23648.4	22081.5	20475.3	21703.4	17377.9	16819.8	24021.9		23545.2	17950.6	15392.8	15480.7	9115.86	24592.6	26443.7
Q9YGC9	Q9YGC9_DANRE	sms		128886	132523	111270	114670	98997.1	102330	125009	115762	86450.5	92694.2	132162	142799	159178	143402	91936	92882.9
Q9YGV3	Q9YGV3_DANRE	ahr2		7243.4	11471.2	16642.7	7959.42	11897.9	4176.48	7772.03	5448.1			11341.3	3004.32	18115	20431.9	10405.2	
Q9YH61	Q9YH61_DANRE	gsk3ab		78538	74188.6	71527	70210.6	79554.8	75981.6	86608.5	82931.2	63488.3	81879.1	88145.8	93020.5	88029	93307.7	90483	108109
Q9YHX5	Q9YHX5_DANRE	vim		270880	297152	300372	316046	280409	315476	247271	268111	283974	321927	238408	235181	276362	287187	388404	423151
R4GDP5	R4GDP5_DANRE	api5		147341	154994	153137	153691	141922	139050	152043	152858	138369	136149	143301	141010	157638	151289	148819	144726
R4GDQ0	R4GDQ0_DANRE	tpp2		125187	122918	126920	119194	111038	111416	131931	123930	112070	106329	120351	116277	108513	116288	103732	108308
R4GDR2	R4GDR2_DANRE	snrpb2		53309.7	59222.4	65937.1	64566.2	51189.8	62304.6	64296.5	61833.7	79089.6	74505.8	69347	65327.8	58049.4	51106.9	56416.6	60744.3
R4GE15	R4GE15_DANRE	si:ch211-113a14.22		681546	658007	738303	784860	686541	685850	743545	609918	704186	690536	833291	804884	769278	741918	1.04612e+06	1.09622e+06
R4GE22	R4GE22_DANRE	scaf4b		34740.4	35992.5	38235.3	35140.6	27803.1	36725.4	36724.1	33293.3		31469.1	41251.6	37610.7	31830.4	35847.7	29997.3	28684.3
R4GE89	R4GE89_DANRE	hemgn		6598.69		11234.5	7445.65	8091.62	7149.51	9482.39	6921.89			12521.6	11892.4	16201.1	16208.7	10539.4	10391.2
R4GEQ7	R4GEQ7_DANRE	mfap4.8				11764.3	13791	32579.3	30268.7					25778.7	28665.3	30842.2	29123.9		10753.1
R4GEU0	R4GEU0_DANRE	aclyb				1600.41	1274.39	1176.5					1076.42						
U3JAD1	U3JAD1_DANRE	adam17b		7772.63		4708.12	7858.77	7161.78	4687.08	7448.46	7397.58		3807.92	6990.03	10702.1	10571.1	10463	5856.16	4514.62
U3JAG2	U3JAG2_DANRE	si:ch73-127m5.2					22782.3								34491.3				
U3JAH9	U3JAH9_DANRE	bub3		118946	107233	119826	117364	126880	111612	124687	115998	113411	112767	139242	134411	135403	133867	109639	109813
U5U756	U5U756_DANRE	dmxl2		120310	122010	111218	111095	124367	124100	125405	129569	150860	150448	125532	120281	123434	128094	133527	142905
X1WBB9	X1WBB9_DANRE	nova2		140697	134815	146891	140864	124400	129156	129541	130258	141801	146018	128931	134300	133931	151018	151184	185336
X1WBG0	X1WBG0_DANRE	si:dkey-204f11.64		32443.9	42596.3	53132.3	52659.3	44619.1	56533.3	33605.8	45091.3	34788.3	70894.3	38720.9	39928	14723.7	25416	92783.7	107146
X1WBJ0	X1WBJ0_DANRE	trim65		24999.3	28882.7	29529.2	32092.9	27933.8	28959.2	28617.4	27748.4	32990.3	37263.6	29868.1	25904.8	27242.3	27243	28941.2	38856.5
X1WBL9	X1WBL9_DANRE	muc5.1		12989	9195.61						3617.41			7530.69	7277.98			36752.3	39963.6
X1WBR5	X1WBR5_DANRE	hspa4l		140886	145347	129673	129337	141514	147957	130525	131311	136204	179041	134631	135304	125563	124665	174540	183562
X1WCB3	X1WCB3_DANRE	ppm1j		28843	42592.1	45100.6	30785.5	27551.9	31092.1	25580.9	32664.1	39546.1	32674.4	32060.2	32749.2	19270	22613.2	38572.5	43266
X1WCD3	X1WCD3_DANRE	slirp		192782	170984	138557	127799	165834	152168	175951	158286	167541	186576	241759	241060	276898	239923	165393	149970
X1WCG6	X1WCG6_DANRE	si:dkey-7i4.24					7718.24	7984.31	7514		5009.61							6044.69	5494.67
X1WCH5	X1WCH5_DANRE	znf839		30649.2	27387.6	32401.5	31514.2	35620.4	31393.6	33542.2	29367.7	31892	29424.4	34846.8	32838	35186	31037.5	32934.8	31187.2
X1WCJ5	X1WCJ5_DANRE	ppfia3		9534.26	12880.5	8353.58	12560.1	13503.5	10728.1	14680.1	14447.6	10841.5	9578.48	12597.5	13071.4	15057	15093.9	10496.5	12404.7
X1WCQ3	X1WCQ3_DANRE	sv2bb		32324.7	35821.2	23351.1	30226.9	43648.6	34840.9	34577.2	34172	41797.3	47719.9	42144	40198.2	32015.2	35943.4	38805.6	45685
X1WD69	X1WD69_DANRE	si:ch211-59o9.8				5717.6		7179.82		6899		14509.2	11024.9	12411.6	14879.2	14570.5	13591.9	6607.11	6564.02
X1WD76	X1WD76_DANRE	hephl1a		27353	30207.9	32549.7	30148.7	38048	39689.5	34871	33253.1	35927.3	38841.1	34805.8	32329.4	29814.4	37099.2	34280.2	35569.8
X1WDB0	X1WDB0_DANRE	map1ab		109928	106805	90804.7	89880.2	107268	108471	106035	103980	125676	122237	125450	123646	115267	117898	96350.8	96873.9
X1WDH8	X1WDH8_DANRE	si:dkey-261m9.19		4.44831e+06	4.47755e+06	4.87331e+06	4.95901e+06	5.19627e+06	5.24298e+06	5.48546e+06	5.48826e+06	5.47103e+06	4.75961e+06	4.47358e+06	4.42352e+06	4.5021e+06	4.63922e+06	5.56052e+06	5.94363e+06
X1WDJ4	X1WDJ4_DANRE	si:dkey-248g15.3		37784.5	41829													65954	59462.1
X1WDS4	X1WDS4_DANRE	ppp2r2aa		30913.3	30109.6	29585	28172.5	30522.7	32697.3	35648.9	35043.3	29675.2	34083.4	35852.6	34402.4	32237.6	38056	34339.9	34960.1
X1WDT8	X1WDT8_DANRE	afg1la		19659.6	19256.1	11435.3	5831.52	9041.76	11154.7	12559.2	13111.6	9352.57	12209.8	14041.8	14846.5	17031.9	17425.8	8144.42	
X1WE18	KANK2_DANRE	kank2		39001.1	41004.5	39178.7	42000	38161.6	35047.9	34834.6	27376	21907.2	27349.4	39362	36180.8	24919.7	25398.5	47981.3	51039.9
X1WEB0	X1WEB0_DANRE	itpk1b		22147.6	24255	14440.4	17441.7	16888.6	18014.3	17690	15921.5	23076.7	23744.4	19719.7	21794.8	19672.4	16774.6	18413.3	19780
X1WEE1	X1WEE1_DANRE	slc6a17		70027.1	66573	71767.1	56915.3	62414.9	64106.6	67053.2	60583.4	88243.6	81033.9	80415.8	73999.5	80483.1	79477.5	68806.9	66331.9
X1WEE6	X1WEE6_DANRE	fam98a			3408.32		3733.91	3716.48	5457.22		4736.68	6654	9978.32					10467.6	10576.6
X1WEJ6	X1WEJ6_DANRE	nomo		72160.7	70038.7	71148.7	74414	84401.6	89445.3	92221.6	87866.4	92778.3	90265.7	73686.9	75876.3	78631.4	76281	89059.4	94241.6
X1WER2	UBA5_DANRE	uba5		39743.2	41273.5	52645	52053.5	53237.1	59722.5	54068.5	58674.4	52623.4	67995.5	38834.2	41444.3	51019.6	44110	66448.8	71350.7
X1WET9	X1WET9_DANRE	eif3ba		60600.4	60410.8	59236.9	58944.1	59640.6	62601.9	62932	71364.9	57741.1	61816	52456.3	54875.9	56854	58109.9	68621	72278.3
X1WEX1	X1WEX1_DANRE	itgae.1			11375.5		10683.8	12468	12657.9	13791.2	11006.1	18257	10839	10930.3			11308.6	32124.1	42713.1
X1WF09	X1WF09_DANRE	plekhb1		363920	344114	329520	315087	341904	325589	379947	314586	282531	286345	376096	377225	480087	488779	256478	224483
X1WFI9	X1WFI9_DANRE	hmgb1b		182766	197055	223981	229365	201656	220260	181721	190993	136269	157941	145745	134952	162350	149676	206299	214083
X1WFU2	X1WFU2_DANRE	svip		50555	58091.7	46959	50291.5	40079.3	46862	41327.2	55335.1	75226.7	67224.7	75369.6	74570.8	46369	54924.8	64704.9	72714
X1WFY6	X1WFY6_DANRE	tecpr1b		7145.47			7000.08	7868.67		8280.68						9890.33	7039.09	7440.17	
X1WGA8	X1WGA8_DANRE	taok1a		15821	18349	15804.2	16214.7	16514.8	16728.3	17226.1	18984.4	12551.4	16086.9	19792.7	18693.1	19798	17907.6	14844.9	15480
X1WGC6	X1WGC6_DANRE	si:ch73-206p6.1		47937	47024	52277	53458.8	63017.6	55151.9	61308.9	57972.6	49782.3	52628.2	57563.5	56133.6	61719.6	50390.9	41241.7	43416
X1WGE9	X1WGE9_DANRE	polr1g		9006.25		9516.52			6365.66	7543.85	4880.7		11058.2	7175.46	10044		5899.61		7949.16
X1WGJ5	X1WGJ5_DANRE	lypc		1.00653e+06	1.00851e+06	723752	718717	652286	608295	921145	825510	746835	622123	974886	908900	1.05527e+06	999978	941504	1.0154e+06
X1WGV5	CCD32_DANRE	ccdc32		10419.5	4068.05	8257.37	8113.45	9000.62	7197.21	7988.34	7172.21	8458.93	7891.44	10887.4	10451.4	9034.6	9224.71	7556.51	7405.83
X1WGX5	PUM3_DANRE	pum3		12311.6		11486.3	14224.4	14536.8	14442.2	18328	15714.1	17115.6				9659.53	10215.1	13001.1	
X1WH50	X1WH50_DANRE	si:ch211-137a8.4		369375	369025	441739	430162	369958	370795	354361	377964	453476	432274	427376	430919	395982	348169	487901	482233
X1WHJ8	X1WHJ8_DANRE	pet100		156257	167994	174348	187336	192633	183585	268798	265695	62618.6	62843.4	93088.7	87074.3	131111		117460	114993
X1WHJ9	X1WHJ9_DANRE	sypl1		11597.6	10893.8	7827.21	8425.43	9614.49	9676.33	14340.9	12978.5	9049.71	8619.36	10719.8	11608.3	11219.5	12305.8	9092.17	8657.39
X1WHN7	X1WHN7_DANRE	cdc73		36918.8	39663.9	40227.8	39009.1	39945.2	37456.2	40239.8	36830	51341.3	44565.2	48690.6	47725.1	40679.8	44366.4	36134.6	43549.9
X1WHQ5	X1WHQ5_DANRE	mrpl12		34630.1	37491.4	26710.5	33806.6	30208.8	31042.2	25549.5	25399.6	32733	34184.4	25380.4	29550.3	25013.4	23157.6	27053.4	41448.7
X1WHV8	X1WHV8_DANRE	dhx32b		3472.1	2636.1	3675.79	3723.79	2367.43	2424.92	3721.99	3711.68		4942.36	2511.47	2916.71	2819.24	5960.68	2217.36	2905.63
cRAP-P00761	cRAP-TRYP_PIG			357092	357180	373155	359259	373470	361784	395202	380901	550803	437163	417701	397743	357671	340383	480446	605147
cRAP-P04264	cRAP-K2C1_HUMAN	cRAP-KRT1		15677.4	13776	45931	52771.2	80199.5	71535.4	569263	573564	40725.6	47198.4	32729	31901.1	20486.2	20701.7	68047	64594.9
cRAP-P10636	cRAP-TAU_HUMAN	cRAP-MAPT		69495.7	63248.6	40788.2	52482.8	66614.1	69100.8	98560.5	105921	94335.3	92994.3	56266.7	57039.2	64776.8	66728.4		72267.3
cRAP-P13645	cRAP-K1C10_HUMAN	cRAP-KRT10				18268.8	20333.4	69218.9	72060.1	284424	288794	65923.1	29972.4	25022.5	24273.8	10509.6	9910.13	57040.9	111397
cRAP-P35527	cRAP-K1C9_HUMAN	cRAP-KRT9								138175	145485	14923.5	19497.5			15739.5	6833.52		25129.2
cRAP-P35908	cRAP-K22E_HUMAN	cRAP-KRT2					38497.9	34484.3	34830.3	125067	130905							43004.5	60108.6
